date,us_oneq_spy_z252,china_510300_510210_z252,gold_cny,money511990_cny,sp500,spy_tr,nasdaq,oneq_tr,shanghai_composite,etf510210_cny,csi300,etf510300_cny,gross
2002-09-06,,,0.3477688416,0.0000000000,0.0000000000,0.0000000000,0.0117619155,0.0000000000,0.0000000000,0.0000000000,0.0000000000,0.0000000000,0.3595307570
2002-12-05,,,0.0000000000,0.0000000000,0.0000000000,0.0000000000,0.0000000000,0.0000000000,0.0000000000,0.0000000000,0.0000000000,0.0000000000,0.0000000000
2002-12-09,,,0.6930061213,0.0000000000,0.0000000000,0.0000000000,0.0127644098,0.0000000000,0.0000000000,0.0000000000,0.0000000000,0.0000000000,0.7057705312
2003-03-04,,,0.3637492549,0.0000000000,0.0000000000,0.0000000000,0.0115599540,0.0000000000,0.0000000000,0.0000000000,0.0000000000,0.0000000000,0.3753092089
2003-03-10,,,0.3303110819,0.0000000000,0.0000000000,0.0000000000,0.0087124068,0.0000000000,0.0000000000,0.0000000000,0.0000000000,0.0000000000,0.3390234888
2003-04-30,,,0.4202247282,0.0000000000,0.0000000000,0.0000013772,0.1890384530,0.0000000000,0.0000000000,0.0000000000,0.0000000000,0.0000000000,0.6092645585
2003-06-09,,,0.6263309311,0.0000000000,0.0000000000,0.0000015944,0.3736674745,0.0000000000,0.0000000000,0.0000000000,0.0000000000,0.0000000000,1.0000000000
2003-08-19,,,0.2720835926,0.0000000000,0.0000000000,0.3230519336,0.4048644739,0.0000000000,0.0000000000,0.0000000000,0.0000000000,0.0000000000,1.0000000000
2003-09-05,,,0.1913981974,0.0000000000,0.0000000000,0.2481713769,0.4411054763,0.0000000000,0.0000000000,0.0000000000,0.0000000000,0.0000000000,0.8806750506
2003-11-12,,,0.3158856209,0.0000000000,0.0000000000,0.3592005221,0.0000000000,0.3249138570,0.0000000000,0.0000000000,0.0000000000,0.0000000000,1.0000000000
2004-02-05,,,0.1826282690,0.0000000000,0.0000000000,0.3100840684,0.0000000000,0.2321046477,0.0210982244,0.0000000000,0.0183848001,0.0000000000,0.7643000097
2004-02-19,,,0.0000000000,0.0000000000,0.0000000000,0.0000000000,0.0000000000,0.0000000000,0.0000000000,0.0000000000,0.0000000000,0.0000000000,0.0000000000
2004-04-29,,,0.2212689466,0.0000000000,0.0000000000,0.2193765466,0.0000000000,0.1810382290,0.0000000000,0.0000000000,0.0000000000,0.0000000000,0.6216837222
2004-06-08,,,0.1493319003,0.0000000000,0.0000000000,0.2308229185,0.0000000000,0.1879702241,0.0000000000,0.0000000000,0.0000000000,0.0000000000,0.5681250428
2004-06-10,,,0.1399613934,0.0000000000,0.0000000000,0.3774698466,0.0000000000,0.1899650362,0.0000000000,0.0000000000,0.0000000000,0.0000000000,0.7073962762
2004-06-28,,,0.1616318257,0.0000000000,0.0000000000,0.4359140688,0.0000000000,0.2193776075,0.0000000000,0.0000000000,0.0000000000,0.0000000000,0.8169235020
2004-07-05,,,0.1590325909,0.0000000000,0.0000000000,0.2458173150,0.0000000000,0.2001808837,0.0000000000,0.0000000000,0.0000000000,0.0000000000,0.6050307897
2004-07-22,,,0.3318306430,0.0000000000,0.0000000000,0.1353947116,0.0000000000,0.2042462607,0.0000000000,0.0000000000,0.0000000000,0.0000000000,0.6714716154
2004-09-08,,,0.3409979303,0.0000000000,0.0000000000,0.1391351805,0.0000000000,0.2098888504,0.0000000000,0.0000000000,0.0000000000,0.0000000000,0.6900219612
2004-09-10,,,0.6254344022,0.0000000000,0.0000000000,0.0000000000,0.0000000000,0.1320084047,0.0000000000,0.0000000000,0.0000000000,0.0000000000,0.7574428068
2004-12-07,,,0.5500019847,0.0000000000,0.0000000000,0.0000000000,0.0000000000,0.1512405878,0.0000000000,0.0000000000,0.0000000000,0.0000000000,0.7012425725
2005-03-31,,,0.1891933035,0.0000000000,0.0000000000,0.2428947415,0.0000000000,0.1547945210,0.0000000000,0.0000000000,0.0000000000,0.0000000000,0.5868825660
2005-05-24,,,0.2281523580,0.0000000000,0.0000000000,0.2929121010,0.0000000000,0.3138267607,0.0000000000,0.0000000000,0.0000000000,0.0000000000,0.8348912197
2005-06-09,,,0.1072511531,0.0000000000,0.0000000000,0.2118365847,0.0000000000,0.2167166158,0.0000000000,0.0000000000,0.0000000000,0.0000000000,0.5358043537
2005-09-07,,,0.1623043682,0.0000000000,0.0000000000,0.2468311977,0.0000000000,0.1557528591,0.0000000000,0.0000000000,0.0000000000,0.0000000000,0.5648884250
2005-09-15,,,0.4454029355,0.0000000000,0.0000000000,0.0000000000,0.0000000000,0.1319480521,0.0000000000,0.0000000000,0.0000000000,0.0000000000,0.5773509876
2005-12-06,,,0.7656664306,0.0000000000,0.0000000000,0.0000000000,0.0000000000,0.2343335694,0.0000000000,0.0000000000,0.0000000000,0.0000000000,1.0000000000
2006-03-07,,,0.2784228208,0.0000000000,0.0000000000,0.0000000000,0.0000000000,0.3047680792,0.4168091000,0.0000000000,0.0000000000,0.0000000000,1.0000000000
2006-05-29,,,0.1028999369,0.0000000000,0.0000000000,0.2727454169,0.0000000000,0.1839536241,0.0076698597,0.0000000000,0.0175025786,0.0000000000,0.5847714161
2006-08-16,,,0.1772261280,0.0000000000,0.0000000000,0.6208956012,0.0000000000,0.1649428419,0.0176209596,0.0000000000,0.0193144693,0.0000000000,1.0000000000
2006-10-03,-1.1300496982,,0.1772261280,0.0000000000,0.0000000000,0.4244359904,0.0000000000,0.3614024527,0.0176209596,0.0000000000,0.0193144693,0.0000000000,1.0000000000
2006-10-05,-0.8322752181,,0.1772261280,0.0000000000,0.0000000000,0.6208956012,0.0000000000,0.1649428419,0.0176209596,0.0000000000,0.0193144693,0.0000000000,1.0000000000
2006-11-08,-0.4604229391,,0.2757056940,0.0000000000,0.0000000000,0.5003580199,0.0000000000,0.2239362861,0.0000000000,0.0000000000,0.0000000000,0.0000000000,1.0000000000
2006-11-10,-0.3194515627,,0.2883191077,0.0000000000,0.0000000000,0.2984200854,0.0000000000,0.2542948373,0.1589659697,0.0000000000,0.0000000000,0.0000000000,1.0000000000
2006-11-13,-0.1716287518,,0.3008396768,0.0000000000,0.0000000000,0.0979685714,0.0000000000,0.2844299258,0.3167618260,0.0000000000,0.0000000000,0.0000000000,1.0000000000
2006-12-05,-0.0038324969,,0.2961015161,0.0000000000,0.0000000000,0.0000000000,0.0000000000,0.3659786851,0.3379197988,0.0000000000,0.0000000000,0.0000000000,1.0000000000
2007-02-05,-0.3868465705,,0.2535857315,0.0000000000,0.0000000000,0.1140178942,0.0000000000,0.2961654164,0.2201306520,0.0000000000,0.1161003058,0.0000000000,1.0000000000
2007-05-01,-0.3021200716,,0.2406343152,0.0000000000,0.0000000000,0.0072800657,0.0000000000,0.5920990791,0.0808953756,0.0000000000,0.0790911643,0.0000000000,1.0000000000
2007-05-16,-1.2390944428,,0.2406343152,0.0000000000,0.0000000000,-0.1425647205,0.0000000000,0.7419438653,0.0808953756,0.0000000000,0.0790911643,0.0000000000,1.1425647205
2007-05-22,-0.7157874851,,0.2406343152,0.0000000000,0.0000000000,0.0072800657,0.0000000000,0.5920990791,0.0808953756,0.0000000000,0.0790911643,0.0000000000,1.0000000000
2007-05-25,-1.0694090600,,0.2406343152,0.0000000000,0.0000000000,-0.1425647205,0.0000000000,0.7419438653,0.0808953756,0.0000000000,0.0790911643,0.0000000000,1.1425647205
2007-05-28,-0.8100942754,,0.2406343152,0.0000000000,0.0000000000,0.0072800657,0.0000000000,0.5920990791,0.0808953756,0.0000000000,0.0790911643,0.0000000000,1.0000000000
2007-07-06,1.1539456636,,0.2406343152,0.0000000000,0.0000000000,0.1571248520,0.0000000000,0.4422542929,0.0808953756,0.0000000000,0.0790911643,0.0000000000,1.0000000000
2007-07-09,0.9754886902,,0.2406343152,0.0000000000,0.0000000000,0.0072800657,0.0000000000,0.5920990791,0.0808953756,0.0000000000,0.0790911643,0.0000000000,1.0000000000
2007-07-10,1.0027188622,,0.2406343152,0.0000000000,0.0000000000,0.1571248520,0.0000000000,0.4422542929,0.0808953756,0.0000000000,0.0790911643,0.0000000000,1.0000000000
2007-07-12,0.9464921955,,0.2406343152,0.0000000000,0.0000000000,0.0072800657,0.0000000000,0.5920990791,0.0808953756,0.0000000000,0.0790911643,0.0000000000,1.0000000000
2007-07-13,1.1734273872,,0.2406343152,0.0000000000,0.0000000000,0.1571248520,0.0000000000,0.4422542929,0.0808953756,0.0000000000,0.0790911643,0.0000000000,1.0000000000
2007-07-17,0.9392468968,,0.2406343152,0.0000000000,0.0000000000,0.0072800657,0.0000000000,0.5920990791,0.0808953756,0.0000000000,0.0790911643,0.0000000000,1.0000000000
2007-07-18,1.2784510444,,0.2406343152,0.0000000000,0.0000000000,0.1571248520,0.0000000000,0.4422542929,0.0808953756,0.0000000000,0.0790911643,0.0000000000,1.0000000000
2007-07-25,0.9639194878,,0.2406343152,0.0000000000,0.0000000000,0.0072800657,0.0000000000,0.5920990791,0.0808953756,0.0000000000,0.0790911643,0.0000000000,1.0000000000
2007-07-26,1.0611956890,,0.2406343152,0.0000000000,0.0000000000,0.1571248520,0.0000000000,0.4422542929,0.0808953756,0.0000000000,0.0790911643,0.0000000000,1.0000000000
2007-08-01,0.9865042522,,0.2406343152,0.0000000000,0.0000000000,0.0072800657,0.0000000000,0.5920990791,0.0808953756,0.0000000000,0.0790911643,0.0000000000,1.0000000000
2007-08-03,1.0120181640,,0.2406343152,0.0000000000,0.0000000000,0.1571248520,0.0000000000,0.4422542929,0.0808953756,0.0000000000,0.0790911643,0.0000000000,1.0000000000
2007-08-07,0.8038280448,,0.2406343152,0.0000000000,0.0000000000,0.0072800657,0.0000000000,0.5920990791,0.0808953756,0.0000000000,0.0790911643,0.0000000000,1.0000000000
2007-08-10,1.8104969782,,0.2406343152,0.0000000000,0.0000000000,0.1571248520,0.0000000000,0.4422542929,0.0808953756,0.0000000000,0.0790911643,0.0000000000,1.0000000000
2007-08-16,0.9190823943,,0.2406343152,0.0000000000,0.0000000000,0.0072800657,0.0000000000,0.5920990791,0.0808953756,0.0000000000,0.0790911643,0.0000000000,1.0000000000
2007-08-30,1.1508966229,,0.2406343152,0.0000000000,0.0000000000,0.1571248520,0.0000000000,0.4422542929,0.0808953756,0.0000000000,0.0790911643,0.0000000000,1.0000000000
2007-09-14,0.9442561800,,0.2406343152,0.0000000000,0.0000000000,0.0072800657,0.0000000000,0.5920990791,0.0808953756,0.0000000000,0.0790911643,0.0000000000,1.0000000000
2007-09-17,1.0197223866,,0.2406343152,0.0000000000,0.0000000000,0.1571248520,0.0000000000,0.4422542929,0.0808953756,0.0000000000,0.0790911643,0.0000000000,1.0000000000
2007-09-18,0.8657470629,,0.2406343152,0.0000000000,0.0000000000,0.0072800657,0.0000000000,0.5920990791,0.0808953756,0.0000000000,0.0790911643,0.0000000000,1.0000000000
2007-09-24,1.0272334794,,0.2406343152,0.0000000000,0.0000000000,0.1571248520,0.0000000000,0.4422542929,0.0808953756,0.0000000000,0.0790911643,0.0000000000,1.0000000000
2007-10-16,2.0993481467,,0.5824413080,0.0000000000,0.0000000000,0.0890004107,0.0000000000,0.2517613808,0.0389426927,0.0000000000,0.0378542078,0.0000000000,1.0000000000
2007-10-17,2.5080407381,,0.8672804686,0.0000000000,0.0000000000,0.0322300430,0.0000000000,0.0930172874,0.0039821236,0.0000000000,0.0034900774,0.0000000000,1.0000000000
2007-12-18,0.7504382237,,0.8672804686,0.0000000000,0.0000000000,0.0009182104,0.0000000000,0.1243291200,0.0039821236,0.0000000000,0.0034900774,0.0000000000,1.0000000000
2007-12-21,1.3295487070,,0.8672804686,0.0000000000,0.0000000000,0.0322300430,0.0000000000,0.0930172874,0.0039821236,0.0000000000,0.0034900774,0.0000000000,1.0000000000
2008-01-04,0.8927199980,,0.8672804686,0.0000000000,0.0000000000,0.0009182104,0.0000000000,0.1243291200,0.0039821236,0.0000000000,0.0034900774,0.0000000000,1.0000000000
2008-01-09,-0.1139323101,,0.6034004265,0.0000000000,0.0000000000,0.0002934336,0.0000000000,0.1238372181,0.0012725720,0.0000000000,0.0011153282,0.0000000000,0.7299189784
2008-01-10,-0.0213189850,,0.4568326461,0.0000000000,0.0000000000,0.0000000000,0.0000000000,0.1177712860,0.0000000000,0.0000000000,0.0000000000,0.0000000000,0.5746039321
2008-02-06,-1.0299121892,,0.4568326461,0.0000000000,0.0000000000,-0.0294428215,0.0000000000,0.1472141075,0.0000000000,0.0000000000,0.0000000000,0.0000000000,0.6040467536
2008-02-11,-0.8135169100,,0.4568326461,0.0000000000,0.0000000000,0.0000000000,0.0000000000,0.1177712860,0.0000000000,0.0000000000,0.0000000000,0.0000000000,0.5746039321
2008-02-13,-1.1435417086,,0.4568326461,0.0000000000,0.0000000000,-0.0294428215,0.0000000000,0.1472141075,0.0000000000,0.0000000000,0.0000000000,0.0000000000,0.6040467536
2008-02-14,-0.5997503499,,0.4568326461,0.0000000000,0.0000000000,0.0000000000,0.0000000000,0.1177712860,0.0000000000,0.0000000000,0.0000000000,0.0000000000,0.5746039321
2008-02-18,-1.1238739024,,0.4568326461,0.0000000000,0.0000000000,-0.0294428215,0.0000000000,0.1472141075,0.0000000000,0.0000000000,0.0000000000,0.0000000000,0.6040467536
2008-03-07,-1.6377188186,,0.3333859133,0.0000000000,0.0000000000,-0.0037682688,0.0000000000,0.0188413441,0.0000000000,0.0000000000,0.0000000000,0.0000000000,0.3522272574
2008-03-14,-0.8018051834,,0.3333859133,0.0000000000,0.0000000000,0.0000000000,0.0000000000,0.0150730753,0.0000000000,0.0000000000,0.0000000000,0.0000000000,0.3484589886
2008-03-17,-1.1571896338,,0.3333859133,0.0000000000,0.0000000000,-0.0037682688,0.0000000000,0.0188413441,0.0000000000,0.0000000000,0.0000000000,0.0000000000,0.3522272574
2008-03-25,-0.9374159821,,0.3333859133,0.0000000000,0.0000000000,0.0000000000,0.0000000000,0.0150730753,0.0000000000,0.0000000000,0.0000000000,0.0000000000,0.3484589886
2008-03-28,-1.0583183715,,0.3333859133,0.0000000000,0.0000000000,-0.0037682688,0.0000000000,0.0188413441,0.0000000000,0.0000000000,0.0000000000,0.0000000000,0.3522272574
2008-04-01,-0.8877678454,,0.3333859133,0.0000000000,0.0000000000,0.0000000000,0.0000000000,0.0150730753,0.0000000000,0.0000000000,0.0000000000,0.0000000000,0.3484589886
2008-04-09,-1.1109261118,,0.3333859133,0.0000000000,0.0000000000,-0.0037682688,0.0000000000,0.0188413441,0.0000000000,0.0000000000,0.0000000000,0.0000000000,0.3522272574
2008-04-11,-0.7838815774,,0.3333859133,0.0000000000,0.0000000000,0.0000000000,0.0000000000,0.0150730753,0.0000000000,0.0000000000,0.0000000000,0.0000000000,0.3484589886
2008-04-14,-1.0724363286,,0.3333859133,0.0000000000,0.0000000000,-0.0037682688,0.0000000000,0.0188413441,0.0000000000,0.0000000000,0.0000000000,0.0000000000,0.3522272574
2008-04-21,-0.6758896728,,0.3333859133,0.0000000000,0.0000000000,0.0000000000,0.0000000000,0.0150730753,0.0000000000,0.0000000000,0.0000000000,0.0000000000,0.3484589886
2008-06-05,1.2344277218,,0.3333859133,0.0000000000,0.0000000000,0.0037682688,0.0000000000,0.0113048064,0.0000000000,0.0000000000,0.0000000000,0.0000000000,0.3484589886
2008-06-06,1.1411768224,,0.0000000000,0.0000000000,0.0000000000,0.0000000000,0.0000000000,0.0000000000,0.0000000000,0.0000000000,0.0000000000,0.0000000000,0.0000000000
2009-03-09,1.4689794140,,0.3002527843,0.0000000000,0.0000000000,0.0045929538,0.0000000000,0.0137788613,0.2995499015,0.0000000000,0.3818254991,0.0000000000,1.0000000000
2009-03-17,0.9571147563,,0.3002527843,0.0000000000,0.0000000000,0.0000000000,0.0000000000,0.0183718151,0.2995499015,0.0000000000,0.3818254991,0.0000000000,1.0000000000
2009-03-18,1.0844894638,,0.3002527843,0.0000000000,0.0000000000,0.0045929538,0.0000000000,0.0137788613,0.2995499015,0.0000000000,0.3818254991,0.0000000000,1.0000000000
2009-05-08,0.9726916854,,0.3002527843,0.0000000000,0.0000000000,0.0000000000,0.0000000000,0.0183718151,0.2995499015,0.0000000000,0.3818254991,0.0000000000,1.0000000000
2009-05-12,1.1180756036,,0.3002527843,0.0000000000,0.0000000000,0.0045929538,0.0000000000,0.0137788613,0.2995499015,0.0000000000,0.3818254991,0.0000000000,1.0000000000
2009-05-13,0.9226476288,,0.3002527843,0.0000000000,0.0000000000,0.0000000000,0.0000000000,0.0183718151,0.2995499015,0.0000000000,0.3818254991,0.0000000000,1.0000000000
2009-05-18,1.0415064624,,0.3002527843,0.0000000000,0.0000000000,0.0045929538,0.0000000000,0.0137788613,0.2995499015,0.0000000000,0.3818254991,0.0000000000,1.0000000000
2009-06-01,1.1527178952,,0.3437890311,0.0000000000,0.0000000000,0.0215044999,0.0000000000,0.0645134998,0.1968462978,0.0000000000,0.2281397765,0.0000000000,0.8547931052
2009-06-08,1.8460763679,,0.2248714631,0.0000000000,0.0000000000,0.0554628265,0.0000000000,0.1663884796,0.1429693563,0.0000000000,0.1592256430,0.0000000000,0.7489177686
2009-08-24,1.0190372262,,0.8894245588,0.0000000000,0.0000000000,0.0378234021,0.0000000000,0.0621328154,0.0053140611,0.0000000000,0.0053051625,0.0000000000,1.0000000000
2009-08-28,0.9562930102,,0.8894245588,0.0000000000,0.0000000000,0.0128343477,0.0000000000,0.0871218698,0.0053140611,0.0000000000,0.0053051625,0.0000000000,1.0000000000
2009-09-03,1.1242592334,,0.8894245588,0.0000000000,0.0000000000,0.0378234021,0.0000000000,0.0621328154,0.0053140611,0.0000000000,0.0053051625,0.0000000000,1.0000000000
2009-10-06,0.9798111902,,0.8894245588,0.0000000000,0.0000000000,0.0128343477,0.0000000000,0.0871218698,0.0053140611,0.0000000000,0.0053051625,0.0000000000,1.0000000000
2009-10-09,1.0756779985,,0.8894245588,0.0000000000,0.0000000000,0.0378234021,0.0000000000,0.0621328154,0.0053140611,0.0000000000,0.0053051625,0.0000000000,1.0000000000
2009-10-12,0.9689484635,,0.8894245588,0.0000000000,0.0000000000,0.0128343477,0.0000000000,0.0871218698,0.0053140611,0.0000000000,0.0053051625,0.0000000000,1.0000000000
2009-10-27,1.0153421024,,0.8894245588,0.0000000000,0.0000000000,0.0378234021,0.0000000000,0.0621328154,0.0053140611,0.0000000000,0.0053051625,0.0000000000,1.0000000000
2009-10-28,0.8715872381,,0.8894245588,0.0000000000,0.0000000000,0.0128343477,0.0000000000,0.0871218698,0.0053140611,0.0000000000,0.0053051625,0.0000000000,1.0000000000
2009-11-12,0.5561301700,,0.5601870629,0.0000000000,0.0000000000,0.0270281392,0.0000000000,0.3996747482,0.0066061456,0.0000000000,0.0065039041,0.0000000000,1.0000000000
2009-12-23,1.0335775757,,0.5601870629,0.0000000000,0.0000000000,0.1337038611,0.0000000000,0.2929990263,0.0066061456,0.0000000000,0.0065039041,0.0000000000,1.0000000000
2010-01-08,0.9544143018,,0.5601870629,0.0000000000,0.0000000000,0.0270281392,0.0000000000,0.3996747482,0.0066061456,0.0000000000,0.0065039041,0.0000000000,1.0000000000
2010-01-11,1.1129929258,,0.0000000000,0.0000000000,0.0000000000,0.0000000000,0.0000000000,0.0000000000,0.0000000000,0.0000000000,0.0000000000,0.0000000000,0.0000000000
2010-02-05,0.5256643335,,0.2403795157,0.0000000000,0.0000000000,0.0000000000,0.0000000000,0.4897530598,0.0000000000,0.0000000000,0.0000000000,0.0000000000,0.7301325755
2010-02-16,1.0484340749,,0.2403795157,0.0000000000,0.0000000000,0.1224382650,0.0000000000,0.3673147949,0.0000000000,0.0000000000,0.0000000000,0.0000000000,0.7301325755
2010-02-23,0.9857702351,,0.2403795157,0.0000000000,0.0000000000,0.0000000000,0.0000000000,0.4897530598,0.0000000000,0.0000000000,0.0000000000,0.0000000000,0.7301325755
2010-03-01,1.1244386589,,0.2403795157,0.0000000000,0.0000000000,0.1224382650,0.0000000000,0.3673147949,0.0000000000,0.0000000000,0.0000000000,0.0000000000,0.7301325755
2010-04-30,2.0271158468,,0.2363856099,0.0000000000,0.0000000000,0.1473290065,0.0000000000,0.4419870194,0.0000000000,0.0000000000,0.0000000000,0.0000000000,0.8257016357
2010-05-03,1.9089223490,,0.0000000000,0.0000000000,0.0000000000,0.0000000000,0.0000000000,0.0000000000,0.0000000000,0.0000000000,0.0000000000,0.0000000000,0.0000000000
2010-07-23,0.6020519890,,0.4720108798,0.0000000000,0.0000000000,0.0000000000,0.0000000000,0.1171392261,0.0000000000,0.0000000000,0.0000000000,0.0000000000,0.5891501060
2010-09-27,1.0215405352,,0.4720108798,0.0000000000,0.0000000000,0.0292848065,0.0000000000,0.0878544196,0.0000000000,0.0000000000,0.0000000000,0.0000000000,0.5891501060
2010-10-04,0.9724936281,,0.4720108798,0.0000000000,0.0000000000,0.0000000000,0.0000000000,0.1171392261,0.0000000000,0.0000000000,0.0000000000,0.0000000000,0.5891501060
2010-10-15,0.9540157919,,0.4931554483,0.0000000000,0.0000000000,0.0000000000,0.0000000000,0.1522360101,0.0530923131,0.0000000000,0.0949895006,0.0000000000,0.7934732721
2010-10-18,1.6393319406,,0.4931554483,0.0000000000,0.0000000000,0.0380590025,0.0000000000,0.1141770076,0.0530923131,0.0000000000,0.0949895006,0.0000000000,0.7934732721
2011-01-07,1.7874097276,,0.3418554087,0.0000000000,0.0000000000,0.1398809048,0.0000000000,0.2316678722,0.0131627987,0.0000000000,0.0235500698,0.0000000000,0.7501170542
2011-01-24,0.5053074001,,0.3418554087,0.0000000000,0.0000000000,0.0469937105,0.0000000000,0.3245550665,0.0131627987,0.0000000000,0.0235500698,0.0000000000,0.7501170542
2011-01-27,1.1370385225,,0.3418554087,0.0000000000,0.0000000000,0.1398809048,0.0000000000,0.2316678722,0.0131627987,0.0000000000,0.0235500698,0.0000000000,0.7501170542
2011-01-31,0.8183308188,,0.3418554087,0.0000000000,0.0000000000,0.0469937105,0.0000000000,0.3245550665,0.0131627987,0.0000000000,0.0235500698,0.0000000000,0.7501170542
2011-02-07,1.0316678059,,0.3418554087,0.0000000000,0.0000000000,0.1398809048,0.0000000000,0.2316678722,0.0131627987,0.0000000000,0.0235500698,0.0000000000,0.7501170542
2011-02-08,0.9480735918,,0.3418554087,0.0000000000,0.0000000000,0.0469937105,0.0000000000,0.3245550665,0.0131627987,0.0000000000,0.0235500698,0.0000000000,0.7501170542
2011-02-14,0.9580232348,,0.3357173732,0.0000000000,0.0000000000,0.0577677098,0.0000000000,0.3834386354,0.0000000000,0.0000000000,0.0000000000,0.0000000000,0.7769237184
2011-02-17,1.0063512648,,0.3357173732,0.0000000000,0.0000000000,0.1680692961,0.0000000000,0.2731370491,0.0000000000,0.0000000000,0.0000000000,0.0000000000,0.7769237184
2011-02-18,0.8676437652,,0.3357173732,0.0000000000,0.0000000000,0.0577677098,0.0000000000,0.3834386354,0.0000000000,0.0000000000,0.0000000000,0.0000000000,0.7769237184
2011-02-23,0.2817297962,,0.3137673424,0.0000000000,0.0000000000,0.0549215974,0.0000000000,0.4152729296,0.0000000000,0.0000000000,0.0000000000,0.0000000000,0.7839618694
2011-04-01,0.2430026130,,0.5368733029,0.0000000000,0.0000000000,0.0249820672,0.0000000000,0.3220658631,0.0000000000,0.0000000000,0.0000000000,0.0000000000,0.8839212332
2011-04-04,-0.1116422761,,0.7462470440,0.0000000000,0.0000000000,0.0000000000,0.0000000000,0.2521342914,0.0000000000,0.0000000000,0.0000000000,0.0000000000,0.9983813355
2011-06-17,-1.1296703294,,0.7462470440,0.0000000000,0.0000000000,-0.0630335729,0.0000000000,0.3151678643,0.0000000000,0.0000000000,0.0000000000,0.0000000000,1.0614149083
2011-06-22,-0.8460624122,,0.7462470440,0.0000000000,0.0000000000,0.0000000000,0.0000000000,0.2521342914,0.0000000000,0.0000000000,0.0000000000,0.0000000000,0.9983813355
2011-07-28,0.4818072981,,0.6967414865,0.0000000000,0.0000000000,0.0000000000,0.0000000000,0.1966405921,0.0000000000,0.0000000000,0.0000000000,0.0000000000,0.8933820787
2011-08-04,1.0023423292,,0.6967414865,0.0000000000,0.0000000000,0.0491601480,0.0000000000,0.1474804441,0.0000000000,0.0000000000,0.0000000000,0.0000000000,0.8933820787
2011-08-05,0.8803768107,,0.6967414865,0.0000000000,0.0000000000,0.0000000000,0.0000000000,0.1966405921,0.0000000000,0.0000000000,0.0000000000,0.0000000000,0.8933820787
2011-08-12,1.0685457685,,0.6967414865,0.0000000000,0.0000000000,0.0491601480,0.0000000000,0.1474804441,0.0000000000,0.0000000000,0.0000000000,0.0000000000,0.8933820787
2011-08-15,0.7059710105,,0.6967414865,0.0000000000,0.0000000000,0.0000000000,0.0000000000,0.1966405921,0.0000000000,0.0000000000,0.0000000000,0.0000000000,0.8933820787
2011-08-22,-1.1002737330,,0.6967414865,0.0000000000,0.0000000000,-0.0491601480,0.0000000000,0.2458007402,0.0000000000,0.0000000000,0.0000000000,0.0000000000,0.9425422267
2011-08-24,-0.7197798734,,0.6967414865,0.0000000000,0.0000000000,0.0000000000,0.0000000000,0.1966405921,0.0000000000,0.0000000000,0.0000000000,0.0000000000,0.8933820787
2011-08-26,-1.0301567293,,0.6967414865,0.0000000000,0.0000000000,-0.0491601480,0.0000000000,0.2458007402,0.0000000000,0.0000000000,0.0000000000,0.0000000000,0.9425422267
2011-08-29,-0.3910535669,,0.6967414865,0.0000000000,0.0000000000,0.0000000000,0.0000000000,0.1966405921,0.0000000000,0.0000000000,0.0000000000,0.0000000000,0.8933820787
2011-08-31,1.0535806514,,0.6967414865,0.0000000000,0.0000000000,0.0491601480,0.0000000000,0.1474804441,0.0000000000,0.0000000000,0.0000000000,0.0000000000,0.8933820787
2011-09-01,0.4032887758,,0.6967414865,0.0000000000,0.0000000000,0.0000000000,0.0000000000,0.1966405921,0.0000000000,0.0000000000,0.0000000000,0.0000000000,0.8933820787
2011-09-13,1.3404786768,,0.6967414865,0.0000000000,0.0000000000,0.0491601480,0.0000000000,0.1474804441,0.0000000000,0.0000000000,0.0000000000,0.0000000000,0.8933820787
2011-09-16,1.6452040933,,0.4868970896,0.0000000000,0.0000000000,0.0362416652,0.0000000000,0.1087249956,0.0000000000,0.0000000000,0.0000000000,0.0000000000,0.6318637505
2011-09-19,1.6026232541,,0.3849582821,0.0000000000,0.0000000000,0.0304558634,0.0000000000,0.0913675901,0.0000000000,0.0000000000,0.0000000000,0.0000000000,0.5067817356
2011-09-30,0.3791236191,,0.3849582821,0.0000000000,0.0000000000,0.0000000000,0.0000000000,0.1218234535,0.0000000000,0.0000000000,0.0000000000,0.0000000000,0.5067817356
2011-10-06,1.1707879602,,0.3849582821,0.0000000000,0.0000000000,0.0304558634,0.0000000000,0.0913675901,0.0000000000,0.0000000000,0.0000000000,0.0000000000,0.5067817356
2011-10-10,0.6651905542,,0.3849582821,0.0000000000,0.0000000000,0.0000000000,0.0000000000,0.1218234535,0.0000000000,0.0000000000,0.0000000000,0.0000000000,0.5067817356
2011-10-12,1.6092138266,,0.3849582821,0.0000000000,0.0000000000,0.0304558634,0.0000000000,0.0913675901,0.0000000000,0.0000000000,0.0000000000,0.0000000000,0.5067817356
2011-10-21,0.5266769866,,0.3849582821,0.0000000000,0.0000000000,0.0000000000,0.0000000000,0.1218234535,0.0000000000,0.0000000000,0.0000000000,0.0000000000,0.5067817356
2011-10-25,1.2191330869,,0.3849582821,0.0000000000,0.0000000000,0.0304558634,0.0000000000,0.0913675901,0.0000000000,0.0000000000,0.0000000000,0.0000000000,0.5067817356
2011-10-26,0.9050551456,,0.3849582821,0.0000000000,0.0000000000,0.0000000000,0.0000000000,0.1218234535,0.0000000000,0.0000000000,0.0000000000,0.0000000000,0.5067817356
2011-12-01,-1.1074030800,,0.3849582821,0.0000000000,0.0000000000,-0.0304558634,0.0000000000,0.1522793169,0.0000000000,0.0000000000,0.0000000000,0.0000000000,0.5372375990
2011-12-02,-0.5930259245,,0.3849582821,0.0000000000,0.0000000000,0.0000000000,0.0000000000,0.1218234535,0.0000000000,0.0000000000,0.0000000000,0.0000000000,0.5067817356
2011-12-08,-1.6900341962,,0.3849582821,0.0000000000,0.0000000000,-0.0304558634,0.0000000000,0.1522793169,0.0000000000,0.0000000000,0.0000000000,0.0000000000,0.5372375990
2011-12-09,-0.9472088387,,0.3849582821,0.0000000000,0.0000000000,0.0000000000,0.0000000000,0.1218234535,0.0000000000,0.0000000000,0.0000000000,0.0000000000,0.5067817356
2011-12-15,-1.2720975524,,0.3029012314,0.0000000000,0.0000000000,0.1801644262,0.0000000000,0.0828956687,0.0000000000,0.0000000000,0.0000000000,0.0000000000,0.5659613263
2012-01-12,-0.9330461358,,0.3029012314,0.0000000000,0.0000000000,0.2459294500,0.0000000000,0.0171306450,0.0000000000,0.0000000000,0.0000000000,0.0000000000,0.5659613263
2012-02-01,1.1432973758,,0.3029012314,0.0000000000,0.0000000000,0.3116944737,0.0000000000,-0.0486343788,0.0000000000,0.0000000000,0.0000000000,0.0000000000,0.6145957051
2012-03-05,1.7823774238,,0.3463075958,0.0000000000,0.0000000000,0.2486067856,0.0000000000,0.0657213072,0.0000000000,0.0000000000,0.0000000000,0.0000000000,0.6606356886
2012-03-07,1.3999046570,,0.1935174922,0.0000000000,0.0000000000,0.1903365887,0.0000000000,0.0936540567,0.0000000000,0.0000000000,0.0000000000,0.0000000000,0.4775081376
2012-03-12,1.7729174230,,0.0000000000,0.0000000000,0.0000000000,0.0000000000,0.0000000000,0.0000000000,0.0000000000,0.0000000000,0.0000000000,0.0000000000,0.0000000000
2012-05-28,0.1713240667,,0.2531607864,0.0000000000,0.0000000000,0.1479511089,0.0000000000,0.3186639269,0.0000000000,0.0000000000,0.0000000000,0.0000000000,0.7197758222
2012-07-27,-1.1395262317,,0.2531607864,0.0000000000,0.0000000000,0.0312973500,0.0000000000,0.4353176858,0.0000000000,0.0000000000,0.0000000000,0.0000000000,0.7197758222
2012-07-30,-0.8351703585,,0.2531607864,0.0000000000,0.0000000000,0.1479511089,0.0000000000,0.3186639269,0.0000000000,0.0000000000,0.0000000000,0.0000000000,0.7197758222
2012-08-02,-1.0623124004,,0.2531607864,0.0000000000,0.0000000000,0.0312973500,0.0000000000,0.4353176858,0.0000000000,0.0000000000,0.0000000000,0.0000000000,0.7197758222
2012-08-03,-0.9035212458,,0.2531607864,0.0000000000,0.0000000000,0.1479511089,0.0000000000,0.3186639269,0.0000000000,0.0000000000,0.0000000000,0.0000000000,0.7197758222
2012-08-20,0.2394995336,,0.1816042220,0.0000000000,0.0000000000,0.0888599892,0.0000000000,0.2333988647,0.0000000000,0.0000000000,0.0000000000,0.0000000000,0.5038630759
2012-09-05,0.9281832271,,0.2083234935,0.0000000000,0.0000000000,0.1019338823,0.0000000000,0.3544380389,0.0000000000,0.0000000000,0.0000000000,0.0000000000,0.6646954146
2012-10-09,-1.0275313241,,0.2083234935,0.0000000000,0.0000000000,-0.0121590980,0.0000000000,0.4685310192,0.0000000000,0.0000000000,0.0000000000,0.0000000000,0.6768545126
2012-11-12,-1.6068947423,,0.2452218550,0.0000000000,0.0000000000,-0.0143127235,0.0000000000,0.5515174681,0.0000000000,0.0000000000,0.0000000000,0.0000000000,0.7967393231
2012-11-13,-1.6050286512,,0.3806189313,0.0000000000,0.0000000000,-0.0395451122,0.0000000000,0.1977255610,0.0000000000,0.0000000000,0.0000000000,0.0000000000,0.5783444923
2012-12-03,-0.9418623140,,0.3806189313,0.0000000000,0.0000000000,0.0000000000,0.0000000000,0.1581804488,0.0000000000,0.0000000000,0.0000000000,0.0000000000,0.5387993801
2012-12-06,-1.5725227503,,0.3806189313,0.0000000000,0.0000000000,-0.0395451122,0.0000000000,0.1977255610,0.0000000000,0.0000000000,0.0000000000,0.0000000000,0.5783444923
2013-01-03,-1.0196597492,,0.3989866190,0.2650249798,0.0000000000,0.0722093836,0.0000000000,0.2637790176,0.0000000000,0.0000000000,0.0000000000,0.0000000000,1.0000000000
2013-02-05,-1.7047126658,,0.2443609047,0.3418652085,0.0000000000,0.1738740202,0.0000000000,0.2398998667,0.0000000000,0.0000000000,0.0000000000,0.0000000000,1.0000000000
2013-03-11,-1.5023143363,,0.0454226879,0.4205007253,0.0000000000,0.1897704765,0.0000000000,0.3443061103,0.0000000000,0.0000000000,0.0000000000,0.0000000000,1.0000000000
2013-03-28,-1.7063052908,,0.0445912099,0.4089604977,0.0000000000,0.1194677071,0.0000000000,0.4269805853,0.0000000000,0.0000000000,0.0000000000,0.0000000000,1.0000000000
2013-04-30,-1.4447999830,,0.0276326102,0.4173068023,0.0000000000,0.2005583924,0.0000000000,0.3545021951,0.0000000000,0.0000000000,0.0000000000,0.0000000000,1.0000000000
2013-05-06,-0.9382537594,,0.0276326102,0.4173068023,0.0000000000,0.3393235393,0.0000000000,0.2157370482,0.0000000000,0.0000000000,0.0000000000,0.0000000000,1.0000000000
2013-05-08,-1.0624922905,,0.0276326102,0.4173068023,0.0000000000,0.2005583924,0.0000000000,0.3545021951,0.0000000000,0.0000000000,0.0000000000,0.0000000000,1.0000000000
2013-05-10,-0.9333389177,,0.0276326102,0.4173068023,0.0000000000,0.3393235393,0.0000000000,0.2157370482,0.0000000000,0.0000000000,0.0000000000,0.0000000000,1.0000000000
2013-06-25,-0.2659492619,,0.0481843979,0.2724781683,0.0000000000,0.4165134450,0.0000000000,0.2628239887,0.0000000000,0.0000000000,0.0000000000,0.0000000000,1.0000000000
2013-07-22,-0.0774654626,,0.0626439855,0.0541571741,0.0000000000,0.5415043738,0.0000000000,0.3416944666,0.0000000000,0.0000000000,0.0000000000,0.0000000000,1.0000000000
2013-07-29,0.3232034022,,0.0193896576,0.2364249005,0.0000000000,0.2647076733,0.0000000000,0.4794777686,0.0000000000,0.0000000000,0.0000000000,0.0000000000,1.0000000000
2013-07-31,0.6494386003,,0.0203076534,0.0803147951,0.0000000000,0.2772401550,0.0000000000,0.6221373965,0.0000000000,0.0000000000,0.0000000000,0.0000000000,1.0000000000
2013-08-02,0.7677345767,,0.0178123067,0.2481300236,0.0000000000,0.0000000000,0.0000000000,0.7340576696,0.0000000000,0.0000000000,0.0000000000,0.0000000000,1.0000000000
2013-08-05,1.0639575745,,0.0178123067,0.2481300236,0.0000000000,0.1835144174,0.0000000000,0.5505432522,0.0000000000,0.0000000000,0.0000000000,0.0000000000,1.0000000000
2013-08-23,2.0354959042,,0.0196870264,0.0643481554,0.0000000000,0.2289912045,0.0000000000,0.6869736136,0.0000000000,0.0000000000,0.0000000000,0.0000000000,1.0000000000
2013-09-04,2.3382549763,,0.0174598041,0.3441134670,0.0000000000,0.1596066822,0.0000000000,0.4788200466,0.0000000000,0.0000000000,0.0000000000,0.0000000000,1.0000000000
2014-03-07,1.5569148110,,0.1140286139,0.2431783105,0.0000000000,0.1606982689,0.0000000000,0.4820948067,0.0000000000,0.0000000000,0.0000000000,0.0000000000,1.0000000000
2014-03-25,0.9400881285,,0.1140286139,0.2431783105,0.0000000000,0.0000000000,0.0000000000,0.6427930756,0.0000000000,0.0000000000,0.0000000000,0.0000000000,1.0000000000
2014-04-02,0.6555230620,,0.1886270825,0.2683486839,0.0000000000,0.0112209217,0.0000000000,0.5318033119,0.0000000000,0.0000000000,0.0000000000,0.0000000000,1.0000000000
2014-05-09,-1.1117038403,,0.1886270825,0.2683486839,0.0000000000,-0.1245351367,0.0000000000,0.6675593703,0.0000000000,0.0000000000,0.0000000000,0.0000000000,1.1245351367
2014-05-13,-0.7690111168,,0.1886270825,0.2683486839,0.0000000000,0.0112209217,0.0000000000,0.5318033119,0.0000000000,0.0000000000,0.0000000000,0.0000000000,1.0000000000
2014-05-15,-1.0213454455,,0.1886270825,0.2683486839,0.0000000000,-0.1245351367,0.0000000000,0.6675593703,0.0000000000,0.0000000000,0.0000000000,0.0000000000,1.1245351367
2014-05-16,-0.9115690213,,0.1886270825,0.2683486839,0.0000000000,0.0112209217,0.0000000000,0.5318033119,0.0000000000,0.0000000000,0.0000000000,0.0000000000,1.0000000000
2014-06-06,-0.3542441777,,0.0000000000,1.0000000000,0.0000000000,0.0000000000,0.0000000000,0.0000000000,0.0000000000,0.0000000000,0.0000000000,0.0000000000,1.0000000000
2014-06-25,-0.1405955444,,0.0545088985,0.1611086878,0.0000000000,0.4635162050,0.0000000000,0.3208662087,0.0000000000,0.0000000000,0.0000000000,0.0000000000,1.0000000000
2014-09-03,1.0279340585,,0.0545088985,0.1611086878,0.0000000000,0.6596118084,0.0000000000,0.1247706053,0.0000000000,0.0000000000,0.0000000000,0.0000000000,1.0000000000
2014-09-04,0.6720917802,,0.0545088985,0.1611086878,0.0000000000,0.4635162050,0.0000000000,0.3208662087,0.0000000000,0.0000000000,0.0000000000,0.0000000000,1.0000000000
2014-09-11,1.0082572560,,0.0545088985,0.1611086878,0.0000000000,0.6596118084,0.0000000000,0.1247706053,0.0000000000,0.0000000000,0.0000000000,0.0000000000,1.0000000000
2014-09-12,0.8348124312,,0.0545088985,0.1611086878,0.0000000000,0.4635162050,0.0000000000,0.3208662087,0.0000000000,0.0000000000,0.0000000000,0.0000000000,1.0000000000
2014-09-15,1.0248857536,,0.0545088985,0.1611086878,0.0000000000,0.6596118084,0.0000000000,0.1247706053,0.0000000000,0.0000000000,0.0000000000,0.0000000000,1.0000000000
2014-09-16,0.5061635841,,0.0545088985,0.1611086878,0.0000000000,0.4635162050,0.0000000000,0.3208662087,0.0000000000,0.0000000000,0.0000000000,0.0000000000,1.0000000000
2014-09-17,0.4300268096,,0.0649773072,0.0000000000,0.0000000000,0.5525342774,0.0000000000,0.3824884154,0.0000000000,0.0000000000,0.0000000000,0.0000000000,1.0000000000
2014-09-19,0.5767675010,,0.0525226367,0.0152283125,0.0000000000,0.1870320692,0.0000000000,0.2973466316,0.0000000000,0.4293076515,0.0000000000,0.0185626986,1.0000000000
2014-09-22,0.4537232082,,0.0528031447,0.0209198942,0.0000000000,0.0100745478,0.0000000000,0.2989346730,0.0000000000,0.5916840976,0.0000000000,0.0255836427,1.0000000000
2014-12-01,1.2147568342,,0.0528031447,0.0209198942,0.0000000000,0.0873268529,0.0000000000,0.2216823678,0.0000000000,0.5916840976,0.0000000000,0.0255836427,1.0000000000
2014-12-02,0.8433522142,,0.0528031447,0.0209198942,0.0000000000,0.0100745478,0.0000000000,0.2989346730,0.0000000000,0.5916840976,0.0000000000,0.0255836427,1.0000000000
2014-12-10,1.1167652415,,0.0000000000,0.7496409932,0.0000000000,0.0000000000,0.0000000000,0.0000000000,0.0000000000,0.2399824797,0.0000000000,0.0103765270,1.0000000000
2014-12-31,0.6099657455,,0.0000000000,1.0000000000,0.0000000000,0.0000000000,0.0000000000,0.0000000000,0.0000000000,0.0000000000,0.0000000000,0.0000000000,1.0000000000
2015-03-05,2.0905470142,,0.0306297722,0.2242126060,0.0000000000,0.1667217658,0.0000000000,0.3445735562,0.0000000000,0.1118150612,0.0000000000,0.1220472387,1.0000000000
2015-05-05,1.5033632921,,0.0341742814,0.0046033314,0.0000000000,0.2184735694,0.0000000000,0.4818237286,0.0000000000,0.1247544167,0.0000000000,0.1361706725,1.0000000000
2015-05-22,1.6870381265,1.0785495018,0.0341742814,0.0046033314,0.0000000000,0.2184735694,0.0000000000,0.4818237286,0.0000000000,0.1899856890,0.0000000000,0.0709394002,1.0000000000
2015-05-25,1.7120571621,0.6631985785,0.0341742814,0.0046033314,0.0000000000,0.2184735694,0.0000000000,0.4818237286,0.0000000000,0.1247544167,0.0000000000,0.1361706725,1.0000000000
2015-05-28,1.9331262736,-0.1178641723,0.0419757033,0.1984633801,0.0000000000,0.1728856725,0.0000000000,0.4977964245,0.0000000000,0.0455557265,0.0000000000,0.0433230932,1.0000000000
2015-06-08,2.1347491106,-1.0086167345,0.0419757033,0.1984633801,0.0000000000,0.1728856725,0.0000000000,0.4977964245,0.0000000000,0.0233360216,0.0000000000,0.0655427981,1.0000000000
2015-06-24,2.1228879330,-0.6976211646,0.0419757033,0.1984633801,0.0000000000,0.1728856725,0.0000000000,0.4977964245,0.0000000000,0.0455557265,0.0000000000,0.0433230932,1.0000000000
2015-06-25,2.0923822604,-1.1470863023,0.0419757033,0.1984633801,0.0000000000,0.1728856725,0.0000000000,0.4977964245,0.0000000000,0.0233360216,0.0000000000,0.0655427981,1.0000000000
2015-06-26,2.0712348160,-0.8198652398,0.0419757033,0.1984633801,0.0000000000,0.1728856725,0.0000000000,0.4977964245,0.0000000000,0.0455557265,0.0000000000,0.0433230932,1.0000000000
2015-07-09,1.3758313043,-1.5516331704,0.0419757033,0.1984633801,0.0000000000,0.1728856725,0.0000000000,0.4977964245,0.0000000000,0.0233360216,0.0000000000,0.0655427981,1.0000000000
2015-07-10,1.2821105996,-0.6769011434,0.0419757033,0.1984633801,0.0000000000,0.1728856725,0.0000000000,0.4977964245,0.0000000000,0.0455557265,0.0000000000,0.0433230932,1.0000000000
2015-07-22,2.4174345146,-0.2064449236,0.0302722515,0.3014820180,0.0000000000,0.1570557826,0.0000000000,0.4562994743,0.0000000000,0.0281147418,0.0000000000,0.0267757319,1.0000000000
2015-07-27,2.0678118294,-0.7325500516,0.0444932560,0.3765705035,0.0000000000,0.1267096309,0.0000000000,0.3580171560,0.0000000000,0.0482879962,0.0000000000,0.0459214575,1.0000000000
2015-08-04,1.8550368193,1.2447748229,0.0444932560,0.3765705035,0.0000000000,0.1267096309,0.0000000000,0.3580171560,0.0000000000,0.0718403596,0.0000000000,0.0223690941,1.0000000000
2015-08-05,1.6517478721,0.9426455433,0.0444932560,0.3765705035,0.0000000000,0.1267096309,0.0000000000,0.3580171560,0.0000000000,0.0482879962,0.0000000000,0.0459214575,1.0000000000
2015-08-18,1.2056428219,-1.0780563895,0.0444932560,0.3765705035,0.0000000000,0.1267096309,0.0000000000,0.3580171560,0.0000000000,0.0247356327,0.0000000000,0.0694738209,1.0000000000
2015-08-20,1.1818389015,-0.9094057978,0.0476466013,0.3352117466,0.0000000000,0.1831548781,0.0000000000,0.4339867740,0.0000000000,0.0000000000,0.0000000000,0.0000000000,1.0000000000
2015-08-21,0.8257563761,-0.9810253523,0.0476466013,0.3352117466,0.0000000000,0.0288694651,0.0000000000,0.5882721870,0.0000000000,0.0000000000,0.0000000000,0.0000000000,1.0000000000
2015-08-27,1.1915336208,-0.9825773356,0.0476466013,0.3352117466,0.0000000000,0.1831548781,0.0000000000,0.4339867740,0.0000000000,0.0000000000,0.0000000000,0.0000000000,1.0000000000
2015-09-04,1.1518302327,0.9566760893,0.0381999596,0.4670158263,0.0000000000,0.1468417212,0.0000000000,0.3479424929,0.0000000000,0.0000000000,0.0000000000,0.0000000000,1.0000000000
2015-09-10,1.5303180676,0.1073812607,0.0000000000,1.0000000000,0.0000000000,0.0000000000,0.0000000000,0.0000000000,0.0000000000,0.0000000000,0.0000000000,0.0000000000,1.0000000000
2015-10-19,0.3037180801,-0.5262197938,0.0768879828,0.3796172925,0.0000000000,0.1841281163,0.0000000000,0.3593666084,0.0000000000,0.0000000000,0.0000000000,0.0000000000,1.0000000000
2015-10-27,1.0135882333,-0.2015596909,0.0768879828,0.3796172925,0.0000000000,0.3200017975,0.0000000000,0.2234929272,0.0000000000,0.0000000000,0.0000000000,0.0000000000,1.0000000000
2015-10-28,0.9580969400,-0.2079341087,0.0768879828,0.3796172925,0.0000000000,0.1841281163,0.0000000000,0.3593666084,0.0000000000,0.0000000000,0.0000000000,0.0000000000,1.0000000000
2015-10-29,1.0585765007,-0.4275769117,0.0422229314,0.5016097367,0.0000000000,0.2324758635,0.0000000000,0.2236914684,0.0000000000,0.0000000000,0.0000000000,0.0000000000,1.0000000000
2015-10-30,0.9600690884,-0.5395804714,0.0422229314,0.5016097367,0.0000000000,0.1184340305,0.0000000000,0.3377333014,0.0000000000,0.0000000000,0.0000000000,0.0000000000,1.0000000000
2015-11-02,1.0396518574,-0.4953562638,0.0422229314,0.5016097367,0.0000000000,0.2324758635,0.0000000000,0.2236914684,0.0000000000,0.0000000000,0.0000000000,0.0000000000,1.0000000000
2015-11-10,1.4112099510,0.3861353317,0.0726973419,0.5039976911,0.0000000000,0.1284087160,0.0000000000,0.2948962510,0.0000000000,0.0000000000,0.0000000000,0.0000000000,1.0000000000
2015-11-11,0.9557322192,0.3498215952,0.0726973419,0.5039976911,0.0000000000,0.0225824743,0.0000000000,0.4007224928,0.0000000000,0.0000000000,0.0000000000,0.0000000000,1.0000000000
2015-11-12,1.1912872260,0.3320325294,0.0000000000,1.0000000000,0.0000000000,0.0000000000,0.0000000000,0.0000000000,0.0000000000,0.0000000000,0.0000000000,0.0000000000,1.0000000000
2016-02-09,-4.1715723569,1.5175576575,0.3223684537,0.4046908385,0.0000000000,-0.0682351769,0.0000000000,0.3411758846,0.0000000000,0.0000000000,0.0000000000,0.0000000000,1.0682351769
2016-03-08,-2.0807783915,1.1753707164,0.3726917045,0.6117606044,0.0000000000,-0.0038869228,0.0000000000,0.0194346139,0.0000000000,0.0000000000,0.0000000000,0.0000000000,1.0038869228
2016-04-08,-0.4071517916,0.7962162463,0.3726917045,0.6117606044,0.0000000000,0.0000000000,0.0000000000,0.0155476911,0.0000000000,0.0000000000,0.0000000000,0.0000000000,1.0000000000
2016-04-11,-1.3803133649,0.8676936438,0.3726917045,0.6117606044,0.0000000000,-0.0038869228,0.0000000000,0.0194346139,0.0000000000,0.0000000000,0.0000000000,0.0000000000,1.0038869228
2016-04-29,-2.3600778295,1.2160573095,0.1709535149,0.6674306806,0.0000000000,0.1091364862,0.0000000000,0.0524793184,0.0000000000,0.0000000000,0.0000000000,0.0000000000,1.0000000000
2016-06-01,-0.9047188830,1.7793866298,0.1709535149,0.6674306806,0.0000000000,0.1495404373,0.0000000000,0.0120753672,0.0000000000,0.0000000000,0.0000000000,0.0000000000,1.0000000000
2016-06-06,-1.0593397980,1.7532301860,0.1709535149,0.6674306806,0.0000000000,0.1091364862,0.0000000000,0.0524793184,0.0000000000,0.0000000000,0.0000000000,0.0000000000,1.0000000000
2016-06-07,-1.0401739834,1.6726811768,0.2376739958,0.3865403347,0.0000000000,0.1139573119,0.0000000000,0.2618283576,0.0000000000,0.0000000000,0.0000000000,0.0000000000,1.0000000000
2016-07-21,-0.8984275755,0.3160471528,0.2376739958,0.3865403347,0.0000000000,0.2079037293,0.0000000000,0.1678819402,0.0000000000,0.0000000000,0.0000000000,0.0000000000,1.0000000000
2016-07-25,-0.8734284028,0.2241768237,0.5121847031,0.2908532386,0.0000000000,0.0200207563,0.0000000000,0.1641536501,0.0000000000,0.0061980642,0.0000000000,0.0065895877,1.0000000000
2016-08-15,0.0822815405,1.0230695524,0.5121847031,0.2908532386,0.0000000000,0.0200207563,0.0000000000,0.1641536501,0.0000000000,0.0093949772,0.0000000000,0.0033926747,1.0000000000
2016-08-31,0.1603323219,0.9748427495,0.5121847031,0.2908532386,0.0000000000,0.0200207563,0.0000000000,0.1641536501,0.0000000000,0.0061980642,0.0000000000,0.0065895877,1.0000000000
2016-09-01,0.2796484296,1.0000450045,0.5121847031,0.2908532386,0.0000000000,0.0200207563,0.0000000000,0.1641536501,0.0000000000,0.0093949772,0.0000000000,0.0033926747,1.0000000000
2016-09-02,0.3165461077,0.8810604137,0.5121847031,0.2908532386,0.0000000000,0.0200207563,0.0000000000,0.1641536501,0.0000000000,0.0061980642,0.0000000000,0.0065895877,1.0000000000
2016-09-05,0.3387620103,1.1023249958,0.5121847031,0.2908532386,0.0000000000,0.0200207563,0.0000000000,0.1641536501,0.0000000000,0.0093949772,0.0000000000,0.0033926747,1.0000000000
2016-09-09,0.4621222783,0.8695632407,0.5121847031,0.2908532386,0.0000000000,0.0200207563,0.0000000000,0.1641536501,0.0000000000,0.0061980642,0.0000000000,0.0065895877,1.0000000000
2016-09-16,1.0485859875,0.6612096008,0.5121847031,0.2908532386,0.0000000000,0.0660643579,0.0000000000,0.1181100485,0.0000000000,0.0061980642,0.0000000000,0.0065895877,1.0000000000
2016-09-29,1.0741198398,1.0279611773,0.5121847031,0.2908532386,0.0000000000,0.0660643579,0.0000000000,0.1181100485,0.0000000000,0.0093949772,0.0000000000,0.0033926747,1.0000000000
2016-10-12,1.1714028110,0.8773075285,0.5121847031,0.2908532386,0.0000000000,0.0660643579,0.0000000000,0.1181100485,0.0000000000,0.0061980642,0.0000000000,0.0065895877,1.0000000000
2016-10-14,0.9802674986,0.9031334040,0.2256898801,0.1702823411,0.0000000000,0.0000000000,0.0000000000,0.5741635961,0.0000000000,0.0135939105,0.0000000000,0.0162702722,1.0000000000
2016-10-19,1.1444278537,0.6615935113,0.2256898801,0.1702823411,0.0000000000,0.1435408990,0.0000000000,0.4306226971,0.0000000000,0.0135939105,0.0000000000,0.0162702722,1.0000000000
2016-10-28,0.9204060556,0.7661176177,0.2256898801,0.1702823411,0.0000000000,0.0000000000,0.0000000000,0.5741635961,0.0000000000,0.0135939105,0.0000000000,0.0162702722,1.0000000000
2016-11-17,0.7730223070,0.5140079628,0.0000000000,1.0000000000,0.0000000000,0.0000000000,0.0000000000,0.0000000000,0.0000000000,0.0000000000,0.0000000000,0.0000000000,1.0000000000
2016-11-30,1.0144048592,1.7228126000,0.1462466606,0.2083834343,0.0000000000,0.1539126804,0.0000000000,0.4617380411,0.0000000000,0.0211747281,0.0000000000,0.0085444554,1.0000000000
2016-12-01,0.6979060835,2.0318047754,0.1462466606,0.2083834343,0.0000000000,0.0000000000,0.0000000000,0.6156507215,0.0000000000,0.0211747281,0.0000000000,0.0085444554,1.0000000000
2016-12-06,0.4080399350,1.3011441480,0.0850646749,0.4054072242,0.0000000000,0.0000000000,0.0000000000,0.4916872974,0.0000000000,0.0126972654,0.0000000000,0.0051435382,1.0000000000
2016-12-12,0.4949241024,0.9924396105,0.0850646749,0.4054072242,0.0000000000,0.0000000000,0.0000000000,0.4916872974,0.0000000000,0.0082370645,0.0000000000,0.0096037391,1.0000000000
2016-12-20,0.6244283371,-1.1058124023,0.0850646749,0.4054072242,0.0000000000,0.0000000000,0.0000000000,0.4916872974,0.0000000000,0.0037768636,0.0000000000,0.0140639400,1.0000000000
2017-01-06,0.6724852288,-2.2425676926,0.1499202851,0.3329723792,0.0000000000,0.0199172977,0.0000000000,0.4851761254,0.0000000000,0.0040064642,0.0000000000,0.0080074485,1.0000000000
2017-01-10,1.2764214632,-2.8074849158,0.1499202851,0.3329723792,0.0000000000,0.1461906535,0.0000000000,0.3589027696,0.0000000000,0.0040064642,0.0000000000,0.0080074485,1.0000000000
2017-03-07,1.1879307297,-0.9573267849,0.1499202851,0.3329723792,0.0000000000,0.1461906535,0.0000000000,0.3589027696,0.0000000000,0.0070099424,0.0000000000,0.0050039703,1.0000000000
2017-03-08,1.1104298672,-1.0281153300,0.1499202851,0.3329723792,0.0000000000,0.1461906535,0.0000000000,0.3589027696,0.0000000000,0.0040064642,0.0000000000,0.0080074485,1.0000000000
2017-03-10,1.1784385735,-0.9127788944,0.1499202851,0.3329723792,0.0000000000,0.1461906535,0.0000000000,0.3589027696,0.0000000000,0.0070099424,0.0000000000,0.0050039703,1.0000000000
2017-03-21,1.4724853900,-1.2172281284,0.1499202851,0.3329723792,0.0000000000,0.1461906535,0.0000000000,0.3589027696,0.0000000000,0.0040064642,0.0000000000,0.0080074485,1.0000000000
2017-03-22,1.1755647105,-0.9361795211,0.1499202851,0.3329723792,0.0000000000,0.1461906535,0.0000000000,0.3589027696,0.0000000000,0.0070099424,0.0000000000,0.0050039703,1.0000000000
2017-03-31,1.5284556217,-1.1702851479,0.1811818728,0.0000000000,0.0000000000,0.2251452447,0.0000000000,0.5791538119,0.0000000000,0.0048418977,0.0000000000,0.0096771729,1.0000000000
2017-04-03,1.7085575237,-0.8637619768,0.1811818728,0.0000000000,0.0000000000,0.2251452447,0.0000000000,0.5791538119,0.0000000000,0.0084716654,0.0000000000,0.0060474052,1.0000000000
2017-04-10,1.4260957672,-1.2302556294,0.1811818728,0.0000000000,0.0000000000,0.2251452447,0.0000000000,0.5791538119,0.0000000000,0.0048418977,0.0000000000,0.0096771729,1.0000000000
2017-04-18,1.2998997581,-0.8257348525,0.1811818728,0.0000000000,0.0000000000,0.2251452447,0.0000000000,0.5791538119,0.0000000000,0.0084716654,0.0000000000,0.0060474052,1.0000000000
2017-04-26,1.7636610914,1.0368723398,0.1811818728,0.0000000000,0.0000000000,0.2251452447,0.0000000000,0.5791538119,0.0000000000,0.0121014330,0.0000000000,0.0024176376,1.0000000000
2017-04-28,1.8920842652,0.7549513165,0.1811818728,0.0000000000,0.0000000000,0.2251452447,0.0000000000,0.5791538119,0.0000000000,0.0084716654,0.0000000000,0.0060474052,1.0000000000
2017-05-15,2.1603824614,1.2555412437,0.1811818728,0.0000000000,0.0000000000,0.2251452447,0.0000000000,0.5791538119,0.0000000000,0.0121014330,0.0000000000,0.0024176376,1.0000000000
2017-05-26,2.0749473918,3.2609122476,0.3464101435,0.0000000000,0.0000000000,0.1932043757,0.0000000000,0.4320543400,0.0000000000,0.0218578271,0.0000000000,0.0064733137,1.0000000000
2017-07-04,0.8311612022,3.0192869877,0.3464101435,0.0000000000,0.0000000000,0.0368896968,0.0000000000,0.5883690190,0.0000000000,0.0218578271,0.0000000000,0.0064733137,1.0000000000
2017-07-10,1.1129920348,2.6683905797,0.3464101435,0.0000000000,0.0000000000,0.1932043757,0.0000000000,0.4320543400,0.0000000000,0.0218578271,0.0000000000,0.0064733137,1.0000000000
2017-09-15,1.1650698508,1.5704721210,0.2142275103,0.1082012377,0.0000000000,0.1056574004,0.0000000000,0.3169722012,0.0000000000,0.0937731019,0.0000000000,0.1611685485,1.0000000000
2017-09-25,0.9021625155,1.8611035047,0.2142275103,0.1082012377,0.0000000000,0.0000000000,0.0000000000,0.4226296016,0.0000000000,0.0937731019,0.0000000000,0.1611685485,1.0000000000
2017-09-28,1.0556641834,1.7093339802,0.2142275103,0.1082012377,0.0000000000,0.1056574004,0.0000000000,0.3169722012,0.0000000000,0.0937731019,0.0000000000,0.1611685485,1.0000000000
2017-09-29,0.9836690084,1.7742463055,0.2142275103,0.1082012377,0.0000000000,0.0000000000,0.0000000000,0.4226296016,0.0000000000,0.0937731019,0.0000000000,0.1611685485,1.0000000000
2017-10-02,1.0939433292,1.7748224688,0.2142275103,0.1082012377,0.0000000000,0.1056574004,0.0000000000,0.3169722012,0.0000000000,0.0937731019,0.0000000000,0.1611685485,1.0000000000
2017-10-20,0.9186852633,2.3208735483,0.2142275103,0.1082012377,0.0000000000,0.0000000000,0.0000000000,0.4226296016,0.0000000000,0.0937731019,0.0000000000,0.1611685485,1.0000000000
2017-10-30,1.2326632817,2.5025651882,0.2142275103,0.1082012377,0.0000000000,0.1056574004,0.0000000000,0.3169722012,0.0000000000,0.0937731019,0.0000000000,0.1611685485,1.0000000000
2017-11-17,1.5889862294,2.6785542359,0.1568189855,0.4764940189,0.0000000000,0.0916717489,0.0000000000,0.2750152467,0.0000000000,0.0000000000,0.0000000000,0.0000000000,1.0000000000
2017-12-01,0.9241862135,2.1495148084,0.1568189855,0.4764940189,0.0000000000,0.0000000000,0.0000000000,0.3666869956,0.0000000000,0.0000000000,0.0000000000,0.0000000000,1.0000000000
2017-12-12,0.6686586739,2.1593021366,0.0775129833,0.5335517427,0.0000000000,0.1035989141,0.0000000000,0.2425888724,0.0000000000,0.0106868719,0.0000000000,0.0320606157,1.0000000000
2018-01-23,1.0798822240,1.9854301317,0.0775129833,0.5335517427,0.0000000000,0.1901458607,0.0000000000,0.1560419258,0.0000000000,0.0106868719,0.0000000000,0.0320606157,1.0000000000
2018-01-26,0.9452463341,1.7918840728,0.0775129833,0.5335517427,0.0000000000,0.1035989141,0.0000000000,0.2425888724,0.0000000000,0.0106868719,0.0000000000,0.0320606157,1.0000000000
2018-01-30,1.1148112238,1.6362846919,0.0775129833,0.5335517427,0.0000000000,0.1901458607,0.0000000000,0.1560419258,0.0000000000,0.0106868719,0.0000000000,0.0320606157,1.0000000000
2018-03-09,2.9775470216,1.4485788503,0.0347959973,0.5177380650,0.0000000000,0.1118664844,0.0000000000,0.3355994533,0.0000000000,0.0000000000,0.0000000000,0.0000000000,1.0000000000
2018-04-26,0.8935678231,0.8831317719,0.0347959973,0.5177380650,0.0000000000,0.0000000000,0.0000000000,0.4474659378,0.0000000000,0.0000000000,0.0000000000,0.0000000000,1.0000000000
2018-04-27,1.2425501096,0.7397926293,0.0347959973,0.5177380650,0.0000000000,0.1118664844,0.0000000000,0.3355994533,0.0000000000,0.0000000000,0.0000000000,0.0000000000,1.0000000000
2018-07-30,1.1937287106,0.1659273538,0.1081861148,0.2710427552,0.0000000000,0.3796086897,0.0000000000,0.2411624403,0.0000000000,0.0000000000,0.0000000000,0.0000000000,1.0000000000
2018-07-31,0.8776672910,0.1491822449,0.1081861148,0.2710427552,0.0000000000,0.2244159072,0.0000000000,0.3963552228,0.0000000000,0.0000000000,0.0000000000,0.0000000000,1.0000000000
2018-08-01,0.8750053328,0.0668751307,0.1194736980,0.0742351685,0.0000000000,0.2478303094,0.0000000000,0.5584608240,0.0000000000,0.0000000000,0.0000000000,0.0000000000,1.0000000000
2018-08-02,1.0971091510,-0.0364010522,0.1194736980,0.0742351685,0.0000000000,0.4494030928,0.0000000000,0.3568880407,0.0000000000,0.0000000000,0.0000000000,0.0000000000,1.0000000000
2018-08-21,0.9260411825,-0.8109303686,0.1194736980,0.0742351685,0.0000000000,0.2478303094,0.0000000000,0.5584608240,0.0000000000,0.0000000000,0.0000000000,0.0000000000,1.0000000000
2018-08-22,1.0301885803,-0.5712593390,0.1194736980,0.0742351685,0.0000000000,0.4494030928,0.0000000000,0.3568880407,0.0000000000,0.0000000000,0.0000000000,0.0000000000,1.0000000000
2018-09-07,0.9612232059,-0.9992815167,0.1194736980,0.0742351685,0.0000000000,0.2478303094,0.0000000000,0.5584608240,0.0000000000,0.0000000000,0.0000000000,0.0000000000,1.0000000000
2018-09-12,1.0119275788,-1.2679431867,0.1194736980,0.0742351685,0.0000000000,0.4494030928,0.0000000000,0.3568880407,0.0000000000,0.0000000000,0.0000000000,0.0000000000,1.0000000000
2018-09-13,0.9144671584,-1.4581217198,0.1194736980,0.0742351685,0.0000000000,0.2478303094,0.0000000000,0.5584608240,0.0000000000,0.0000000000,0.0000000000,0.0000000000,1.0000000000
2018-10-08,-0.0702284430,-1.3023536359,0.1023461135,0.1968959227,0.0000000000,0.1225659914,0.0000000000,0.5781919724,0.0000000000,0.0000000000,0.0000000000,0.0000000000,1.0000000000
2018-10-12,-0.2973874303,-2.0925856367,0.1220960322,0.4646826673,0.0000000000,0.0357408869,0.0000000000,0.3774804136,0.0000000000,0.0000000000,0.0000000000,0.0000000000,1.0000000000
2018-11-07,-0.6226585798,-1.2983840341,0.2187722396,0.6341059310,0.0000000000,0.0127629406,0.0000000000,0.1343588888,0.0000000000,0.0000000000,0.0000000000,0.0000000000,1.0000000000
2018-11-13,-1.2233557736,-1.3563259699,0.2187722396,0.6341059310,0.0000000000,-0.0240175167,0.0000000000,0.1711393461,0.0000000000,0.0000000000,0.0000000000,0.0000000000,1.0240175167
2018-12-03,-0.9388580223,-0.9918439497,0.2187722396,0.6341059310,0.0000000000,0.0127629406,0.0000000000,0.1343588888,0.0000000000,0.0000000000,0.0000000000,0.0000000000,1.0000000000
2018-12-05,-1.1023369906,-0.8889437043,0.2187722396,0.6341059310,0.0000000000,-0.0240175167,0.0000000000,0.1711393461,0.0000000000,0.0000000000,0.0000000000,0.0000000000,1.0240175167
2018-12-07,-0.8521722454,-1.1601096323,0.2187722396,0.6341059310,0.0000000000,0.0127629406,0.0000000000,0.1343588888,0.0000000000,0.0000000000,0.0000000000,0.0000000000,1.0000000000
2018-12-10,-1.1488377132,-1.1198141051,0.2187722396,0.6341059310,0.0000000000,-0.0240175167,0.0000000000,0.1711393461,0.0000000000,0.0000000000,0.0000000000,0.0000000000,1.0240175167
2018-12-11,-0.9863972434,-1.3061545828,0.2187722396,0.6341059310,0.0000000000,0.0127629406,0.0000000000,0.1343588888,0.0000000000,0.0000000000,0.0000000000,0.0000000000,1.0000000000
2018-12-17,-1.0744028927,-1.0439482516,0.2187722396,0.6341059310,0.0000000000,-0.0240175167,0.0000000000,0.1711393461,0.0000000000,0.0000000000,0.0000000000,0.0000000000,1.0240175167
2018-12-19,-0.9934732503,-1.3214544752,0.2187722396,0.6341059310,0.0000000000,0.0127629406,0.0000000000,0.1343588888,0.0000000000,0.0000000000,0.0000000000,0.0000000000,1.0000000000
2018-12-20,-1.3661983269,-1.3588282708,0.2187722396,0.6341059310,0.0000000000,-0.0240175167,0.0000000000,0.1711393461,0.0000000000,0.0000000000,0.0000000000,0.0000000000,1.0240175167
2019-01-08,-0.8187538009,-1.4836916412,0.2187722396,0.6341059310,0.0000000000,0.0127629406,0.0000000000,0.1343588888,0.0000000000,0.0000000000,0.0000000000,0.0000000000,1.0000000000
2019-01-23,-1.0077845356,-0.9858497188,0.2187722396,0.6341059310,0.0000000000,-0.0240175167,0.0000000000,0.1711393461,0.0000000000,0.0000000000,0.0000000000,0.0000000000,1.0240175167
2019-01-25,-0.9311927042,-0.9805665056,0.2187722396,0.6341059310,0.0000000000,0.0127629406,0.0000000000,0.1343588888,0.0000000000,0.0000000000,0.0000000000,0.0000000000,1.0000000000
2019-01-30,-1.1683134743,-0.4351251041,0.2187722396,0.6341059310,0.0000000000,-0.0240175167,0.0000000000,0.1711393461,0.0000000000,0.0000000000,0.0000000000,0.0000000000,1.0240175167
2019-01-31,-0.9422463427,-0.4851491511,0.2187722396,0.6341059310,0.0000000000,0.0127629406,0.0000000000,0.1343588888,0.0000000000,0.0000000000,0.0000000000,0.0000000000,1.0000000000
2019-02-01,-0.5821014596,-0.1409099937,0.3361300529,0.4378263304,0.0000000000,0.0196094710,0.0000000000,0.2064341457,0.0000000000,0.0000000000,0.0000000000,0.0000000000,1.0000000000
2019-04-26,0.8917528260,1.7021848868,0.2187531800,0.6406197757,0.0000000000,0.0332391196,0.0000000000,0.1073879247,0.0000000000,0.0000000000,0.0000000000,0.0000000000,1.0000000000
2019-06-04,-1.1764175376,0.7459663563,0.2187531800,0.6406197757,0.0000000000,-0.0019176415,0.0000000000,0.1425446858,0.0000000000,0.0000000000,0.0000000000,0.0000000000,1.0019176415
2019-06-05,-0.8655910517,0.8308561020,0.2187531800,0.6406197757,0.0000000000,0.0332391196,0.0000000000,0.1073879247,0.0000000000,0.0000000000,0.0000000000,0.0000000000,1.0000000000
2019-06-13,-0.3856722886,1.3124019126,0.4717837781,0.3974105243,0.0000000000,0.0220165423,0.0000000000,0.1087891553,0.0000000000,0.0000000000,0.0000000000,0.0000000000,1.0000000000
2019-07-19,0.5369306462,2.1766996873,0.6041040078,0.2284034886,0.0000000000,0.0281914768,0.0000000000,0.1393010268,0.0000000000,0.0000000000,0.0000000000,0.0000000000,1.0000000000
2019-10-11,-0.0933765937,0.7865510713,0.4732482596,0.3573090662,0.0000000000,0.0608626048,0.0000000000,0.1085800694,0.0000000000,0.0000000000,0.0000000000,0.0000000000,1.0000000000
2019-11-06,1.0632359979,1.3632931484,0.4732482596,0.3573090662,0.0000000000,0.1032232733,0.0000000000,0.0662194009,0.0000000000,0.0000000000,0.0000000000,0.0000000000,1.0000000000
2019-11-07,0.6927993607,1.2105532803,0.4732482596,0.3573090662,0.0000000000,0.0608626048,0.0000000000,0.1085800694,0.0000000000,0.0000000000,0.0000000000,0.0000000000,1.0000000000
2019-11-13,1.0222027716,1.2129213573,0.4732482596,0.3573090662,0.0000000000,0.1032232733,0.0000000000,0.0662194009,0.0000000000,0.0000000000,0.0000000000,0.0000000000,1.0000000000
2019-11-14,0.8945044366,1.3565921300,0.4732482596,0.3573090662,0.0000000000,0.0608626048,0.0000000000,0.1085800694,0.0000000000,0.0000000000,0.0000000000,0.0000000000,1.0000000000
2019-11-26,1.2072654339,0.6422982469,0.4732482596,0.3573090662,0.0000000000,0.1032232733,0.0000000000,0.0662194009,0.0000000000,0.0000000000,0.0000000000,0.0000000000,1.0000000000
2019-12-05,0.7798592227,0.8243557387,0.4732482596,0.3573090662,0.0000000000,0.0608626048,0.0000000000,0.1085800694,0.0000000000,0.0000000000,0.0000000000,0.0000000000,1.0000000000
2019-12-12,1.1510956461,0.6084549532,0.4732482596,0.3573090662,0.0000000000,0.1032232733,0.0000000000,0.0662194009,0.0000000000,0.0000000000,0.0000000000,0.0000000000,1.0000000000
2020-01-06,2.4639925882,1.1628059036,0.4705203405,0.4012629317,0.0000000000,0.0340299612,0.0000000000,0.0902707248,0.0000000000,0.0026498728,0.0000000000,0.0012661690,1.0000000000
2020-01-07,2.3536139625,0.7518959370,0.4705203405,0.4012629317,0.0000000000,0.0340299612,0.0000000000,0.0902707248,0.0000000000,0.0016708623,0.0000000000,0.0022451795,1.0000000000
2020-01-10,3.0160657665,1.3068589879,0.4705203405,0.4012629317,0.0000000000,0.0340299612,0.0000000000,0.0902707248,0.0000000000,0.0026498728,0.0000000000,0.0012661690,1.0000000000
2020-02-04,3.1772699972,0.3677349680,0.4705203405,0.4012629317,0.0000000000,0.0340299612,0.0000000000,0.0902707248,0.0000000000,0.0016708623,0.0000000000,0.0022451795,1.0000000000
2020-02-05,3.7773153670,1.3932863148,0.4705203405,0.4012629317,0.0000000000,0.0340299612,0.0000000000,0.0902707248,0.0000000000,0.0026498728,0.0000000000,0.0012661690,1.0000000000
2020-02-06,3.1088298733,0.8875926079,0.4705203405,0.4012629317,0.0000000000,0.0340299612,0.0000000000,0.0902707248,0.0000000000,0.0016708623,0.0000000000,0.0022451795,1.0000000000
2020-02-07,3.3690606293,1.1299509578,0.4705203405,0.4012629317,0.0000000000,0.0340299612,0.0000000000,0.0902707248,0.0000000000,0.0026498728,0.0000000000,0.0012661690,1.0000000000
2020-02-10,3.1482308267,0.3659863428,0.4705203405,0.4012629317,0.0000000000,0.0340299612,0.0000000000,0.0902707248,0.0000000000,0.0016708623,0.0000000000,0.0022451795,1.0000000000
2020-02-12,3.2767784960,1.0457447047,0.4705203405,0.4012629317,0.0000000000,0.0340299612,0.0000000000,0.0902707248,0.0000000000,0.0026498728,0.0000000000,0.0012661690,1.0000000000
2020-02-13,3.5255796616,0.6383601714,0.4705203405,0.4012629317,0.0000000000,0.0340299612,0.0000000000,0.0902707248,0.0000000000,0.0016708623,0.0000000000,0.0022451795,1.0000000000
2020-03-04,2.6775482963,-1.0873787544,0.4705203405,0.4012629317,0.0000000000,0.0340299612,0.0000000000,0.0902707248,0.0000000000,0.0006918519,0.0000000000,0.0032241899,1.0000000000
2020-03-06,3.1852222865,-0.6348281572,0.4705203405,0.4012629317,0.0000000000,0.0340299612,0.0000000000,0.0902707248,0.0000000000,0.0016708623,0.0000000000,0.0022451795,1.0000000000
2020-03-09,2.4707823690,-1.1183599354,0.4705203405,0.4012629317,0.0000000000,0.0340299612,0.0000000000,0.0902707248,0.0000000000,0.0006918519,0.0000000000,0.0032241899,1.0000000000
2020-03-30,2.6810694113,-3.2869425323,0.3568135079,0.5031144796,0.0000000000,0.0350180031,0.0000000000,0.1050540094,0.0000000000,0.0000000000,0.0000000000,0.0000000000,1.0000000000
2020-04-08,2.6027821696,-2.2041752519,0.3998631299,0.3318580928,0.0000000000,0.0670696943,0.0000000000,0.2012090830,0.0000000000,0.0000000000,0.0000000000,0.0000000000,1.0000000000
2020-04-22,2.7613849853,-2.0778751707,0.4138127832,0.4196044351,0.0000000000,0.0416456954,0.0000000000,0.1249370863,0.0000000000,0.0000000000,0.0000000000,0.0000000000,1.0000000000
2020-06-22,2.3520972637,-0.2081165260,0.2206937165,0.6709657317,0.0000000000,0.0270851379,0.0000000000,0.0812554138,0.0000000000,0.0000000000,0.0000000000,0.0000000000,1.0000000000
2020-07-21,2.2182568804,0.5708595178,0.2170941801,0.3190749079,0.0000000000,0.0444056277,0.0000000000,0.1332168832,0.0000000000,0.0000000000,0.0000000000,0.2862084011,1.0000000000
2020-08-19,1.7755603428,-1.0395531367,0.2170941801,0.3190749079,0.0000000000,0.0444056277,0.0000000000,0.1332168832,0.0000000000,-0.0715521003,0.0000000000,0.3577605014,1.0715521003
2020-08-20,1.7379011473,-0.9942003743,0.2170941801,0.3190749079,0.0000000000,0.0444056277,0.0000000000,0.1332168832,0.0000000000,0.0000000000,0.0000000000,0.2862084011,1.0000000000
2020-09-14,1.1871550093,0.2309993953,0.2254399610,0.2725620909,0.0000000000,0.3558063457,0.0000000000,0.1116960213,0.0000000000,0.0000000000,0.0000000000,0.0344955810,1.0000000000
2020-10-13,1.4640566370,1.1851157441,0.2254399610,0.2725620909,0.0000000000,0.3558063457,0.0000000000,0.1116960213,0.0000000000,0.0086238953,0.0000000000,0.0258716858,1.0000000000
2020-10-20,1.3300755140,0.9590037066,0.2254399610,0.2725620909,0.0000000000,0.3558063457,0.0000000000,0.1116960213,0.0000000000,0.0000000000,0.0000000000,0.0344955810,1.0000000000
2020-10-21,1.3256003464,1.2521164815,0.2254399610,0.2725620909,0.0000000000,0.3558063457,0.0000000000,0.1116960213,0.0000000000,0.0086238953,0.0000000000,0.0258716858,1.0000000000
2020-10-26,1.2353852706,0.9849755618,0.2254399610,0.2725620909,0.0000000000,0.3558063457,0.0000000000,0.1116960213,0.0000000000,0.0000000000,0.0000000000,0.0344955810,1.0000000000
2020-10-27,1.2623162571,1.2317780811,0.2254399610,0.2725620909,0.0000000000,0.3558063457,0.0000000000,0.1116960213,0.0000000000,0.0086238953,0.0000000000,0.0258716858,1.0000000000
2020-11-05,1.3552375283,2.5414081460,0.0000000000,1.0000000000,0.0000000000,0.0000000000,0.0000000000,0.0000000000,0.0000000000,0.0000000000,0.0000000000,0.0000000000,1.0000000000
2020-11-20,1.0386582103,1.8550057998,0.3253372639,0.0000000000,0.0000000000,0.5134718019,0.0000000000,0.1611909343,0.0000000000,0.0000000000,0.0000000000,0.0000000000,1.0000000000
2020-11-25,0.9287978945,1.6025331363,0.3253372639,0.0000000000,0.0000000000,0.3448061178,0.0000000000,0.3298566183,0.0000000000,0.0000000000,0.0000000000,0.0000000000,1.0000000000
2020-11-26,1.0580291921,1.4296838050,0.3253372639,0.0000000000,0.0000000000,0.5134718019,0.0000000000,0.1611909343,0.0000000000,0.0000000000,0.0000000000,0.0000000000,1.0000000000
2020-12-07,1.1585938164,2.0740512494,0.1424891467,0.3877198033,0.0000000000,0.3533808136,0.0000000000,0.0225894606,0.0000000000,0.0234551940,0.0000000000,0.0703655819,1.0000000000
2021-01-14,1.3237863270,3.2735920640,0.0000000000,1.0000000000,0.0000000000,0.0000000000,0.0000000000,0.0000000000,0.0000000000,0.0000000000,0.0000000000,0.0000000000,1.0000000000
2021-03-03,0.9368576768,1.4590822796,0.1349671280,0.6221081901,0.0000000000,0.0308344786,0.0000000000,0.2120902034,0.0000000000,0.0000000000,0.0000000000,0.0000000000,1.0000000000
2021-04-14,0.3687335720,0.1815456012,0.0252126560,0.7137631346,0.0000000000,0.0249602711,0.0000000000,0.2360639383,0.0000000000,0.0000000000,0.0000000000,0.0000000000,1.0000000000
2021-05-07,-1.1485593608,0.6109601703,0.0252126560,0.7137631346,0.0000000000,-0.0402957813,0.0000000000,0.3013199907,0.0000000000,0.0000000000,0.0000000000,0.0000000000,1.0402957813
2021-05-25,-1.0969454675,0.4528698953,0.0508652603,0.5853397880,0.0000000000,0.0508574061,0.0000000000,0.3129375456,0.0000000000,0.0000000000,0.0000000000,0.0000000000,1.0000000000
2021-05-27,-0.9614921173,0.4321585893,0.0508652603,0.5853397880,0.0000000000,0.1418061440,0.0000000000,0.2219888076,0.0000000000,0.0000000000,0.0000000000,0.0000000000,1.0000000000
2021-06-01,-1.0090663982,0.3886588495,0.0508652603,0.5853397880,0.0000000000,0.0508574061,0.0000000000,0.3129375456,0.0000000000,0.0000000000,0.0000000000,0.0000000000,1.0000000000
2021-06-08,-0.9563338246,0.2316560976,0.0508652603,0.5853397880,0.0000000000,0.1418061440,0.0000000000,0.2219888076,0.0000000000,0.0000000000,0.0000000000,0.0000000000,1.0000000000
2021-08-17,-0.9290457605,-1.5041243657,0.0342211496,0.3309542703,0.0000000000,0.2610882962,0.0000000000,0.3737362838,0.0000000000,0.0000000000,0.0000000000,0.0000000000,1.0000000000
2021-08-18,-0.9908625402,-1.6022768077,0.0400359659,0.0998614543,0.0000000000,0.3054521035,0.0000000000,0.5546504763,0.0000000000,0.0000000000,0.0000000000,0.0000000000,1.0000000000
2021-11-09,0.2207780814,-1.0269642574,0.0000000000,1.0000000000,0.0000000000,0.0000000000,0.0000000000,0.0000000000,0.0000000000,0.0000000000,0.0000000000,0.0000000000,1.0000000000
2022-07-20,-1.1510755964,-1.0747151649,0.3018846526,0.6935878347,0.0000000000,-0.0011318782,0.0000000000,0.0056593908,0.0000000000,0.0000000000,0.0000000000,0.0000000000,1.0011318782
2022-07-21,-0.9663195976,-1.1780099129,0.3018846526,0.6935878347,0.0000000000,0.0000000000,0.0000000000,0.0045275127,0.0000000000,0.0000000000,0.0000000000,0.0000000000,1.0000000000
2022-07-25,-1.0564049833,-1.1537285718,0.3018846526,0.6935878347,0.0000000000,-0.0011318782,0.0000000000,0.0056593908,0.0000000000,0.0000000000,0.0000000000,0.0000000000,1.0011318782
2022-08-01,-0.9348791521,-1.4269301729,0.3018846526,0.6935878347,0.0000000000,0.0000000000,0.0000000000,0.0045275127,0.0000000000,0.0000000000,0.0000000000,0.0000000000,1.0000000000
2022-09-05,-1.0278922292,-1.5546048980,0.3018846526,0.6935878347,0.0000000000,-0.0011318782,0.0000000000,0.0056593908,0.0000000000,0.0000000000,0.0000000000,0.0000000000,1.0011318782
2022-09-12,-0.8808299877,-1.6144441592,0.3018846526,0.6935878347,0.0000000000,0.0000000000,0.0000000000,0.0045275127,0.0000000000,0.0000000000,0.0000000000,0.0000000000,1.0000000000
2022-09-14,-1.0202316895,-1.4671778804,0.3018846526,0.6935878347,0.0000000000,-0.0011318782,0.0000000000,0.0056593908,0.0000000000,0.0000000000,0.0000000000,0.0000000000,1.0011318782
2022-09-15,-0.9214274486,-1.5571527787,0.3018846526,0.6935878347,0.0000000000,0.0000000000,0.0000000000,0.0045275127,0.0000000000,0.0000000000,0.0000000000,0.0000000000,1.0000000000
2022-09-23,-1.0331065403,-1.6837551077,0.3018846526,0.6935878347,0.0000000000,-0.0011318782,0.0000000000,0.0056593908,0.0000000000,0.0000000000,0.0000000000,0.0000000000,1.0011318782
2022-09-27,-0.9572727276,-1.3953314582,0.3018846526,0.6935878347,0.0000000000,0.0000000000,0.0000000000,0.0045275127,0.0000000000,0.0000000000,0.0000000000,0.0000000000,1.0000000000
2022-10-04,-1.0191601126,-1.4357318653,0.3018846526,0.6935878347,0.0000000000,-0.0011318782,0.0000000000,0.0056593908,0.0000000000,0.0000000000,0.0000000000,0.0000000000,1.0011318782
2022-10-05,-0.9952171434,-1.4240658574,0.3018846526,0.6935878347,0.0000000000,0.0000000000,0.0000000000,0.0045275127,0.0000000000,0.0000000000,0.0000000000,0.0000000000,1.0000000000
2022-10-10,-1.0623422690,-1.3888820233,0.3018846526,0.6935878347,0.0000000000,-0.0011318782,0.0000000000,0.0056593908,0.0000000000,0.0000000000,0.0000000000,0.0000000000,1.0011318782
2023-01-04,-2.1841106918,-0.9064036424,0.3561195524,0.6385395475,0.0000000000,-0.0013352250,0.0000000000,0.0066761252,0.0000000000,0.0000000000,0.0000000000,0.0000000000,1.0013352250
2023-01-05,-2.2310229887,-0.9664565075,0.6116247605,0.3843953879,0.0000000000,-0.0009949629,0.0000000000,0.0049748145,0.0000000000,0.0000000000,0.0000000000,0.0000000000,1.0009949629
2023-01-27,-0.9511835034,-0.0462352307,0.6116247605,0.3843953879,0.0000000000,0.0000000000,0.0000000000,0.0039798516,0.0000000000,0.0000000000,0.0000000000,0.0000000000,1.0000000000
2023-03-27,0.7413633103,-1.5885757608,0.7918431361,0.1447264014,0.0000000000,0.0000000000,0.0000000000,0.0634304626,0.0000000000,0.0000000000,0.0000000000,0.0000000000,1.0000000000
2023-03-29,0.4962083213,-1.7722354977,0.9258360568,0.0000000000,0.0000000000,0.0000000000,0.0000000000,0.0741639432,0.0000000000,0.0000000000,0.0000000000,0.0000000000,1.0000000000
2023-05-17,1.1317381193,-1.9507411823,0.9258360568,0.0000000000,0.0000000000,0.0185409858,0.0000000000,0.0556229574,0.0000000000,0.0000000000,0.0000000000,0.0000000000,1.0000000000
2023-08-18,0.9805205574,-1.3137705714,0.9258360568,0.0000000000,0.0000000000,0.0000000000,0.0000000000,0.0741639432,0.0000000000,0.0000000000,0.0000000000,0.0000000000,1.0000000000
2023-08-22,1.1004343770,-1.4310865975,0.9258360568,0.0000000000,0.0000000000,0.0185409858,0.0000000000,0.0556229574,0.0000000000,0.0000000000,0.0000000000,0.0000000000,1.0000000000
2023-09-21,0.9341590343,-1.8197847389,0.6666660458,0.0000000000,0.0000000000,0.0519070958,0.0000000000,0.2814268584,0.0000000000,0.0000000000,0.0000000000,0.0000000000,1.0000000000
2023-10-02,1.0342569303,-1.8048584338,0.6666660458,0.0000000000,0.0000000000,0.1352405843,0.0000000000,0.1980933699,0.0000000000,0.0000000000,0.0000000000,0.0000000000,1.0000000000
2023-10-19,0.9627255640,-1.7082706981,0.6666660458,0.0000000000,0.0000000000,0.0519070958,0.0000000000,0.2814268584,0.0000000000,0.0000000000,0.0000000000,0.0000000000,1.0000000000
2023-10-25,1.0054268263,-1.6423955637,0.6666660458,0.0000000000,0.0000000000,0.1352405843,0.0000000000,0.1980933699,0.0000000000,0.0000000000,0.0000000000,0.0000000000,1.0000000000
2023-10-26,0.7456583714,-1.6483891298,0.6666660458,0.0000000000,0.0000000000,0.0519070958,0.0000000000,0.2814268584,0.0000000000,0.0000000000,0.0000000000,0.0000000000,1.0000000000
2023-11-08,1.1286730104,-1.2611200453,0.6666660458,0.0000000000,0.0000000000,0.1352405843,0.0000000000,0.1980933699,0.0000000000,0.0000000000,0.0000000000,0.0000000000,1.0000000000
2023-12-01,0.9458476803,-1.7397706665,0.6666660458,0.0000000000,0.0000000000,0.0519070958,0.0000000000,0.2814268584,0.0000000000,0.0000000000,0.0000000000,0.0000000000,1.0000000000
2023-12-08,1.0123925116,-1.8095834373,0.6666660458,0.0000000000,0.0000000000,0.1352405843,0.0000000000,0.1980933699,0.0000000000,0.0000000000,0.0000000000,0.0000000000,1.0000000000
2023-12-12,0.9726407828,-1.8178233930,0.6666660458,0.0000000000,0.0000000000,0.0519070958,0.0000000000,0.2814268584,0.0000000000,0.0000000000,0.0000000000,0.0000000000,1.0000000000
2023-12-13,1.0070542198,-1.8470581641,0.6666660458,0.0000000000,0.0000000000,0.1352405843,0.0000000000,0.1980933699,0.0000000000,0.0000000000,0.0000000000,0.0000000000,1.0000000000
2023-12-15,0.9962743829,-1.9694886984,0.6666660458,0.0000000000,0.0000000000,0.0519070958,0.0000000000,0.2814268584,0.0000000000,0.0000000000,0.0000000000,0.0000000000,1.0000000000
2023-12-18,1.1356117495,-1.9310253116,0.6666660458,0.0000000000,0.0000000000,0.1352405843,0.0000000000,0.1980933699,0.0000000000,0.0000000000,0.0000000000,0.0000000000,1.0000000000
2024-01-03,0.7735403468,-1.6892207636,0.6666660458,0.0000000000,0.0000000000,0.0519070958,0.0000000000,0.2814268584,0.0000000000,0.0000000000,0.0000000000,0.0000000000,1.0000000000
2024-01-17,1.0069296724,-1.6568594123,0.6666660458,0.0000000000,0.0000000000,0.1352405843,0.0000000000,0.1980933699,0.0000000000,0.0000000000,0.0000000000,0.0000000000,1.0000000000
2024-01-18,0.9944057125,-1.6603346735,0.6666660458,0.0000000000,0.0000000000,0.0519070958,0.0000000000,0.2814268584,0.0000000000,0.0000000000,0.0000000000,0.0000000000,1.0000000000
2024-01-19,1.1414044609,-1.3788300502,0.6666660458,0.0000000000,0.0000000000,0.1352405843,0.0000000000,0.1980933699,0.0000000000,0.0000000000,0.0000000000,0.0000000000,1.0000000000
2024-02-01,0.8149937901,-1.3638601730,0.6666660458,0.0000000000,0.0000000000,0.0519070958,0.0000000000,0.2814268584,0.0000000000,0.0000000000,0.0000000000,0.0000000000,1.0000000000
2024-02-05,1.0775056439,-1.0521665243,0.6666660458,0.0000000000,0.0000000000,0.1352405843,0.0000000000,0.1980933699,0.0000000000,0.0000000000,0.0000000000,0.0000000000,1.0000000000
2024-02-21,0.8812196676,-0.9409064984,0.6666660458,0.0000000000,0.0000000000,0.0519070958,0.0000000000,0.2814268584,0.0000000000,0.0000000000,0.0000000000,0.0000000000,1.0000000000
2024-03-01,1.0972994379,-0.8463968798,0.6666660458,0.0000000000,0.0000000000,0.1352405843,0.0000000000,0.1980933699,0.0000000000,0.0000000000,0.0000000000,0.0000000000,1.0000000000
2024-03-06,0.7045005887,-0.7090710530,0.6666660458,0.0000000000,0.0000000000,0.0519070958,0.0000000000,0.2814268584,0.0000000000,0.0000000000,0.0000000000,0.0000000000,1.0000000000
2024-04-12,1.0282465528,-1.0580982673,0.6666660458,0.0000000000,0.0000000000,0.1352405843,0.0000000000,0.1980933699,0.0000000000,0.0000000000,0.0000000000,0.0000000000,1.0000000000
2024-04-15,0.9366115626,-1.1748845667,0.6666660458,0.0000000000,0.0000000000,0.0519070958,0.0000000000,0.2814268584,0.0000000000,0.0000000000,0.0000000000,0.0000000000,1.0000000000
2024-05-06,1.0116300042,-0.5483807098,0.6666660458,0.0000000000,0.0000000000,0.1352405843,0.0000000000,0.1980933699,0.0000000000,0.0000000000,0.0000000000,0.0000000000,1.0000000000
2024-05-08,0.8920680589,-0.3860135241,0.6666660458,0.0000000000,0.0000000000,0.0519070958,0.0000000000,0.2814268584,0.0000000000,0.0000000000,0.0000000000,0.0000000000,1.0000000000
2024-05-16,1.0704029217,-0.2358608256,0.6666660458,0.0000000000,0.0000000000,0.1352405843,0.0000000000,0.1980933699,0.0000000000,0.0000000000,0.0000000000,0.0000000000,1.0000000000
2024-05-20,0.7369167108,-0.0412597059,0.6666660458,0.0000000000,0.0000000000,0.0519070958,0.0000000000,0.2814268584,0.0000000000,0.0000000000,0.0000000000,0.0000000000,1.0000000000
2024-05-21,1.4042610557,-0.1864794875,0.6666660458,0.0000000000,0.0000000000,0.1352405843,0.0000000000,0.1980933699,0.0000000000,0.0000000000,0.0000000000,0.0000000000,1.0000000000
2024-07-25,0.9489260437,0.9529605386,0.6666660458,0.0000000000,0.0000000000,0.0519070958,0.0000000000,0.2814268584,0.0000000000,0.0000000000,0.0000000000,0.0000000000,1.0000000000
2024-08-15,-0.0097233984,0.4030651610,0.3306416503,0.2026677876,0.0000000000,0.2504694821,0.0000000000,0.2162210800,0.0000000000,0.0000000000,0.0000000000,0.0000000000,1.0000000000
2024-09-04,-1.2715795463,1.5856915796,0.3306416503,0.2026677876,0.0000000000,0.1337968415,0.0000000000,0.3328937206,0.0000000000,0.0000000000,0.0000000000,0.0000000000,1.0000000000
2024-09-06,-0.8349318989,1.4181625347,0.3306416503,0.2026677876,0.0000000000,0.2504694821,0.0000000000,0.2162210800,0.0000000000,0.0000000000,0.0000000000,0.0000000000,1.0000000000
2024-09-09,-1.4687515074,1.4644012010,0.3306416503,0.2026677876,0.0000000000,0.1337968415,0.0000000000,0.3328937206,0.0000000000,0.0000000000,0.0000000000,0.0000000000,1.0000000000
2024-09-12,-0.4998017022,1.6613365011,0.3306416503,0.2026677876,0.0000000000,0.2504694821,0.0000000000,0.2162210800,0.0000000000,0.0000000000,0.0000000000,0.0000000000,1.0000000000
2024-11-07,0.8713679574,2.0391913436,0.8118148984,0.0000000000,0.0000000000,0.0393006088,0.0000000000,0.1306598420,0.0000000000,0.0141858203,0.0000000000,0.0040388304,1.0000000000
2024-11-08,1.3234089445,2.2306096211,0.8118148984,0.0000000000,0.0000000000,0.0817907215,0.0000000000,0.0881697293,0.0000000000,0.0141858203,0.0000000000,0.0040388304,1.0000000000
2024-11-15,0.9462237348,2.1149571184,0.8118148984,0.0000000000,0.0000000000,0.0393006088,0.0000000000,0.1306598420,0.0000000000,0.0141858203,0.0000000000,0.0040388304,1.0000000000
2024-12-04,1.0795778325,1.0175829953,0.8118148984,0.0000000000,0.0000000000,0.0817907215,0.0000000000,0.0881697293,0.0000000000,0.0141858203,0.0000000000,0.0040388304,1.0000000000
2024-12-05,1.5345195522,0.9326424142,0.8118148984,0.0000000000,0.0000000000,0.0817907215,0.0000000000,0.0881697293,0.0000000000,0.0096296577,0.0000000000,0.0085949931,1.0000000000
2024-12-20,2.4961786106,1.0844828742,0.8118148984,0.0000000000,0.0000000000,0.0817907215,0.0000000000,0.0881697293,0.0000000000,0.0141858203,0.0000000000,0.0040388304,1.0000000000
2024-12-23,2.3869573464,0.9078148260,0.8118148984,0.0000000000,0.0000000000,0.0817907215,0.0000000000,0.0881697293,0.0000000000,0.0096296577,0.0000000000,0.0085949931,1.0000000000
2024-12-24,2.4699679674,1.1492374626,0.8118148984,0.0000000000,0.0000000000,0.0817907215,0.0000000000,0.0881697293,0.0000000000,0.0141858203,0.0000000000,0.0040388304,1.0000000000
2024-12-30,2.1948969051,0.9995995737,0.8118148984,0.0000000000,0.0000000000,0.0817907215,0.0000000000,0.0881697293,0.0000000000,0.0096296577,0.0000000000,0.0085949931,1.0000000000
2024-12-31,2.0861336317,1.0417701185,0.8118148984,0.0000000000,0.0000000000,0.0817907215,0.0000000000,0.0881697293,0.0000000000,0.0141858203,0.0000000000,0.0040388304,1.0000000000
2025-01-03,1.8078679881,0.8475652058,0.8118148984,0.0000000000,0.0000000000,0.0817907215,0.0000000000,0.0881697293,0.0000000000,0.0096296577,0.0000000000,0.0085949931,1.0000000000
2025-01-06,2.0279528838,1.0081180709,0.8118148984,0.0000000000,0.0000000000,0.0817907215,0.0000000000,0.0881697293,0.0000000000,0.0141858203,0.0000000000,0.0040388304,1.0000000000
2025-01-07,2.5011940502,0.9820424083,0.8118148984,0.0000000000,0.0000000000,0.0817907215,0.0000000000,0.0881697293,0.0000000000,0.0096296577,0.0000000000,0.0085949931,1.0000000000
2025-01-08,1.8885303227,1.0893637007,0.8118148984,0.0000000000,0.0000000000,0.0817907215,0.0000000000,0.0881697293,0.0000000000,0.0141858203,0.0000000000,0.0040388304,1.0000000000
2025-01-09,1.8073660511,0.8803442916,0.8118148984,0.0000000000,0.0000000000,0.0817907215,0.0000000000,0.0881697293,0.0000000000,0.0096296577,0.0000000000,0.0085949931,1.0000000000
2025-01-10,1.7886318781,1.0701925844,0.8118148984,0.0000000000,0.0000000000,0.0817907215,0.0000000000,0.0881697293,0.0000000000,0.0141858203,0.0000000000,0.0040388304,1.0000000000
2025-01-17,1.1137297299,0.9960687740,0.8118148984,0.0000000000,0.0000000000,0.0817907215,0.0000000000,0.0881697293,0.0000000000,0.0096296577,0.0000000000,0.0085949931,1.0000000000
2025-01-20,1.4585188755,1.0252331718,0.8118148984,0.0000000000,0.0000000000,0.0817907215,0.0000000000,0.0881697293,0.0000000000,0.0141858203,0.0000000000,0.0040388304,1.0000000000
2025-01-28,0.3339173227,0.9092126336,0.8118148984,0.0000000000,0.0000000000,0.0393006088,0.0000000000,0.1306598420,0.0000000000,0.0096296577,0.0000000000,0.0085949931,1.0000000000
2025-02-06,0.7972084778,1.0135533826,0.8118148984,0.0000000000,0.0000000000,0.0393006088,0.0000000000,0.1306598420,0.0000000000,0.0141858203,0.0000000000,0.0040388304,1.0000000000
2025-02-11,0.8270486942,0.9763169810,0.8118148984,0.0000000000,0.0000000000,0.0393006088,0.0000000000,0.1306598420,0.0000000000,0.0096296577,0.0000000000,0.0085949931,1.0000000000
2025-02-17,1.2168055938,1.1276615848,0.8118148984,0.0000000000,0.0000000000,0.0817907215,0.0000000000,0.0881697293,0.0000000000,0.0141858203,0.0000000000,0.0040388304,1.0000000000
2025-02-21,1.0295442514,0.9575375143,0.8118148984,0.0000000000,0.0000000000,0.0817907215,0.0000000000,0.0881697293,0.0000000000,0.0096296577,0.0000000000,0.0085949931,1.0000000000
2025-02-24,0.6747935642,1.1548757255,0.8118148984,0.0000000000,0.0000000000,0.0393006088,0.0000000000,0.1306598420,0.0000000000,0.0141858203,0.0000000000,0.0040388304,1.0000000000
2025-02-27,-0.1025829909,0.9518374493,0.8118148984,0.0000000000,0.0000000000,0.0393006088,0.0000000000,0.1306598420,0.0000000000,0.0096296577,0.0000000000,0.0085949931,1.0000000000
2025-03-04,-1.2042412850,0.8362557652,0.8118148984,0.0000000000,0.0000000000,-0.0031895039,0.0000000000,0.1731499547,0.0000000000,0.0096296577,0.0000000000,0.0085949931,1.0031895039
2025-03-05,-0.6502300534,0.7253442760,0.8118148984,0.0000000000,0.0000000000,0.0393006088,0.0000000000,0.1306598420,0.0000000000,0.0096296577,0.0000000000,0.0085949931,1.0000000000
2025-03-07,-1.0101944851,0.8211934841,0.8118148984,0.0000000000,0.0000000000,-0.0031895039,0.0000000000,0.1731499547,0.0000000000,0.0096296577,0.0000000000,0.0085949931,1.0031895039
2025-03-10,-0.9650942318,0.7147036150,0.8118148984,0.0000000000,0.0000000000,0.0393006088,0.0000000000,0.1306598420,0.0000000000,0.0096296577,0.0000000000,0.0085949931,1.0000000000
2025-03-11,-1.6811356249,0.5660651345,0.8118148984,0.0000000000,0.0000000000,-0.0031895039,0.0000000000,0.1731499547,0.0000000000,0.0096296577,0.0000000000,0.0085949931,1.0031895039
2025-03-13,-0.9480825064,0.5378641326,0.8118148984,0.0000000000,0.0000000000,0.0393006088,0.0000000000,0.1306598420,0.0000000000,0.0096296577,0.0000000000,0.0085949931,1.0000000000
2025-03-14,-1.2522046753,0.5161007917,0.8118148984,0.0000000000,0.0000000000,-0.0031895039,0.0000000000,0.1731499547,0.0000000000,0.0096296577,0.0000000000,0.0085949931,1.0031895039
2025-03-17,-0.9436082936,0.7498445009,0.8118148984,0.0000000000,0.0000000000,0.0393006088,0.0000000000,0.1306598420,0.0000000000,0.0096296577,0.0000000000,0.0085949931,1.0000000000
2025-03-18,-1.1402738403,0.4827575620,0.8118148984,0.0000000000,0.0000000000,-0.0031895039,0.0000000000,0.1731499547,0.0000000000,0.0096296577,0.0000000000,0.0085949931,1.0031895039
2025-03-25,-0.8745060002,0.3251880542,0.8118148984,0.0000000000,0.0000000000,0.0393006088,0.0000000000,0.1306598420,0.0000000000,0.0096296577,0.0000000000,0.0085949931,1.0000000000
2025-03-27,-1.1983595141,0.0341282262,0.8118148984,0.0000000000,0.0000000000,-0.0031895039,0.0000000000,0.1731499547,0.0000000000,0.0096296577,0.0000000000,0.0085949931,1.0031895039
2025-04-25,-1.2077479441,-0.8467865850,0.5280987650,0.3000400127,0.0000000000,-0.0294269490,0.0000000000,0.1956623167,0.0000000000,0.0029726251,0.0000000000,0.0026532295,1.0294269490
2025-04-28,-0.9161392949,-0.7282983794,0.3749010376,0.4713946578,0.0000000000,0.0000000000,0.0000000000,0.1537043047,0.0000000000,0.0000000000,0.0000000000,0.0000000000,1.0000000000
2025-04-29,-1.0039263601,-0.7492310666,0.3749010376,0.4713946578,0.0000000000,-0.0384260762,0.0000000000,0.1921303808,0.0000000000,0.0000000000,0.0000000000,0.0000000000,1.0384260762
2025-05-02,-0.7293076273,-0.8629100974,0.3749010376,0.4713946578,0.0000000000,0.0000000000,0.0000000000,0.1537043047,0.0000000000,0.0000000000,0.0000000000,0.0000000000,1.0000000000
2025-06-24,0.7229247797,-2.1914877459,0.4813970043,0.4427402201,0.0000000000,0.0000000000,0.0000000000,0.0758627756,0.0000000000,0.0000000000,0.0000000000,0.0000000000,1.0000000000
2025-06-26,1.0523256855,-1.8858368767,0.4813970043,0.4427402201,0.0000000000,0.0189656939,0.0000000000,0.0568970817,0.0000000000,0.0000000000,0.0000000000,0.0000000000,1.0000000000
2025-07-02,0.8186775739,-2.0133534560,0.4813970043,0.4427402201,0.0000000000,0.0000000000,0.0000000000,0.0758627756,0.0000000000,0.0000000000,0.0000000000,0.0000000000,1.0000000000
2025-07-03,1.0476343608,-1.9866937600,0.4813970043,0.4427402201,0.0000000000,0.0189656939,0.0000000000,0.0568970817,0.0000000000,0.0000000000,0.0000000000,0.0000000000,1.0000000000
2025-07-18,1.6178055609,-1.5718951421,0.6015028473,0.0000000000,0.0000000000,0.0864946083,0.0000000000,0.2219269398,0.0000000000,0.0314111855,0.0000000000,0.0586644190,1.0000000000
2025-08-25,1.3260817665,-0.9666788406,0.6015028473,0.0000000000,0.0000000000,0.0864946083,0.0000000000,0.2219269398,0.0000000000,0.0539300867,0.0000000000,0.0361455179,1.0000000000
2025-09-24,1.8315632520,1.0107059047,0.6015028473,0.0000000000,0.0000000000,0.0864946083,0.0000000000,0.2219269398,0.0000000000,0.0764489878,0.0000000000,0.0136266167,1.0000000000
2025-10-13,1.5524644850,0.9797127620,0.6015028473,0.0000000000,0.0000000000,0.0864946083,0.0000000000,0.2219269398,0.0000000000,0.0539300867,0.0000000000,0.0361455179,1.0000000000
2025-10-27,1.6887911257,0.9075219779,0.7821938363,0.0000000000,0.0000000000,0.0559219640,0.0000000000,0.1304100066,0.0000000000,0.0189408268,0.0000000000,0.0125333663,1.0000000000
2025-10-30,2.2255161268,1.0053592453,0.7821938363,0.0000000000,0.0000000000,0.0559219640,0.0000000000,0.1304100066,0.0000000000,0.0268093750,0.0000000000,0.0046648180,1.0000000000
2025-10-31,2.0516134458,0.9576128413,0.7821938363,0.0000000000,0.0000000000,0.0559219640,0.0000000000,0.1304100066,0.0000000000,0.0189408268,0.0000000000,0.0125333663,1.0000000000
2025-11-21,0.9747162334,0.1438710340,0.7821938363,0.0000000000,0.0000000000,0.0093389714,0.0000000000,0.1769929992,0.0000000000,0.0189408268,0.0000000000,0.0125333663,1.0000000000
2025-11-25,1.3208127327,0.0942999583,0.7821938363,0.0000000000,0.0000000000,0.0559219640,0.0000000000,0.1304100066,0.0000000000,0.0189408268,0.0000000000,0.0125333663,1.0000000000
2025-12-09,1.4791139652,0.8701114265,0.6373005552,0.1504680594,0.0000000000,0.0664992570,0.0000000000,0.1214059585,0.0000000000,0.0148663662,0.0000000000,0.0094598037,1.0000000000
2025-12-16,0.9109251294,0.8124304008,0.6373005552,0.1504680594,0.0000000000,0.0195229532,0.0000000000,0.1683822624,0.0000000000,0.0148663662,0.0000000000,0.0094598037,1.0000000000
2025-12-17,1.0777217975,0.6682536391,0.6373005552,0.1504680594,0.0000000000,0.0664992570,0.0000000000,0.1214059585,0.0000000000,0.0148663662,0.0000000000,0.0094598037,1.0000000000
2025-12-18,0.8315748749,1.0279112199,0.6373005552,0.1504680594,0.0000000000,0.0195229532,0.0000000000,0.1683822624,0.0000000000,0.0209479087,0.0000000000,0.0033782612,1.0000000000
2025-12-19,1.0227386537,0.6130147925,0.6373005552,0.1504680594,0.0000000000,0.0664992570,0.0000000000,0.1214059585,0.0000000000,0.0148663662,0.0000000000,0.0094598037,1.0000000000
2025-12-30,0.9843168252,0.4607969561,0.6373005552,0.1504680594,0.0000000000,0.0195229532,0.0000000000,0.1683822624,0.0000000000,0.0148663662,0.0000000000,0.0094598037,1.0000000000
2026-01-06,0.8608272468,0.6726536444,0.3582392661,0.2111807429,0.0000000000,0.0052714183,0.0000000000,0.1715293673,0.0000000000,0.2512249514,0.0000000000,0.0025542540,1.0000000000
2026-01-08,1.0241079648,0.4925307211,0.3582392661,0.2111807429,0.0000000000,0.0494716147,0.0000000000,0.1273291709,0.0000000000,0.2512249514,0.0000000000,0.0025542540,1.0000000000
2026-01-09,0.8970076886,0.1625094379,0.3582392661,0.2111807429,0.0000000000,0.0052714183,0.0000000000,0.1715293673,0.0000000000,0.2512249514,0.0000000000,0.0025542540,1.0000000000
2026-01-26,0.8818464950,-1.0270311352,0.3582392661,0.2111807429,0.0000000000,0.0052714183,0.0000000000,0.1715293673,0.0000000000,0.1877801500,0.0000000000,0.0659990554,1.0000000000
2026-01-28,1.0013191604,-1.0921565624,0.3582392661,0.2111807429,0.0000000000,0.0494716147,0.0000000000,0.1273291709,0.0000000000,0.1877801500,0.0000000000,0.0659990554,1.0000000000
2026-01-30,0.8641062608,-0.9178178894,0.3582392661,0.2111807429,0.0000000000,0.0052714183,0.0000000000,0.1715293673,0.0000000000,0.2512249514,0.0000000000,0.0025542540,1.0000000000
2026-02-12,0.1513705616,-1.0493553923,0.3582392661,0.2111807429,0.0000000000,0.0052714183,0.0000000000,0.1715293673,0.0000000000,0.1877801500,0.0000000000,0.0659990554,1.0000000000
2026-02-13,-0.0057327397,-0.9976245696,0.3582392661,0.2111807429,0.0000000000,0.0052714183,0.0000000000,0.1715293673,0.0000000000,0.2512249514,0.0000000000,0.0025542540,1.0000000000
2026-02-27,-0.0469415286,-1.0088999277,0.3582392661,0.2111807429,0.0000000000,0.0052714183,0.0000000000,0.1715293673,0.0000000000,0.1877801500,0.0000000000,0.0659990554,1.0000000000
2026-03-02,-0.2031683205,-1.4336238280,0.1530464167,0.6391708730,0.0000000000,0.0016424536,0.0000000000,0.1270684471,0.0000000000,0.0585080099,0.0000000000,0.0205637997,1.0000000000
2026-03-03,-0.1138000673,-1.5964181603,0.0607885635,0.8311789894,0.0000000000,0.0000000000,0.0000000000,0.1080324471,0.0000000000,0.0000000000,0.0000000000,0.0000000000,1.0000000000
2026-03-30,-0.4787902687,-0.4137723633,0.1270238124,0.5414214179,0.0000000000,0.0000000000,0.0000000000,0.2302207846,0.0000000000,0.0000000000,0.0000000000,0.1013339851,1.0000000000
2026-04-16,1.0715939010,0.3758813784,0.1270238124,0.5414214179,0.0000000000,0.0575551962,0.0000000000,0.1726655885,0.0000000000,0.0000000000,0.0000000000,0.1013339851,1.0000000000
2026-04-29,1.6208766314,0.5348633269,0.0757986156,0.5833794437,0.0000000000,0.0894982722,0.0000000000,0.1908548820,0.0000000000,0.0000000000,0.0000000000,0.0604687865,1.0000000000
2026-05-13,2.5123610230,1.0482564932,0.0757986156,0.5833794437,0.0000000000,0.0894982722,0.0000000000,0.1908548820,0.0000000000,0.0151171966,0.0000000000,0.0453515899,1.0000000000
2026-05-19,2.3460432959,0.8079002433,0.0757986156,0.5833794437,0.0000000000,0.0894982722,0.0000000000,0.1908548820,0.0000000000,0.0000000000,0.0000000000,0.0604687865,1.0000000000
2026-05-25,2.2593590389,1.0974804569,0.0757986156,0.5833794437,0.0000000000,0.0894982722,0.0000000000,0.1908548820,0.0000000000,0.0151171966,0.0000000000,0.0453515899,1.0000000000
2026-05-29,2.6171224511,1.8650180076,0.1455268699,0.4010735617,0.0000000000,0.1277758714,0.0000000000,0.2954156528,0.0000000000,0.0075520111,0.0000000000,0.0226560332,1.0000000000
2026-06-18,1.5868588558,1.8277387557,0.0851090420,0.4964313464,0.0000000000,0.3064172321,0.0000000000,0.1007710224,0.0000000000,0.0073860569,0.0000000000,0.0038853002,1.0000000000
2026-06-25,0.8938657146,1.8306760755,0.0851090420,0.4964313464,0.0000000000,0.2046201685,0.0000000000,0.2025680861,0.0000000000,0.0073860569,0.0000000000,0.0038853002,1.0000000000
2026-07-01,1.3464648693,2.3071449214,0.0851090420,0.4964313464,0.0000000000,0.3064172321,0.0000000000,0.1007710224,0.0000000000,0.0073860569,0.0000000000,0.0038853002,1.0000000000
2026-07-03,0.7004676750,1.3273928201,0.0851090420,0.4964313464,0.0000000000,0.2046201685,0.0000000000,0.2025680861,0.0000000000,0.0073860569,0.0000000000,0.0038853002,1.0000000000
2026-07-21,0.2233063044,1.6596023296,0.1180760581,0.3795363693,0.0000000000,0.2675233545,0.0000000000,0.2192268971,0.0000000000,0.0102470486,0.0000000000,0.0053902725,1.0000000000
2026-07-29,-1.0498038140,1.0219761460,0.1180760581,0.3795363693,0.0000000000,0.1458357916,0.0000000000,0.3409144599,0.0000000000,0.0102470486,0.0000000000,0.0053902725,1.0000000000
2026-07-31,-0.6865231295,0.7328855623,0.1180760581,0.3795363693,0.0000000000,0.2675233545,0.0000000000,0.2192268971,0.0000000000,0.0063377183,0.0000000000,0.0092996027,1.0000000000
2026-08-17,0.2191576899,0.2017354274,0.1738744934,0.5418944765,0.0000000000,0.1819399776,0.0000000000,0.1022910525,0.0000000000,0.0000000000,0.0000000000,0.0000000000,1.0000000000
