horizon,factor,dev_n,dev_rank_ic,dev_ic_t_nw,dev_ic_p,val_rank_ic,val_ic_t_nw,hold_rank_ic,hold_ic_t_nw,dev_top2_bottom2,dev_spread_t_nw,val_top2_bottom2,val_spread_t_nw,hold_top2_bottom2,hold_spread_t_nw,val_sign_stable,hold_sign_stable,dev_bh_q,selection_score
5,ma_distance_120,3236,0.0826740257670582,4.4349648365174215,9.208731848602591e-06,0.02019592331560416,0.7666170769792395,0.012970695843030235,0.4879150004220677,0.0035296588277984294,3.0788718643585455,0.0002651887904624244,0.19815063390364476,-0.0008559590454008314,-0.6989815269854388,1,1,0.0003315143465496933,6.9349648365174215
5,risk_adjusted_momentum_252_60,3103,0.07840779101659351,4.235606396065476,2.2793574341121154e-05,0.018972001897790608,0.761360362777817,0.07520822774697632,2.9034841659614044,0.003061363836401616,2.6950860062935655,0.0003671052626825397,0.2773566748180428,0.0017204164706115662,1.3929348357621176,1,1,0.0004102843381401808,6.735606396065476
5,ma_distance_252,3104,0.0794898205554043,4.1206192556363055,3.7785542002799336e-05,0.02655939308347826,1.006547930617861,0.03481482256815172,1.3159892610392097,0.003518391971014492,2.9709547813855877,-0.00036410698582676,-0.27141279081725456,1.7378853614223836e-05,0.014523953555862125,1,1,0.00045342650403359204,6.6206192556363055
5,momentum_252,3103,0.07470232535389369,3.9327870084912036,8.396663286237174e-05,0.03513098755871274,1.4280069991510012,0.06149952032963128,2.452492516684328,0.0030266200618721344,2.579326630236813,0.0005889309371003418,0.4443657798100975,0.0011294460455413386,0.9886630007127706,1,1,0.0007556996957613456,6.4327870084912036
5,risk_adjusted_momentum_60_20,3295,0.068943308498327,3.8317713678164163,0.00012722394247929587,0.026511613534866047,1.100770591301756,0.027360515920163652,1.085591502685029,0.0031666224063361457,2.9210405431468063,0.0016481875921486079,1.3232741479044454,-0.00026822586012181104,-0.2307346196812815,1,1,0.0007633436548757752,6.331771367816416
5,momentum_60,3295,0.06849221501201702,3.7046126060796407,0.00021171404255748946,0.008889409176594318,0.3489133919005153,0.02414816796683915,0.91974710106857,0.003331787423009476,2.987021660612285,0.00034757919656158644,0.25886273202279825,-0.00037684558827790735,-0.3181849492411124,1,1,0.0010888150760099459,6.204612606079641
5,drawdown_120,3234,0.0639939155629926,3.6375436581209963,0.0002752505471002631,0.023999196538693406,1.0072945640236974,0.008521613116175978,0.3451856926578676,0.0023726230942895847,2.1694637840670725,0.0022474749584263346,1.8325479182318563,-0.00105429728355578,-0.9448907904151075,1,1,0.0011010021884010524,6.137543658120997
5,near_peak_120,3234,0.0639939155629926,3.6375436581209963,0.0002752505471002631,0.023999196538693406,1.0072945640236974,0.008521613116175978,0.3451856926578676,0.0023726230942895847,2.1694637840670725,0.0022474749584263346,1.8325479182318563,-0.00105429728355578,-0.9448907904151075,1,1,0.0011010021884010524,6.137543658120997
5,momentum_120,3235,0.06433951871796519,3.4328713534868713,0.0005972253986190841,0.02355567950089159,0.8918929805945416,0.010193300192833547,0.3865399201543693,0.003142740236128277,2.733840778360418,-0.0005739178327572545,-0.4108482147437953,-0.0012954906266718982,-1.0950537653742278,1,1,0.0021044709996611236,5.932871353486871
5,risk_adjusted_momentum_120_60,3235,0.06397479689264898,3.4127823315993417,0.0006430328054520101,0.014163985759156545,0.5409238448096686,0.018978065153772528,0.7234474168079004,0.0028902950985659663,2.4831058147172413,-0.0002819875240545767,-0.21598898051151025,-0.0008205219552690482,-0.6801276272807177,1,1,0.0021044709996611236,5.912782331599342
5,drawdown_252,3104,0.06161080933793703,3.3351356644805574,0.0008525779408363431,0.023604786303970757,0.9466363570762902,0.03755598744097977,1.5610100800140483,0.0025345437155873496,2.2374243746742235,0.0014339244489497457,1.1446870020528837,0.0005630354509774045,0.528982504011832,1,1,0.0023609850669314117,5.835135664480557
5,near_peak_252,3104,0.06161080933793703,3.3351356644805574,0.0008525779408363431,0.023604786303970757,0.9466363570762902,0.03755598744097977,1.5610100800140483,0.0025345437155873496,2.2374243746742235,0.0014339244489497457,1.1446870020528837,0.0005630354509774045,0.528982504011832,1,1,0.0023609850669314117,5.835135664480557
5,efficiency_60,3295,0.04506101011188731,2.6370812905613903,0.00836227895545612,0.0063069589571962265,0.26879441668317006,0.00991803139499589,0.4416349788880126,0.003131876536864248,2.9944343529491055,0.0005966183557501711,0.5086550764244685,0.0004970490422726948,0.47763266865272436,1,1,0.01672455791091224,5.13708129056139
5,ma_distance_60,3296,0.0702368601631134,3.8456850026123037,0.0001202161204430518,-0.011380045312832642,-0.4521333443708835,0.014548632480469493,0.5413144517679973,0.002886575597446269,2.6150044860351906,0.00023651153996665747,0.18324835658938413,-0.00019033549667563858,-0.16467376632374656,0,1,0.0007633436548757752,4.845685002612304
5,risk_adjusted_momentum_20_20,3335,0.05177477040136537,3.051147268981082,0.0022796872966238967,-0.023954094555472902,-1.027047780138331,0.022048377938821247,0.8901761224874876,0.0021682822702421647,2.0958121472175835,-0.00011487058653114854,-0.0963776247755951,0.00027446250112300887,0.2574896200498842,0,1,0.005862053048461449,4.051147268981082
5,drawdown_60,3286,0.051217799310719646,2.9375190845654577,0.003308498077270583,-0.004444899435381727,-0.19075357767178472,-0.0018353337074714985,-0.07446909481227328,0.0022673601867121973,2.131782624273236,0.0012687485059017108,1.0229313046020696,-0.0006530131718741172,-0.6003913673627037,0,0,0.007444120673858812,3.9375190845654577
5,near_peak_60,3286,0.051217799310719646,2.9375190845654577,0.003308498077270583,-0.004444899435381727,-0.19075357767178472,-0.0018353337074714985,-0.07446909481227328,0.0022673601867121973,2.131782624273236,0.0012687485059017108,1.0229313046020696,-0.0006530131718741172,-0.6003913673627037,0,0,0.007444120673858812,3.9375190845654577
5,efficiency_120,3235,0.05198358143086719,2.7737400799000587,0.005541593418443784,-0.009018209927158684,-0.35958641245333195,0.025672288491281205,1.0610168829900384,0.003950825843682681,3.3220706922032393,-0.001248904651994917,-1.007021322968454,0.0010763044481342458,0.9989868719010224,0,1,0.011735139003763308,3.7737400799000587
5,momentum_20,3335,0.0455964981723246,2.5930826381430414,0.009511991184980764,-0.021546141703853716,-0.8746971689568946,0.0296478025566143,1.1509098674015663,0.002069111213872814,1.9064540235236687,0.00044749317370442826,0.34146006458402384,0.0002903065741011521,0.2628066495682226,0,1,0.018022720139963554,3.5930826381430414
5,efficiency_20,3335,0.03188594462209708,1.958813440587956,0.05013463896354028,0.015762232689007817,0.7140366725102765,0.023776302811089393,1.050723689128764,0.0027231085222893547,2.7742098222576663,0.00041684322009383104,0.39246505549147026,0.0019726165694023447,1.898850428506258,1,1,0.08594509536606905,3.458813440587956
5,ma_distance_20,3336,0.041072213004911026,2.3623361524007773,0.01816016703495549,-0.016883525830198264,-0.6967324868627336,0.002736804475063635,0.1126886112964874,0.0014109195387063324,1.3255222774055546,-0.0001828021985123378,-0.14640069814820242,-0.0005397385489381086,-0.5059849909497798,0,1,0.03268830066291988,3.3623361524007773
5,volatility_20,3335,0.02813935663058454,1.5794133122355054,0.11424128588990819,0.03695815973562312,1.469639876241838,0.016969152746482006,0.7037015448658143,0.0016834632856762685,1.5348499715206398,-0.0007875672641245004,-0.5662610887262892,0.00012345412747481976,0.10942048896292265,1,1,0.15818024200141131,3.0794133122355056
5,low_vol_20,3335,-0.02813935663058454,-1.5794133122355054,0.11424128588990819,-0.03695815973562312,-1.469639876241838,-0.016969152746482006,-0.7037015448658143,-0.0016834632856762685,-1.5348499715206398,0.0007875672641245004,0.5662610887262892,-0.00012345412747481976,-0.10942048896292265,1,1,0.15818024200141131,3.0794133122355056
5,volatility_10,3345,0.023117257788671415,1.3165181268199053,0.18800019842798132,0.02184901897346631,0.9064552261348716,-0.006790372829547101,-0.28676890884115114,0.001447016989738384,1.3429328853248403,-0.0004159187721438761,-0.31205361955353217,-0.0007829336416026244,-0.7226384750238704,1,0,0.25066693123730843,2.816518126819905
5,downside_vol_20,3335,0.00831205878847279,0.4688986773829243,0.639142061744129,0.04039477126006735,1.606318265201969,-0.03864385543626553,-1.594988461910529,0.0006464745102568877,0.5890720004936453,-0.0006596107974430958,-0.4840273839284372,-0.0013006710054189673,-1.210020809765178,1,0,0.7299273939474277,1.9688986773829242
5,volatility_60,3295,0.007899406032242179,0.42766741325067303,0.6688932779343482,0.050060666017345365,2.0236195241266985,0.0188625024910183,0.7632882694479266,0.0011318367901993224,0.9921092964670465,-0.0010278439308342264,-0.7596875516705507,-0.00036709292923496893,-0.30444763515911016,1,1,0.7299273939474277,1.927667413250673
5,low_vol_60,3295,-0.007899406032242179,-0.42766741325067303,0.6688932779343482,-0.050060666017345365,-2.0236195241266985,-0.0188625024910183,-0.7632882694479266,-0.0011318367901993224,-0.9921092964670465,0.0010278439308342264,0.7596875516705507,0.00036709292923496893,0.30444763515911016,1,1,0.7299273939474277,1.927667413250673
5,volatility_120,3235,0.007906005683308076,0.4273833795395467,0.6691001111184753,0.06566958756451455,2.757261749815497,0.02460785057158035,1.0051920893661686,0.00048640042142208083,0.4353645129966206,0.0006893339579229084,0.5322075530294573,-0.00025770712419515837,-0.21843681338614998,1,1,0.7299273939474277,1.9273833795395467
5,low_vol_120,3235,-0.007906005683308076,-0.4273833795395467,0.6691001111184753,-0.06566958756451455,-2.757261749815497,-0.02460785057158035,-1.0051920893661686,-0.00048640042142208083,-0.4353645129966206,-0.0006893339579229084,-0.5322075530294573,0.00025770712419515837,0.21843681338614998,1,1,0.7299273939474277,1.9273833795395467
5,drawdown_20,3311,0.030634229702318744,1.8099653018297412,0.07030116818300411,-0.013622277768268874,-0.5902353706657696,0.009995944538687185,0.42126605315148774,0.0013406283372523556,1.2646405240301144,0.0007704385635472469,0.6329120777386371,0.00013748905317584277,0.12984767410139772,0,1,0.11003661106904991,1.8099653018297412
5,near_peak_20,3311,0.030634229702318744,1.8099653018297412,0.07030116818300411,-0.013622277768268874,-0.5902353706657696,0.009995944538687185,0.42126605315148774,0.0013406283372523556,1.2646405240301144,0.0007704385635472469,0.6329120777386371,0.00013748905317584277,0.12984767410139772,0,1,0.11003661106904991,1.8099653018297412
5,momentum_10,3345,0.03064916008018959,1.776575544551959,0.0756381022816977,-0.00633231104593185,-0.27337647141714444,0.0020014288364043654,0.08519509120591053,0.0014631772697832777,1.3881253043607265,4.472711266795832e-05,0.03790980846307436,-0.0007399804460023573,-0.70665812153702,0,1,0.11345715342254654,1.776575544551959
5,downside_vol_60,3295,0.0015458235983158933,0.0856019281279044,0.9317828656636933,0.06450674235664919,2.6076451043430886,0.01841827915350962,0.7414600552502739,0.0005612609081283669,0.49924919056970224,1.3904518896006634e-05,0.01003145548368329,0.00013782256442596382,0.11293616040995991,1,1,0.98659362246744,1.5856019281279043
5,downside_vol_120,3235,0.0009253339862118015,0.049364702780322706,0.9606286569515774,0.060004906340705995,2.3473027622953104,0.017925981069981733,0.7396289635506622,0.0006557660451824721,0.5723942243261034,0.0007042211452423987,0.5184752015427718,0.00013439408919799106,0.11489950562919903,1,1,0.9880751900073368,1.5493647027803228
5,downside_vol_10,3345,-0.017602177560670628,-1.0024822255958217,0.31611074689874874,0.04634880527587751,1.9245551372647127,-0.05063563961079244,-2.181695157613945,-0.0011226982743109504,-1.0336060814935923,0.0009046625052963736,0.6859245755064376,-0.0020775084770210776,-2.1050502582460435,0,1,0.40642810315553407,1.0024822255958217
5,momentum_5,3350,0.00019343581635044934,0.012405429321288368,0.990102153346049,-0.020598083384250142,-0.9714399267477953,-0.020815387085736513,-0.9169602025337612,-0.000782132841296776,-0.826256763914794,-0.0003868828253189917,-0.3401973085728655,-0.0007694037972400622,-0.7234672193795946,0,0,0.990102153346049,0.012405429321288368
20,ma_distance_120,3236,0.10525339925834364,2.9246390161335594,0.0034485600843754635,0.02111324376199616,0.4290823005088789,-0.022168840082361013,-0.39253431352468643,0.014473662755968252,3.1451610589849226,0.002456565321909142,0.45929550408254355,-0.004763802975657821,-1.0093560266219623,1,0,0.03453313565099104,5.424639016133559
20,risk_adjusted_momentum_252_60,3103,0.1073799548823719,2.8931011002351155,0.0038145848932544047,0.02437619961612284,0.47450410086418676,0.1269732326698696,2.542100582461551,0.01041580935381951,2.3262172334143476,0.00145482575116067,0.2713921346069577,0.006203648076297958,1.4130496542054476,1,1,0.03453313565099104,5.393101100235116
20,drawdown_120,3234,0.09314300467479406,2.7612170600510986,0.005758638950964957,0.03944876049263855,0.8589815492158932,0.04636656743192753,0.8920891338515724,0.00941014929382198,2.3635551076741628,0.004106238159452054,0.9194518930686832,-0.0006383995570750088,-0.14574566103462677,1,1,0.03453313565099104,5.261217060051099
20,near_peak_120,3234,0.09314300467479406,2.7612170600510986,0.005758638950964957,0.03944876049263855,0.8589815492158932,0.04636656743192753,0.8920891338515724,0.00941014929382198,2.3635551076741628,0.004106238159452054,0.9194518930686832,-0.0006383995570750088,-0.14574566103462677,1,1,0.03453313565099104,5.261217060051099
20,ma_distance_60,3296,0.09038228155339804,2.733043666362925,0.006275201226993225,0.001023672424824057,0.02103694618412299,0.029238160603980785,0.5489781966851006,0.010378230013215086,2.5415954514076384,-0.000489234995109913,-0.10139548317933064,-0.00038436499930892055,-0.08921085061429564,1,1,0.03453313565099104,5.233043666362925
20,momentum_252,3103,0.10370609087979375,2.690284996449284,0.0071391021287358575,0.03973128598848369,0.8009902145994243,0.10144131777625258,2.067713075023655,0.01174536791935425,2.5611702315953098,0.0010470816369322034,0.1938377758007467,0.0054261795216462225,1.3213793198842942,1,1,0.03453313565099104,5.190284996449284
20,risk_adjusted_momentum_60_20,3295,0.08946889226100152,2.6037711907634944,0.009220428970646392,0.008189379398592453,0.17605161761542257,0.00020590253946465377,0.0039131582676721005,0.012560177570590692,2.9394008304723336,0.0016691514881041125,0.34954068750741973,-0.003812770699135222,-0.8550108121860073,1,1,0.03453313565099104,5.103771190763494
20,ma_distance_252,3104,0.09768041237113402,2.5372444160013723,0.01117289180944431,0.016506717850287907,0.3160282284640786,0.05271105010295127,0.9794723042764191,0.014874872210335267,3.112481112711149,0.0005693452877786233,0.10090405253854323,0.0015491650742200495,0.33661808793604503,1,1,0.03453313565099104,5.037244416001372
20,drawdown_252,3104,0.09222187420365688,2.4899012999145795,0.012777857470554724,0.03683626623569786,0.7514683760952899,0.08764956354601584,1.7585548125269774,0.010795726959655687,2.5328979174571966,0.002484849938296309,0.535458591168574,0.0035092682989807797,0.8370141585357732,1,1,0.03453313565099104,4.98990129991458
20,near_peak_252,3104,0.09222187420365688,2.4899012999145795,0.012777857470554724,0.03683626623569786,0.7514683760952899,0.08764956354601584,1.7585548125269774,0.010795726959655687,2.5328979174571966,0.002484849938296309,0.535458591168574,0.0035092682989807797,0.8370141585357732,1,1,0.03453313565099104,4.98990129991458
20,drawdown_60,3286,0.07820151069763157,2.472170292358946,0.013429552753163182,0.019006901645048844,0.4218228287869069,0.02986877613164047,0.6024982099928018,0.009047053981538251,2.4158783363931993,0.0020925358268027152,0.47846598847889055,-0.0010156044160148647,-0.2528258700625902,1,1,0.03453313565099104,4.972170292358946
20,near_peak_60,3286,0.07820151069763157,2.472170292358946,0.013429552753163182,0.019006901645048844,0.4218228287869069,0.02986877613164047,0.6024982099928018,0.009047053981538251,2.4158783363931993,0.0020925358268027152,0.47846598847889055,-0.0010156044160148647,-0.2528258700625902,1,1,0.03453313565099104,4.972170292358946
20,efficiency_120,3235,0.0921483771251932,2.5731331489281613,0.010078242688092412,-0.058029430582213694,-1.2386605822568317,0.06293754289636239,1.3239848204969202,0.01566110639274643,3.374333656049004,-0.0035901645305876093,-0.7113927501058832,0.006699263244706746,1.720738658513781,0,1,0.03453313565099104,3.5731331489281613
20,momentum_10,3345,0.06272047832585949,2.4783888144725554,0.013197723753465122,-0.023736404350607806,-0.6258277479423764,0.0363761153054221,0.9783743764883026,0.005163943075256014,1.4860428868995375,-0.0017344314000391008,-0.45974189440597585,0.000905301720900344,0.29636482865340735,0,1,0.03453313565099104,3.4783888144725554
20,drawdown_20,3311,0.05286997074884121,1.9169978475635885,0.05523820510005269,0.008665376274932428,0.2242909939711547,0.038050362186617774,0.9272167708366559,0.004094894075926671,1.221638090836335,0.0024089201990108613,0.5934581071380646,0.0014848671099056364,0.43507368656513823,1,1,0.09942876918009483,3.4169978475635885
20,near_peak_20,3311,0.05286997074884121,1.9169978475635885,0.05523820510005269,0.008665376274932428,0.2242909939711547,0.038050362186617774,0.9272167708366559,0.004094894075926671,1.221638090836335,0.0024089201990108613,0.5934581071380646,0.0014848671099056364,0.43507368656513823,1,1,0.09942876918009483,3.4169978475635885
20,momentum_60,3295,0.08291350531107738,2.361531326308309,0.018199634217158034,-0.0010876519513755593,-0.021920683744793897,-0.019286204529855865,-0.3559271785222292,0.012582396454592342,2.822311135845002,0.000531264187699956,0.0966064117188958,-0.004855487104785667,-1.0700330863129077,0,0,0.04367912212117928,3.361531326308309
20,risk_adjusted_momentum_120_60,3235,0.08170015455950541,2.3062129147852146,0.021098738298718382,-0.004222648752399232,-0.08530713923909704,0.05147563486616335,0.9608003768189959,0.01238346133241329,2.7208460275729283,0.0009034586669876612,0.16778464548056815,0.00032361930431587245,0.07013403179070024,0,1,0.04747216117211636,3.3062129147852146
20,volatility_10,3345,0.03665171898355755,1.2494107465574298,0.2115148798195921,0.014331413947536788,0.31472563077576715,-6.863417982155159e-05,-0.0018227243617801416,0.006881245715310018,1.7432204772152984,-0.0009500007897929459,-0.1865398568467484,0.00023877194227607155,0.07283472282859291,1,0,0.3045814269402126,2.74941074655743
20,volatility_20,3335,0.03103448275862069,0.9215770993418254,0.3567492082652575,0.01964171465131158,0.38783683811630204,-0.009265614275909405,-0.20888452455354825,0.0055557870304599015,1.3057862408281373,-0.001989552540462931,-0.3490458258551467,3.36617175670898e-06,0.0008905665714061404,1,0,0.45867755348390254,2.4215770993418255
20,low_vol_20,3335,-0.03103448275862069,-0.9215770993418254,0.3567492082652575,-0.01964171465131158,-0.38783683811630204,0.009265614275909405,0.20888452455354825,-0.0055557870304599015,-1.3057862408281373,0.001989552540462931,0.3490458258551467,-3.36617175670898e-06,-0.0008905665714061404,1,0,0.45867755348390254,2.4215770993418255
20,ma_distance_20,3336,0.05857314148681055,2.1133427566095127,0.03457144164251777,-0.01260396673064619,-0.2982475508907547,0.05449553877831159,1.2941008610513336,0.0038991497347861752,1.06925617849926,3.651675181953726e-05,0.009117932015693235,0.002393936685933326,0.7005808960927205,0,1,0.07321011171356705,2.1133427566095127
20,risk_adjusted_momentum_20_20,3335,0.05679160419790105,1.961497881602419,0.04982097187688541,-0.005950095969289828,-0.14553401143742306,0.06904598490048043,1.4656926597346094,0.0036404128677405344,0.9996354466016657,0.0004995299785560567,0.1286766568430376,0.004344876135721866,1.0981641885703552,0,1,0.09942876918009483,1.961497881602419
20,momentum_120,3235,0.0685935085007728,1.8955284734705056,0.0580224231728311,-0.008637236084452975,-0.16981939553216277,0.016472203157172273,0.3040631694600209,0.012235987315230332,2.629007976878127,0.00021047588865942072,0.037321933718866857,-0.0009064915528496361,-0.20221716928780048,0,1,0.09946701115342475,1.8955284734705056
20,volatility_60,3295,0.011927162367223066,0.32186816641601373,0.7475525704000446,0.040754958413307736,0.7933214022890743,0.006932052161976666,0.1388202508001504,0.0037395332647801533,0.8181339462384277,-0.0032081973874829315,-0.5593655671871306,0.00028419230986513193,0.06662670138805138,1,1,0.8681255656258583,1.8218681664160137
20,low_vol_60,3295,-0.011927162367223066,-0.32186816641601373,0.7475525704000446,-0.040754958413307736,-0.7933214022890743,-0.006932052161976666,-0.1388202508001504,-0.0037395332647801533,-0.8181339462384277,0.0032081973874829315,0.5593655671871306,-0.00028419230986513193,-0.06662670138805138,1,1,0.8681255656258583,1.8218681664160137
20,efficiency_60,3295,0.05675265553869499,1.7664875368686783,0.07731409067182098,-0.03378119001919386,-0.799600735322789,-0.03472889498970488,-0.7667504994682794,0.010199414874079478,2.4750052650307848,-0.003125316492514062,-0.6842046542172832,-0.00044076554078672755,-0.11723258813217796,0,0,0.1232942427866174,1.7664875368686783
20,momentum_20,3335,0.05211394302848576,1.757860067615242,0.0787713217803389,-0.005118362124120281,-0.11646743995754,0.06231983527796842,1.2839735682140159,0.0037903561431461784,1.019665953597295,-6.014052319425001e-05,-0.013779303951561971,0.0034859714943641642,0.8725672800339942,0,1,0.1232942427866174,1.757860067615242
20,downside_vol_20,3335,0.005427286356821589,0.17646460563979827,0.8599289529103318,0.03128598848368522,0.6656897083939197,-0.04111187371310913,-0.9344853974828522,0.0037820599086069635,1.0000200104538166,-0.0028733343077844108,-0.5695447548092849,-0.0025715975996032417,-0.7269852686461395,1,0,0.9516148661587647,1.6764646056397983
20,momentum_5,3350,0.034334365640328976,1.6559878315626675,0.09772428309265335,-0.002713312589104411,-0.09329248208231869,0.02700309225255917,0.9335419963819084,0.003859664152211826,1.4173267620126109,0.0015527567024160702,0.5183695888378078,0.0007062188764640962,0.310694804713954,0,1,0.14658642463898003,1.6559878315626675
20,efficiency_20,3335,0.025787106446776613,1.0649360173102034,0.28690488475036974,-0.00780550223928343,-0.22380057789375798,0.014344543582704188,0.40184745390746346,0.0062557868781129376,1.977057191206269,-0.0010980888394470575,-0.30075502190018255,0.002350015269486628,0.7945370300515072,0,1,0.3972529173466658,1.0649360173102034
20,downside_vol_10,3345,-0.016765284037338693,-0.6443249761593398,0.5193647229329601,0.025309443968796114,0.6092012751073818,-0.03130652961671444,-0.875547529682688,0.0002393508475891432,0.07271299571787852,-0.0015431533556037726,-0.36562520081291233,-0.0016872808777356448,-0.5581215130823233,0,1,0.6447286215719504,0.6443249761593398
20,downside_vol_120,3235,-0.005935085007727975,-0.1607203925381888,0.872313627312201,0.08112603966730646,1.5910571690162159,0.02361015785861359,0.4797763152856281,0.0013289384764091621,0.28417352796488493,0.002971178454534475,0.5183820534600174,0.0017305652255729096,0.4197750664811604,0,0,0.9516148661587647,0.1607203925381888
20,downside_vol_60,3295,-0.0018209408194233678,-0.05080328208459092,0.9594822755311472,0.059564939219449775,1.164546678273034,0.023266986959505832,0.4722738378007639,0.0015452529872047338,0.34785969592130145,-0.0001703748025090412,-0.030237057298506412,0.0022780304408882403,0.5453781737996607,0,0,0.9843725897308742,0.05080328208459092
20,volatility_120,3235,-0.0007109737248840795,-0.019587306633951824,0.9843725897308743,0.08432501599488164,1.666484182619935,0.005559368565545639,0.11895618968280545,0.002434197277423679,0.5440464196643794,0.00309455335677655,0.5558659923053325,-0.0012875837436706083,-0.3125309684615321,0,0,0.9843725897308742,0.019587306633951824
20,low_vol_120,3235,0.0007109737248840795,0.019587306633951824,0.9843725897308743,-0.08432501599488164,-1.666484182619935,-0.005559368565545639,-0.11895618968280545,-0.002434197277423679,-0.5440464196643794,-0.00309455335677655,-0.5558659923053325,0.0012875837436706083,0.3125309684615321,0,0,0.9843725897308742,0.019587306633951824
60,drawdown_120,3234,0.12392419836441224,2.400625308541923,0.01636708587394113,0.12270091749580343,1.8559561714734647,0.07982789635052351,0.9960350488004488,0.023756496819990685,2.232715640625302,0.013251474969655879,1.188077056747801,0.0006619213141266386,0.06806262845183443,1,1,0.10505603250530907,3.900625308541923
60,near_peak_120,3234,0.12392419836441224,2.400625308541923,0.01636708587394113,0.12270091749580343,1.8559561714734647,0.07982789635052351,0.9960350488004488,0.023756496819990685,2.232715640625302,0.013251474969655879,1.188077056747801,0.0006619213141266386,0.06806262845183443,1,1,0.10505603250530907,3.900625308541923
60,momentum_5,3350,0.052366739160386165,2.3806115157271837,0.017283928735778983,0.023664535259452,0.8125524712124585,0.040067281031084645,1.3288582381299328,0.011238459080334148,2.0371112291368094,0.0019365748080201054,0.3572450520039075,0.0008718592932660598,0.203534125629744,1,1,0.10505603250530907,3.8806115157271837
60,drawdown_60,3286,0.10572202589066398,2.348975677261869,0.018825136483442362,0.11825173668781659,2.131318128700152,0.03591446132492854,0.4823783275591662,0.02216152818607403,2.3379592134802816,0.010135920726087768,0.9586236713686748,-0.004148728979001387,-0.4489223271546344,1,1,0.10505603250530907,3.848975677261869
60,near_peak_60,3286,0.10572202589066398,2.348975677261869,0.018825136483442362,0.11825173668781659,2.131318128700152,0.03591446132492854,0.4823783275591662,0.02216152818607403,2.3379592134802816,0.010135920726087768,0.9586236713686748,-0.004148728979001387,-0.4489223271546344,1,1,0.10505603250530907,3.848975677261869
60,ma_distance_20,3336,0.07628896882494005,2.226745717515156,0.02596427310653076,0.03186180422264875,0.694759338497499,0.040014114326040934,0.8084497904807991,0.017251983098947994,1.9927821342142447,-0.00068607183158904,-0.08630684536947435,-0.0028702455712081116,-0.4261849571041397,1,1,0.10505603250530907,3.726745717515156
60,ma_distance_252,3104,0.13373067010309278,2.2028521460846586,0.02760517140037223,0.03198976327575176,0.3560240084065983,0.09992942836979533,1.0500126697423715,0.04396337301277333,2.755948571935763,0.0025137724939504847,0.1410250356568755,0.00513935543405394,0.41185740800308157,1,1,0.10505603250530907,3.7028521460846586
60,drawdown_252,3104,0.13286136199939272,2.1959701862097756,0.02809407739796826,0.14011770646043034,2.011650220703013,0.13673682963467326,1.6211327658655983,0.02803701403055306,2.2338277748037436,0.012832348648931926,1.032865961243437,0.008067325008618348,0.779001722645315,1,1,0.10505603250530907,3.6959701862097756
60,near_peak_252,3104,0.13286136199939272,2.1959701862097756,0.02809407739796826,0.14011770646043034,2.011650220703013,0.13673682963467326,1.6211327658655983,0.02803701403055306,2.2338277748037436,0.012832348648931926,1.032865961243437,0.008067325008618348,0.779001722645315,1,1,0.10505603250530907,3.6959701862097756
60,momentum_10,3345,0.06185351270553065,2.133693204343857,0.03286790271676381,0.028662827895073576,0.7534246098342138,0.04255469301340861,1.0215510528712446,0.013920408721140792,1.9580455887624388,0.0006741847907741874,0.09666636511158572,-0.002242484730727867,-0.38145833436281296,1,1,0.10756768161849975,3.633693204343857
60,ma_distance_60,3296,0.1083131067961165,2.0426736665112832,0.04108475330682733,0.06679462571976967,1.0510850196158288,-0.051587861679604795,-0.6060408470961357,0.033831323591932236,2.544585690191562,0.0019565177230825917,0.14861948815994708,-0.012373327224248382,-1.1569514025275214,1,0,0.11791008061190805,3.5426736665112832
60,risk_adjusted_momentum_60_20,3295,0.10561456752655539,1.9556352664044716,0.050508135379423925,0.05515035188739603,0.8429037700098447,-0.02879322512350035,-0.3163335078563388,0.03423515901792998,2.6318640803777784,0.0072438967538915825,0.5119901002663229,-0.013197435685140096,-1.1698608384665738,1,0,0.11791008061190805,3.455635266404472
60,drawdown_20,3311,0.06440579127068254,1.9397478439366305,0.05241034198879792,0.0620284750432626,1.4547079979585025,0.0421983316957489,0.8048435157538372,0.013233059439720916,1.7421840225354228,0.004477610885653004,0.5756146337680855,-0.0018228424010479217,-0.28198109227666807,1,1,0.11791008061190805,3.4397478439366305
60,near_peak_20,3311,0.06440579127068254,1.9397478439366305,0.05241034198879792,0.0620284750432626,1.4547079979585025,0.0421983316957489,0.8048435157538372,0.013233059439720916,1.7421840225354228,0.004477610885653004,0.5756146337680855,-0.0018228424010479217,-0.28198109227666807,1,1,0.11791008061190805,3.4397478439366305
60,risk_adjusted_momentum_20_20,3335,0.07400299850074962,1.9339541335127937,0.05311876742917539,0.04133077415227127,0.8550316850285101,0.015384615384615385,0.2505747231890848,0.01741477043283647,2.072854607583896,0.0013869122254584944,0.16528903787941085,-0.005677833023813328,-0.7099150629767728,1,1,0.11791008061190805,3.4339541335127937
60,ma_distance_120,3236,0.11498763906056861,1.8991700249509798,0.057542124522845337,0.07786308381317979,1.0856870906253728,-0.041284403669724766,-0.41260388347257704,0.04096141449125377,2.7050409171359613,0.007517323085661512,0.47829590346143275,-0.012023182150685855,-0.9936209814150971,1,0,0.11791008061190805,3.3991700249509798
60,risk_adjusted_momentum_120_60,3235,0.10584234930448222,1.8885284645322407,0.05895504030595402,0.053422904670505436,0.6751185040934335,0.07826393789696542,0.9064044381731445,0.03374618974808004,2.3530417263961727,0.008849565657091165,0.5310142174937049,-0.003806393304576013,-0.3061564958077405,1,1,0.11791008061190805,3.3885284645322407
60,momentum_20,3335,0.07013493253373314,1.80563834006483,0.0709748497916935,0.026487523992322456,0.5188792928173821,0.0008468595624558926,0.013836769459887339,0.01929321487901068,2.0460688554682136,-0.002419728743342971,-0.2726917212724312,-0.005514312719323632,-0.68417315645941,1,1,0.13447866276320875,3.3056383400648297
60,risk_adjusted_momentum_252_60,3103,0.09735739606832099,1.6208236560864546,0.10505546358278862,0.008893154190658989,0.10881207753378784,0.17953422724064927,2.274619781527123,0.023692347783486105,1.4598479765638928,6.796246174226985e-05,0.004121555564054431,0.01211610072883923,1.1397909096764016,1,1,0.1890998344490195,3.1208236560864546
60,momentum_60,3295,0.08789074355083461,1.546285743481501,0.12203557349634624,0.06007677543186181,0.8760474015098336,-0.05899788285109386,-0.619577661010091,0.03528042316719056,2.51410701169022,0.004441456694950082,0.27949517263915347,-0.014059948707775521,-1.2090175448325982,1,0,0.2092038402794507,3.046285743481501
60,momentum_252,3103,0.0940058008378988,1.4899031787936416,0.1362496956337775,0.027191298784388994,0.3329202300645316,0.15631616090331688,1.8954303755750124,0.026510113917702183,1.6463763486958332,0.001828770835814089,0.11051804725779885,0.01198431023502903,1.1169054622775483,1,1,0.22295404740072683,2.9899031787936416
60,momentum_120,3235,0.08068006182380216,1.3687536424676552,0.1710762961044008,0.0381317978246961,0.4225095956122309,0.0978122794636556,1.1171865803814136,0.036623646681452,2.424501819900328,0.006420483929906312,0.3610689767129053,0.002144100640459546,0.1779953583946517,1,1,0.2677715939025404,2.868753642467655
60,efficiency_120,3235,0.11876352395672334,2.181016024629079,0.029182231251474736,-0.07914267434420985,-1.0960362138028734,0.08285109386026818,1.2309552873861833,0.04005863013013853,2.901743081843616,-0.009188777392910847,-0.6204997236943364,0.0031138358033683177,0.3344327939214103,0,1,0.10505603250530907,2.181016024629079
60,downside_vol_10,3345,-0.00754974491862863,-0.19438032219464393,0.8458780966778203,-0.036444012771897176,-0.6844719565907043,-0.05893875193137717,-1.1297988668458978,0.006882338587663404,0.7626419111155697,-0.005865745724606137,-0.5379630324246648,0.0005060073943718653,0.0739018704943364,1,1,0.9840309296942349,1.6943803221946439
60,downside_vol_120,3235,-0.003956723338485316,-0.06257727321269854,0.9501031272893867,-0.026615483045425464,-0.372558149453352,-0.08412138320395202,-1.167613669513988,0.0078891759913331,0.5355532992970929,-0.003803252884283214,-0.23665245776507537,-0.005555135279509312,-0.5448109853754322,1,1,0.9840309296942349,1.5625772732126986
60,downside_vol_20,3335,-0.0022188905547226383,-0.04592458882622041,0.9633703558008959,-0.04497760716570697,-0.6696937838189598,-0.058927311220889206,-0.9138068367107075,0.012107476520864606,1.0234577322222682,-0.006555551303620964,-0.4606243587587854,0.002819331899022281,0.3353809746003418,1,1,0.9840309296942349,1.5459245888262203
60,efficiency_20,3335,-0.0005997001499250369,-0.020015597949048725,0.9840309296942349,-0.05399872040946897,-1.4149969596486027,0.03585038814396612,0.9209048293937524,0.003709936925862945,0.5036519629880135,-0.009324676654039634,-1.4787084243527608,0.0029191036016727695,0.6166478124592745,1,0,0.9840309296942349,1.5200155979490488
60,efficiency_60,3295,0.035417298937784523,0.7224598050475901,0.4700118292656877,-0.0927703134996801,-1.4730197420343767,0.005998588567395907,0.08918954439350431,0.02155280182678632,1.6882960497144237,-0.01480387123097655,-1.0848178550067842,-0.003930035511465317,-0.4524915760292924,0,1,0.7050177438985316,0.7224598050475901
60,volatility_10,3345,0.02289985052316891,0.46046166763185337,0.6451848796351494,-0.03525271912987844,-0.5487532001083218,-0.017078334509527168,-0.3244196873367114,0.014270372709309484,1.1350442201837452,-0.005249789720041357,-0.36102406847916113,0.003144045402339185,0.4324959768019781,0,0,0.9181100886966818,0.46046166763185337
60,downside_vol_60,3295,-0.025827010622154777,-0.4356654060472165,0.663079508503159,0.011452335252719126,0.14525653725565518,-0.010021171489061396,-0.13409656662994698,0.0032226202939527686,0.22966236623050285,0.0006851836296490882,0.04205774154304319,0.008967594135598427,0.8967614576185524,0,1,0.9181100886966818,0.4356654060472165
60,volatility_120,3235,-0.02117465224111283,-0.32259432397281135,0.747002492914211,0.02143314139475368,0.263301659596356,-0.048764996471418486,-0.71587001585895,0.008348918092058446,0.5538679944563404,0.005749891695704431,0.3480926590182848,-0.007657995510840567,-0.7911128831946228,0,1,0.9604317766039855,0.32259432397281135
60,low_vol_120,3235,0.02117465224111283,0.32259432397281135,0.747002492914211,-0.02143314139475368,-0.263301659596356,0.048764996471418486,0.71587001585895,-0.008348918092058446,-0.5538679944563404,-0.005749891695704431,-0.3480926590182848,0.007657995510840567,0.7911128831946228,0,1,0.9604317766039855,0.32259432397281135
60,volatility_20,3335,0.00767616191904048,0.1380109003526002,0.8902318027528149,-0.026551503518873962,-0.36141947538054314,-0.028652081863091032,-0.4572197859281868,0.010799232767821286,0.7877845792738216,-0.006648995322481981,-0.4162014454131709,0.003927932361485177,0.4507603976555214,0,0,0.9840309296942349,0.1380109003526002
60,low_vol_20,3335,-0.00767616191904048,-0.1380109003526002,0.8902318027528149,0.026551503518873962,0.36141947538054314,0.028652081863091032,0.4572197859281868,-0.010799232767821286,-0.7877845792738216,0.006648995322481981,0.4162014454131709,-0.003927932361485177,-0.4507603976555214,0,0,0.9840309296942349,0.1380109003526002
60,volatility_60,3295,-0.0030349013657056134,-0.049092978724699865,0.9608451988283327,0.000639795265515031,0.007564171168527865,-0.048764996471418486,-0.65628835370005,0.010353236448727344,0.7035563396334701,-0.0006923100315093798,-0.04200056157340119,0.00032992776997430083,0.03203602776797618,0,1,0.9840309296942349,0.049092978724699865
60,low_vol_60,3295,0.0030349013657056134,0.049092978724699865,0.9608451988283327,-0.000639795265515031,-0.007564171168527865,0.048764996471418486,0.65628835370005,-0.010353236448727344,-0.7035563396334701,0.0006923100315093798,0.04200056157340119,-0.00032992776997430083,-0.03203602776797618,0,1,0.9840309296942349,0.049092978724699865
