horizon,factor,dev_n,dev_factor_beta,dev_factor_t_nw,dev_factor_p,val_factor_beta,val_factor_t_nw,hold_factor_beta,hold_factor_t_nw,dev_weight_beta,dev_weight_t_nw,val_sign_stable,hold_sign_stable,overlap_n,mean_rank_corr_with_target,top1_match_rate,top2_mean_overlap,dev_bh_q,score
5,ma_distance_60,2801,0.08788497142316845,3.7266694797295683,0.0001940266234671188,0.006673904995036208,0.198298354886027,0.003939964656703563,0.11335529202043883,0.052310420012835146,2.445038976051422,1,1,6336,0.23874996008560723,0.3715277777777778,0.4845328282828283,0.0037455981513933806,7.226669479729568
5,momentum_60,2807,0.08220574959460675,3.50281517201861,0.00046036878802417066,0.012753103664437054,0.38358947727197235,0.009176470565147655,0.2633480020821145,0.07268293973709829,3.4364496631729584,1,1,6335,0.29369768012392655,0.4107340173638516,0.5029202841357537,0.0037455981513933806,7.00281517201861
5,risk_adjusted_momentum_60_20,2801,0.08171909674983911,3.470122024330979,0.0005202219654713028,0.047243126413185024,1.490247773451343,0.011212711720405515,0.34516604649085164,0.08415369035194513,3.8967995770860386,1,1,6335,0.30363749369140514,0.40868192580899765,0.5142067876874507,0.0037455981513933806,6.970122024330979
5,ma_distance_20,2799,0.06652728616750044,3.0412155390467817,0.00235625091867519,0.031565877151300145,1.037431906667151,0.005718154460064571,0.18593101828516542,0.05845812891104288,2.803697455448761,1,1,6376,0.11214610527103315,0.31304893350062735,0.4413425345043915,0.01413750551205114,6.541215539046782
5,risk_adjusted_momentum_252_60,2706,0.0675206783334369,2.6949666929926153,0.007039566742839295,0.0489514208227541,1.475124282306542,0.04404731224938576,1.3599468877185132,0.0532721094916859,2.226153934917846,1,1,6143,0.4375207943521637,0.5072440175809865,0.577160996255901,0.036203486106030656,6.194966692992615
5,efficiency_60,2799,0.07805681138919562,3.6101893161051635,0.0003059735992341062,0.03732624276652165,1.2643700066138401,-0.0025916987055691777,-0.08775212764217605,0.048310829010495694,2.310113719092106,1,0,6335,0.07708742635345273,0.2912391475927388,0.3963693764798737,0.0037455981513933806,6.1101893161051635
5,ma_distance_120,2800,0.08805961824458629,3.585815717635834,0.0003360261953564486,0.03200919540484202,0.8838972437897781,-0.01353069462371097,-0.3888600800917678,0.07362250402088598,3.332902423522741,1,0,6276,0.36886278184163596,0.4545889101338432,0.5352135117909497,0.0037455981513933806,6.085815717635834
5,risk_adjusted_momentum_20_20,2795,0.055280277657748504,2.5634682835435902,0.010363216875799221,0.0037830838743637294,0.12401132520430606,0.042706830667677644,1.4321919406762889,0.054854008874742836,2.609947553606506,1,1,6375,0.16459787643670132,0.32454901960784316,0.46619607843137256,0.04363379414224163,6.063468283543591
5,drawdown_252,2703,0.05401207869990011,2.4606927044153917,0.013866908057947278,0.008500209496219062,0.25583885724808586,0.03241909411597814,1.1435385456722529,0.04742228526938901,2.350735244880777,1,1,6144,0.38205315222865954,0.4485677083333333,0.5343424479166666,0.04363379414224163,5.960692704415392
5,near_peak_252,2703,0.05401207869990011,2.4606927044153917,0.013866908057947278,0.008500209496219062,0.25583885724808586,0.03241909411597814,1.1435385456722529,0.04742228526938901,2.350735244880777,1,1,6144,0.38205315222865954,0.4485677083333333,0.5343424479166666,0.04363379414224163,5.960692704415392
5,momentum_20,2798,0.054930880213638345,2.439250634163687,0.01471775652892798,0.012931216856754708,0.42367753649075834,0.04456375332990632,1.4072001449144642,0.05418393308912867,2.569005696484668,1,1,6375,0.14068647781483384,0.31654901960784315,0.4472156862745098,0.04363379414224163,5.939250634163686
5,momentum_252,2700,0.06010630502986229,2.397101162882119,0.01652536055570628,0.01603800060228688,0.4544661226647374,0.04233639250231112,1.1313790757225397,0.0611499812063535,2.6215055679102144,1,1,6143,0.46124639852727406,0.5132671333224809,0.5958814911281133,0.04363379414224163,5.8971011628821195
5,drawdown_120,2789,0.0503054350399419,2.3523657450431488,0.01865442248833496,0.005299383257007392,0.16201899711508475,0.005129441063450869,0.1671390329956122,0.06573520523952298,3.2288845091589042,1,1,6276,0.29526623996362755,0.4181007010834927,0.5086042065009561,0.04363379414224163,5.852365745043149
5,near_peak_120,2789,0.0503054350399419,2.3523657450431488,0.01865442248833496,0.005299383257007392,0.16201899711508475,0.005129441063450869,0.1671390329956122,0.06573520523952298,3.2288845091589042,1,1,6276,0.29526623996362755,0.4181007010834927,0.5086042065009561,0.04363379414224163,5.852365745043149
5,efficiency_20,2784,0.04617806049630101,2.3139513352130763,0.020670391723996893,0.029618321170358227,1.0762133896028103,0.03964090954953729,1.501965729141181,0.06768897366974619,3.3322026165100915,1,1,6375,-0.026337447868475812,0.2307450980392157,0.37545098039215685,0.04377259423905225,5.813951335213076
5,ma_distance_252,2702,0.060403415868686396,2.3378930403621196,0.019392797396551836,0.021660032421166014,0.5925530782761324,-0.023032934115014538,-0.6553691206503672,0.05427631658310526,2.390212876178123,1,0,6144,0.4733143220468001,0.5320638020833334,0.5933430989583334,0.04363379414224163,4.83789304036212
5,volatility_120,2808,0.04287666046950712,2.1403704205608536,0.03232484302927441,0.08554782774954307,2.916056872094233,0.005096684326860899,0.1630853630730962,0.05521813481443055,2.9332609160288476,1,1,6275,-0.11932305122873309,0.08637450199203187,0.34868525896414343,0.05541401662161327,4.640370420560854
5,low_vol_120,2808,-0.04287666046950712,-2.1403704205608536,0.03232484302927441,-0.08554782774954307,-2.916056872094233,-0.005096684326860899,-0.1630853630730962,0.05521813481443055,2.9332609160288476,1,1,6275,0.11932305122873309,0.32541832669322707,0.4269322709163347,0.05541401662161327,4.640370420560854
5,efficiency_120,2781,0.05727588102903625,2.4687339059858178,0.013559200365605588,-0.004594383219836348,-0.14873716458942787,7.50723009350724e-06,0.00023620376049309782,0.055661272447827065,2.644974713389592,0,1,6275,0.14957303921549134,0.3282868525896414,0.40908366533864543,0.04363379414224163,4.468733905985818
5,drawdown_20,2750,0.0325694706085927,1.5916101105025233,0.11147233691316827,0.002704749031146463,0.09249119541428465,0.001501857689052107,0.04977983960983423,0.041629959318876225,2.0528911661596956,1,1,6376,0.09588118696673395,0.3378293601003764,0.45647741530740277,0.1383794527197951,4.091610110502524
5,near_peak_20,2750,0.0325694706085927,1.5916101105025233,0.11147233691316827,0.002704749031146463,0.09249119541428465,0.001501857689052107,0.04977983960983423,0.041629959318876225,2.0528911661596956,1,1,6376,0.09588118696673395,0.3378293601003764,0.45647741530740277,0.1383794527197951,4.091610110502524
5,volatility_10,2797,0.04680849130136608,2.240560757821067,0.025054541032485875,0.05767496227365888,1.920420416507419,-0.01626500683934319,-0.5178557284657458,0.04319806165612594,2.1678234762695774,1,0,6385,-0.03309412271861025,0.17494126859827722,0.36836335160532496,0.05010908206497175,3.740560757821067
5,momentum_10,2793,0.04635771698865297,2.144829538086604,0.031966478592728734,0.05767502866898752,1.977936942796335,-0.0018696040538670922,-0.0648860639736879,0.06758606273479802,3.395885962174949,1,0,6385,0.0989116858044381,0.3054032889584965,0.43633516053249805,0.05541401662161327,3.644829538086604
5,downside_vol_120,2780,0.02285165755048602,1.0871526252983992,0.27696936370742786,0.11474260195048125,3.7537522815048723,0.017616455248787636,0.6063561828880093,0.04243812832680509,2.214770569406004,1,1,6275,-0.168099973964899,0.10310756972111554,0.33155378486055775,0.33236323644891347,3.5871526252983994
5,momentum_120,2803,0.04978684125302659,2.0406697090245753,0.04128366814514241,0.0409025119366843,1.1259997589231692,-0.030641639218286398,-0.913297749676285,0.07089516949087135,3.214588122786567,1,0,6275,0.38944607069824316,0.4809561752988048,0.54398406374502,0.06755509332841485,3.5406697090245753
5,volatility_20,2791,0.041828187873187914,1.904132206568407,0.05689296816181501,0.08228289357948552,2.6392976007568776,-0.02477825059640074,-0.7298526954850152,0.05461857730347095,2.585801856540397,1,0,6375,-0.04865992304193544,0.1512156862745098,0.36305882352941177,0.0853394522427225,3.404132206568407
5,low_vol_20,2791,-0.041828187873187914,-1.904132206568407,0.05689296816181501,-0.08228289357948552,-2.6392976007568776,0.02477825059640074,0.7298526954850152,0.05461857730347095,2.585801856540397,1,0,6375,0.04865992304193544,0.2901960784313726,0.4139607843137255,0.0853394522427225,3.404132206568407
5,risk_adjusted_momentum_120_60,2800,0.038731385079632814,1.598810319694375,0.10986275534619981,0.027108477632780265,0.8075425550424408,-0.018884596583666247,-0.5878398074992912,0.07982698526001256,3.639483518537633,1,0,6275,0.4025451613383808,0.47394422310756973,0.5490039840637451,0.1383794527197951,3.0988103196943753
5,drawdown_60,2782,0.03758747476534804,1.7409705793243049,0.08168873571006521,-0.0037681469908885574,-0.12070952105999708,0.00436315970134121,0.153448935517611,0.06910100594904436,3.3131077438931364,0,1,6336,0.20557557889058628,0.3732638888888889,0.47853535353535354,0.11310748021393645,2.740970579324305
5,near_peak_60,2782,0.03758747476534804,1.7409705793243049,0.08168873571006521,-0.0037681469908885574,-0.12070952105999708,0.00436315970134121,0.153448935517611,0.06910100594904436,3.3131077438931364,0,1,6336,0.20557557889058628,0.3732638888888889,0.47853535353535354,0.11310748021393645,2.740970579324305
5,momentum_5,2789,0.016822608236590313,0.8674517906249951,0.38569451550137845,0.03230670365394342,1.2718508336888485,-0.05511916315457374,-1.880745785947127,0.06453481281356184,3.3148951010322807,1,0,6390,0.06995334463877827,0.29107981220657275,0.4210485133020344,0.4479033083241814,2.3674517906249952
5,volatility_60,2808,0.016631301710137585,0.7910418020053225,0.4289195984945469,0.11123527747678946,3.8910398865100384,-0.03496482844152856,-1.0580889989938893,0.04525599505102955,2.295564267764915,1,0,6335,-0.08300824293329791,0.12375690607734807,0.35611681136543016,0.46791228926677847,2.2910418020053225
5,low_vol_60,2808,-0.016631301710137585,-0.7910418020053225,0.4289195984945469,-0.11123527747678946,-3.8910398865100384,0.03496482844152856,1.0580889989938893,0.04525599505102955,2.295564267764915,1,0,6335,0.08300824293329791,0.3082872928176796,0.41681136543014996,0.46791228926677847,2.2910418020053225
5,downside_vol_20,2796,0.014019645247717184,0.6721103522505281,0.5015134465457272,0.07343217966668086,2.375992453341926,-0.1436682345418846,-4.5795334271327235,0.05806926435898766,2.830256549722015,1,0,6375,-0.06118077352187866,0.1871372549019608,0.364078431372549,0.5310142375190052,2.1721103522505283
5,downside_vol_60,2808,0.008836822393608786,0.4217370173344541,0.673216981907879,0.12401264968200584,4.130339493690768,-0.06446226347151264,-2.003824873578554,0.03967228667017098,1.9922498895901037,1,0,6335,-0.09680944739579074,0.15516969218626678,0.35335438042620365,0.6924517528195328,1.9217370173344541
5,downside_vol_10,2798,-0.007581608193812953,-0.36158292334667735,0.7176637276200424,0.0850881642921709,2.8329694883844074,-0.0717684931929723,-2.4315373959679056,0.04719527390827791,2.352795414243666,0,1,6385,-0.03826610078735832,0.20172278778386843,0.376742364917776,0.7176637276200424,1.3615829233466774
20,momentum_10,2793,0.09036615768873568,2.998651472288125,0.002711773211369021,0.021625261752333633,0.4908603980128445,0.07224444508138994,1.4904815804024292,0.09470689794731696,2.748988780664427,1,1,6385,0.0989116858044381,0.3054032889584965,0.43633516053249805,0.09762383560928475,5.498651472288125
20,ma_distance_20,2799,0.08521227703668977,2.6028248889026653,0.009245916521490214,0.018969035862386033,0.3894578061050154,0.0885149060979112,1.6675412221219963,0.0932324816642252,2.6763788751467343,1,1,6376,0.11214610527103315,0.31304893350062735,0.4413425345043915,0.15845094993005066,5.102824888902665
20,ma_distance_60,2801,0.09194198657598755,2.426817738794594,0.015231905858631545,0.0429560299312444,0.7265887419220105,0.059377151620308904,0.8539972488609192,0.07388133799029954,1.9727733136259762,1,1,6336,0.23874996008560723,0.3715277777777778,0.4845328282828283,0.15845094993005066,4.926817738794594
20,momentum_5,2789,0.05665611913037256,2.218632558513755,0.02651173263736326,0.04255891162948843,1.3239876265854866,0.03890302297309626,1.0688360112803097,0.09575439533544058,2.8531903721271648,1,1,6390,0.06995334463877827,0.29107981220657275,0.4210485133020344,0.15845094993005066,4.718632558513756
20,risk_adjusted_momentum_20_20,2795,0.07237023914749754,2.1018392798260854,0.03556735700121823,0.020121935964463763,0.41030308430424217,0.11984223985918312,2.1506475933477462,0.10664216634511339,2.8649868955553996,1,1,6375,0.16459787643670132,0.32454901960784316,0.46619607843137256,0.15845094993005066,4.601839279826086
20,momentum_20,2798,0.06932550932077824,2.099731443136418,0.03575247198143383,0.026400861630428842,0.5135372916269,0.09855284532999635,1.6905215381883287,0.0894339803433302,2.5114810127449916,1,1,6375,0.14068647781483384,0.31654901960784315,0.4472156862745098,0.15845094993005066,4.5997314431364185
20,drawdown_120,2789,0.07687863954861457,1.9934633367009218,0.046210734379377116,0.04468717385985605,0.7812147643788373,0.08649829693553435,1.4932628287435232,0.08840855282994153,2.4037100930515587,1,1,6276,0.29526623996362755,0.4181007010834927,0.5086042065009561,0.15845094993005066,4.493463336700922
20,near_peak_120,2789,0.07687863954861457,1.9934633367009218,0.046210734379377116,0.04468717385985605,0.7812147643788373,0.08649829693553435,1.4932628287435232,0.08840855282994153,2.4037100930515587,1,1,6276,0.29526623996362755,0.4181007010834927,0.5086042065009561,0.15845094993005066,4.493463336700922
20,risk_adjusted_momentum_60_20,2801,0.08286650928204091,1.9737026117133767,0.04841556803418215,0.07006581598610859,1.4198265091025157,0.03676169679240837,0.5332965428364865,0.1259153966460501,3.2244212836825312,1,1,6335,0.30363749369140514,0.40868192580899765,0.5142067876874507,0.15845094993005066,4.473702611713376
20,drawdown_20,2750,0.0563511368043174,1.7809899066743575,0.07491409964448296,0.024903776717899877,0.5474229132277285,0.11456504794546295,2.3526469894716127,0.09160902167034553,2.598318619639943,1,1,6376,0.09588118696673395,0.3378293601003764,0.45647741530740277,0.18600686786688694,4.280989906674358
20,near_peak_20,2750,0.0563511368043174,1.7809899066743575,0.07491409964448296,0.024903776717899877,0.5474229132277285,0.11456504794546295,2.3526469894716127,0.09160902167034553,2.598318619639943,1,1,6376,0.09588118696673395,0.3378293601003764,0.45647741530740277,0.18600686786688694,4.280989906674358
20,drawdown_252,2703,0.07343164893128255,1.7278903312065885,0.08400788811616387,0.019257344970368837,0.31044748641119685,0.08192528046548649,1.4954950382457273,0.07048973969502814,1.8509656538580455,1,1,6144,0.38205315222865954,0.4485677083333333,0.5343424479166666,0.18600686786688694,4.227890331206589
20,near_peak_252,2703,0.07343164893128255,1.7278903312065885,0.08400788811616387,0.019257344970368837,0.31044748641119685,0.08192528046548649,1.4954950382457273,0.07048973969502814,1.8509656538580455,1,1,6144,0.38205315222865954,0.4485677083333333,0.5343424479166666,0.18600686786688694,4.227890331206589
20,drawdown_60,2782,0.061190849294692595,1.6797630142332205,0.09300343393344347,0.037756161530975794,0.6960060428739469,0.06770209058035703,1.213712493875435,0.09484417162451889,2.5721972081488356,1,1,6336,0.20557557889058628,0.3732638888888889,0.47853535353535354,0.18600686786688694,4.17976301423322
20,near_peak_60,2782,0.061190849294692595,1.6797630142332205,0.09300343393344347,0.037756161530975794,0.6960060428739469,0.06770209058035703,1.213712493875435,0.09484417162451889,2.5721972081488356,1,1,6336,0.20557557889058628,0.3732638888888889,0.47853535353535354,0.18600686786688694,4.17976301423322
20,risk_adjusted_momentum_252_60,2706,0.04543896617616837,1.0040583756502248,0.31535047701681845,0.08812759396160769,1.338181556497381,0.10043740906040674,1.5345129523542373,0.09991460526314162,2.321855431423874,1,1,6143,0.4375207943521637,0.5072440175809865,0.577160996255901,0.45095565683592204,3.504058375650225
20,efficiency_20,2784,0.029504452020088213,0.9828318639844739,0.32569019660372145,0.003433852618446174,0.09001229579423843,0.0014766612216566364,0.03174395919158649,0.07827098489354246,2.1271848728146345,1,1,6375,-0.026337447868475812,0.2307450980392157,0.37545098039215685,0.45095565683592204,3.4828318639844738
20,downside_vol_120,2780,0.037746325939964395,0.9554036910906929,0.33937358813259266,0.1566639610820692,2.604548238883524,0.027755135250381036,0.4822752633801035,0.05905857211030051,1.5837531030723249,1,1,6275,-0.168099973964899,0.10310756972111554,0.33155378486055775,0.45249811751012353,3.4554036910906927
20,ma_distance_120,2800,0.07311648194914391,1.6856299576171052,0.091867095352889,0.05695488531354661,0.8905546468374065,-0.04541158623007041,-0.6602853294701028,0.10111172069777104,2.575859120548356,1,0,6276,0.36886278184163596,0.4545889101338432,0.5352135117909497,0.18600686786688694,3.185629957617105
20,efficiency_120,2781,0.09414608950967332,2.1614952732512798,0.030657101688140665,-0.0337586026224407,-0.6069239634190694,0.035393100654717215,0.6760905143060603,0.10291546073050835,2.587032916499776,0,1,6275,0.14957303921549134,0.3282868525896414,0.40908366533864543,0.15845094993005066,3.1614952732512798
20,momentum_60,2807,0.06555561468554484,1.5514499828786117,0.12079388492555895,0.036081118872400536,0.6074512784330668,-0.011196806561553216,-0.15693568392273238,0.11674072320225086,3.076195579205387,1,0,6335,0.29369768012392655,0.4107340173638516,0.5029202841357537,0.22887262406948014,3.0514499828786117
20,risk_adjusted_momentum_120_60,2800,0.023995478507829633,0.5363701633813864,0.591702747887353,0.02081632824478661,0.3388298116546383,0.0009646102769005151,0.014925281783114126,0.12249570435675107,2.9005414468348483,1,1,6275,0.4025451613383808,0.47394422310756973,0.5490039840637451,0.6265087918807266,3.0363701633813864
20,volatility_120,2808,0.05689750321331223,1.4877639206836677,0.13681316365424562,0.1142848233856818,2.0646660940810366,-0.023123098632237025,-0.3643562132175411,0.07496100879841269,1.901769172120167,1,0,6275,-0.11932305122873309,0.08637450199203187,0.34868525896414343,0.23453685197870677,2.9877639206836677
20,low_vol_120,2808,-0.05689750321331223,-1.4877639206836677,0.13681316365424562,-0.1142848233856818,-2.0646660940810366,0.023123098632237025,0.3643562132175411,0.07496100879841269,1.901769172120167,1,0,6275,0.11932305122873309,0.32541832669322707,0.4269322709163347,0.23453685197870677,2.9877639206836677
20,volatility_10,2797,0.05111046211886808,1.462752821685569,0.1435350267566389,0.05253579770618815,0.9891751462751613,-0.04795843559656685,-0.9991944909628281,0.06515637106810633,1.6567798046871822,1,0,6385,-0.03309412271861025,0.17494126859827722,0.36836335160532496,0.23487549832904547,2.962752821685569
20,downside_vol_20,2796,0.03707287954031336,1.057542111543596,0.2902642460778922,0.049907447272645636,0.986716087290543,-0.19335583646099927,-3.733979274776651,0.0701461867843974,1.824619982557295,1,0,6375,-0.06118077352187866,0.1871372549019608,0.364078431372549,0.4353963691168383,2.557542111543596
20,volatility_20,2791,0.0355638574004329,0.8769098964100002,0.38053558045221647,0.07602605999762227,1.4113250087873175,-0.10217279244929467,-1.8728912057139364,0.055058584923456666,1.3007256283731723,1,0,6375,-0.04865992304193544,0.1512156862745098,0.36305882352941177,0.4723889964234412,2.37690989641
20,low_vol_20,2791,-0.0355638574004329,-0.8769098964100002,0.38053558045221647,-0.07602605999762227,-1.4113250087873175,0.10217279244929467,1.8728912057139364,0.055058584923456666,1.3007256283731723,1,0,6375,0.04865992304193544,0.2901960784313726,0.4139607843137255,0.4723889964234412,2.37690989641
20,momentum_252,2700,0.06025846791887316,1.3033518486031974,0.19245466743136946,-0.029035696917887734,-0.42244473460232557,0.06450925173082699,0.8768128963076574,0.09179954384498691,2.2099213979519305,0,1,6143,0.46124639852727406,0.5132671333224809,0.5958814911281133,0.30123339250127396,2.3033518486031976
20,downside_vol_60,2808,0.02817286146689205,0.6896700627550323,0.49040169639367076,0.12528784722577274,2.268513422607952,-0.08301748898030917,-1.3847410195635275,0.04582771887749722,1.1509633778883972,1,0,6335,-0.09680944739579074,0.15516969218626678,0.35335438042620365,0.5694987441991015,2.1896700627550323
20,volatility_60,2808,0.02240799251868436,0.555465959518035,0.5785759874222548,0.15220518979244796,2.634853296071566,-0.048359640740563425,-0.7087941632793026,0.04941737104529062,1.2081710454345855,1,0,6335,-0.08300824293329791,0.12375690607734807,0.35611681136543016,0.6265087918807266,2.055465959518035
20,low_vol_60,2808,-0.02240799251868436,-0.555465959518035,0.5785759874222548,-0.15220518979244796,-2.634853296071566,0.048359640740563425,0.7087941632793026,0.04941737104529062,1.2081710454345855,1,0,6335,0.08300824293329791,0.3082872928176796,0.41681136543014996,0.6265087918807266,2.055465959518035
20,efficiency_60,2799,0.08194181176122783,2.0108568305357495,0.04434058129537773,-0.010281189919768279,-0.22569696326632194,-0.06960032538961476,-1.2934522955580654,0.05284927071625733,1.415297034826818,0,0,6335,0.07708742635345273,0.2912391475927388,0.3963693764798737,0.15845094993005066,2.0108568305357495
20,downside_vol_10,2798,0.006667106492188365,0.21628270833037844,0.8287673868463911,0.05575720972890749,1.1349943090355135,-0.12527373595478716,-2.6055337174753017,0.0924626821988143,2.423782920358941,1,0,6385,-0.03826610078735832,0.20172278778386843,0.376742364917776,0.8287673868463911,1.7162827083303784
20,ma_distance_252,2702,0.04346166672203557,0.8278577687457068,0.40775105405957246,-0.014844243898472373,-0.22008583108241062,-0.02042148382833047,-0.27782883432016625,0.09285898438767737,2.0082642147644356,0,0,6144,0.4733143220468001,0.5320638020833334,0.5933430989583334,0.48930126487148695,0.8278577687457068
20,momentum_120,2803,0.022342107856852866,0.49505481606685114,0.6205614272297473,-0.01083042792726038,-0.16482992580639144,-0.04826999740153755,-0.762264228211437,0.10826593322006176,2.5712440177059364,0,0,6275,0.38944607069824316,0.4809561752988048,0.54398406374502,0.6382917537220257,0.49505481606685114
60,momentum_10,2793,0.09875008665253542,2.7570882784570077,0.005831860462203342,0.03319238711256356,0.6784135499431732,0.054672934712054484,1.0487856327551375,0.09870548724407835,1.7781859842205812,1,1,6385,0.0989116858044381,0.3054032889584965,0.43633516053249805,0.2099469766393203,5.257088278457008
60,momentum_5,2789,0.06692062539597542,2.477393671413824,0.013234583602550217,0.021035150318027242,0.5332497401382479,0.021735624382373885,0.6145342591523033,0.10657171047293186,2.020205361215645,1,1,6390,0.06995334463877827,0.29107981220657275,0.4210485133020344,0.22968412115521117,4.977393671413823
60,risk_adjusted_momentum_20_20,2795,0.1031209490222487,2.3054011031088666,0.021144119782345067,0.04581714975458526,0.7732901821371854,0.04346022345634699,0.62733826707371,0.15058981853054143,2.5921027525463955,1,1,6375,0.16459787643670132,0.32454901960784316,0.46619607843137256,0.22968412115521117,4.805401103108867
60,ma_distance_20,2799,0.08882803834689212,2.1553801971637285,0.031132094708806235,0.024460108028351385,0.4379005708956721,0.055646205547126085,0.8627668199048876,0.12851436875097327,2.343643703598703,1,1,6376,0.11214610527103315,0.31304893350062735,0.4413425345043915,0.22968412115521117,4.655380197163728
60,drawdown_20,2750,0.07904869204225003,2.0054408687831087,0.044915936274494764,0.045077331817395754,0.8015443844302994,0.1057081746796243,1.776607364563186,0.12309140698733526,2.2475776400221457,1,1,6376,0.09588118696673395,0.3378293601003764,0.45647741530740277,0.22968412115521117,4.505440868783109
60,near_peak_20,2750,0.07904869204225003,2.0054408687831087,0.044915936274494764,0.045077331817395754,0.8015443844302994,0.1057081746796243,1.776607364563186,0.12309140698733526,2.2475776400221457,1,1,6376,0.09588118696673395,0.3378293601003764,0.45647741530740277,0.22968412115521117,4.505440868783109
60,drawdown_120,2789,0.12261505947533488,1.9511356127440895,0.05104091581226915,0.13094641939359425,1.5487577388135312,0.10321660061711443,1.191496512853052,0.12790526399013286,2.07697222175638,1,1,6276,0.29526623996362755,0.4181007010834927,0.5086042065009561,0.22968412115521117,4.451135612744089
60,near_peak_120,2789,0.12261505947533488,1.9511356127440895,0.05104091581226915,0.13094641939359425,1.5487577388135312,0.10321660061711443,1.191496512853052,0.12790526399013286,2.07697222175638,1,1,6276,0.29526623996362755,0.4181007010834927,0.5086042065009561,0.22968412115521117,4.451135612744089
60,momentum_20,2798,0.08303395986724882,1.8020031051159944,0.07154491702768553,0.015957370604035466,0.27081242783827447,0.025380670973810388,0.36001918515991943,0.13339596524462005,2.351103145463076,1,1,6375,0.14068647781483384,0.31654901960784315,0.4472156862745098,0.27037549167210906,4.302003105115994
60,drawdown_60,2782,0.09500168860288045,1.7357122094662456,0.08261473356647778,0.12812375872971682,1.722111688363134,0.10608999224058027,1.3793491016203205,0.15495446538842877,2.5093804128661104,1,1,6336,0.20557557889058628,0.3732638888888889,0.47853535353535354,0.27037549167210906,4.235712209466246
60,near_peak_60,2782,0.09500168860288045,1.7357122094662456,0.08261473356647778,0.12812375872971682,1.722111688363134,0.10608999224058027,1.3793491016203205,0.15495446538842877,2.5093804128661104,1,1,6336,0.20557557889058628,0.3732638888888889,0.47853535353535354,0.27037549167210906,4.235712209466246
60,drawdown_252,2703,0.11609649416675732,1.5750093945507604,0.1152542760894314,0.15649045971936912,1.6916693826258526,0.08264307838325635,0.9555735964196724,0.12528509996466203,1.8206624039799442,1,1,6144,0.38205315222865954,0.4485677083333333,0.5343424479166666,0.295166528028728,4.075009394550761
60,near_peak_252,2703,0.11609649416675732,1.5750093945507604,0.1152542760894314,0.15649045971936912,1.6916693826258526,0.08264307838325635,0.9555735964196724,0.12528509996466203,1.8206624039799442,1,1,6144,0.38205315222865954,0.4485677083333333,0.5343424479166666,0.295166528028728,4.075009394550761
60,momentum_120,2803,0.09690532795767322,1.29937209546211,0.19381626324800247,0.05497474383815698,0.5230131824624726,0.018990475504762797,0.21173876709149095,0.09687523085783523,1.4299818258616788,1,1,6275,0.38944607069824316,0.4809561752988048,0.54398406374502,0.41043443981929933,3.79937209546211
60,ma_distance_60,2801,0.10445117884231137,1.6316777419114152,0.10274739137143388,0.07141607058775268,0.9304947260456453,-0.002717692402327616,-0.02717422001769564,0.12831655178941606,2.04939001877366,1,0,6336,0.23874996008560723,0.3715277777777778,0.4845328282828283,0.295166528028728,3.1316777419114152
60,risk_adjusted_momentum_120_60,2800,0.10743498746314128,1.5094449100752918,0.13118512356832357,0.01599645401873869,0.16451492564627332,-0.0014946999914154599,-0.01564034268779083,0.10636629135095965,1.5582279047588554,1,0,6275,0.4025451613383808,0.47394422310756973,0.5490039840637451,0.295166528028728,3.009444910075292
60,risk_adjusted_momentum_60_20,2801,0.08294489057969535,1.1847289009156712,0.2361246517204706,0.1305269264232365,1.6529932516984998,-0.037913184012238095,-0.3711630215322412,0.15551444705958076,2.3096729746674245,1,0,6335,0.30363749369140514,0.40868192580899765,0.5142067876874507,0.4473940769440496,2.684728900915671
60,ma_distance_120,2800,0.08769456928841919,1.1270845113159056,0.2597067512958612,0.11114866682146814,1.3134964099864845,-0.11826694806395806,-1.0828909276210215,0.12151927669608951,1.8060665298471916,1,0,6276,0.36886278184163596,0.4545889101338432,0.5352135117909497,0.46747215233255013,2.6270845113159056
60,efficiency_120,2781,0.09590287528014857,1.5286905621134015,0.12634117310007797,-0.13918551835927542,-1.6993781728878106,0.056827162946328294,0.8963764473764435,0.09476615234279949,1.6023652422648569,0,1,6275,0.14957303921549134,0.3282868525896414,0.40908366533864543,0.295166528028728,2.5286905621134013
60,volatility_120,2808,0.06960662700069832,1.0057121280961043,0.3145540673914833,0.008594661792694998,0.10096750116718936,-0.07107653166211592,-0.7169041893880457,0.09748494583888483,1.5251465211044855,1,0,6275,-0.11932305122873309,0.08637450199203187,0.34868525896414343,0.5147248375496999,2.5057121280961043
60,low_vol_120,2808,-0.06960662700069832,-1.0057121280961043,0.3145540673914833,-0.008594661792694998,-0.10096750116718936,0.07107653166211592,0.7169041893880457,0.09748494583888483,1.5251465211044855,1,0,6275,0.11932305122873309,0.32541832669322707,0.4269322709163347,0.5147248375496999,2.5057121280961043
60,momentum_60,2807,0.06486139732167455,0.910336637847568,0.36264500222735396,0.11528600149411991,1.3974947046786554,-0.09327714585204068,-0.8648977175023265,0.1482960017835873,2.29786101784046,1,0,6335,0.29369768012392655,0.4107340173638516,0.5029202841357537,0.5676182643558584,2.410336637847568
60,downside_vol_120,2780,0.05988504949271813,0.854706538368864,0.3927136299548112,0.04407372074929931,0.5047290170502545,-0.08449428511815216,-0.9132292538633994,0.09849624563259322,1.5132496326540312,1,0,6275,-0.168099973964899,0.10310756972111554,0.33155378486055775,0.5890704449322167,2.354706538368864
60,volatility_60,2808,0.052928155853684176,0.7947998878446204,0.4267299162528319,0.08096583456060334,0.8514472801430488,-0.06988993862095363,-0.6875853533463326,0.06239595283559249,0.9714303129637802,1,0,6335,-0.08300824293329791,0.12375690607734807,0.35611681136543016,0.5908568071193057,2.2947998878446203
60,low_vol_60,2808,-0.052928155853684176,-0.7947998878446204,0.4267299162528319,-0.08096583456060334,-0.8514472801430488,0.06988993862095363,0.6875853533463326,0.06239595283559249,0.9714303129637802,1,0,6335,0.08300824293329791,0.3082872928176796,0.41681136543014996,0.5908568071193057,2.2947998878446203
60,ma_distance_252,2702,0.058040324166788004,0.7056858365772445,0.48038353082726465,0.007407087700854768,0.06782871988908834,-0.04718132250049455,-0.3947178164238558,0.15341177215668828,2.0711460856043122,1,0,6144,0.4733143220468001,0.5320638020833334,0.5933430989583334,0.6323508504866399,2.2056858365772447
60,volatility_20,2791,0.04405026174325876,0.6514761659232646,0.5147391576842281,0.01567304054011316,0.18274325479661854,-0.14096093713602276,-1.9002410339099467,0.05347012363736437,0.8654658289047186,1,0,6375,-0.04865992304193544,0.1512156862745098,0.36305882352941177,0.6323508504866399,2.1514761659232646
60,low_vol_20,2791,-0.04405026174325876,-0.6514761659232646,0.5147391576842281,-0.01567304054011316,-0.18274325479661854,0.14096093713602276,1.9002410339099467,0.05347012363736437,0.8654658289047186,1,0,6375,0.04865992304193544,0.2901960784313726,0.4139607843137255,0.6323508504866399,2.1514761659232646
60,downside_vol_60,2808,0.030117513376644495,0.4477318682051064,0.654346719405758,0.081763290780735,0.9073574658603692,-0.05694820833714379,-0.6755344768189909,0.053327298448187094,0.8512655762756143,1,0,6335,-0.09680944739579074,0.15516969218626678,0.35335438042620365,0.7361400593314777,1.9477318682051064
60,momentum_252,2700,-0.006170463478435188,-0.07150849782670766,0.9429930615860559,-0.039676799460808224,-0.4355961336476907,0.042601264090528355,0.3432081955869064,0.19319038789860474,2.5997104944259233,1,0,6143,0.46124639852727406,0.5132671333224809,0.5958814911281133,0.9429930615860559,1.5715084978267078
60,efficiency_60,2799,0.07429535161572921,1.2209740844961505,0.2220958321762447,-0.11583907227255195,-1.8805644220712228,-0.028538001471861415,-0.3606691558821795,0.09259320753955991,1.630213213898112,0,0,6335,0.07708742635345273,0.2912391475927388,0.3963693764798737,0.4441916643524894,1.2209740844961505
60,volatility_10,2797,0.03710614953152911,0.6326548775816031,0.5269590420721999,-0.0133184720981372,-0.17541590790517456,-0.09925938872504156,-1.6439983971338477,0.0750791838807425,1.298912891874887,0,0,6385,-0.03309412271861025,0.17494126859827722,0.36836335160532496,0.6323508504866399,0.6326548775816031
60,downside_vol_20,2796,0.031800700204104845,0.5739120897692577,0.5660272915019015,-0.02307630850154726,-0.2985168102006621,-0.19025533519731103,-2.895215967259021,0.09068288106330127,1.578980273347594,0,0,6375,-0.06118077352187866,0.1871372549019608,0.364078431372549,0.657322015937692,0.5739120897692577
60,downside_vol_10,2798,0.01979364198429849,0.4165792518434169,0.6769861880394128,-0.0033729943413086795,-0.05313972421044574,-0.1441407384165738,-2.441670118507264,0.10337827156627827,1.7969352605022337,0,0,6385,-0.03826610078735832,0.20172278778386843,0.376742364917776,0.7385303869520867,0.4165792518434169
60,efficiency_20,2784,0.01050809899168983,0.29064735589292584,0.7713210379980966,-0.03280314016920157,-0.6804057064398148,-0.019930954277982377,-0.3385494384474907,0.13843262568468348,2.4496977138321463,0,0,6375,-0.026337447868475812,0.2307450980392157,0.37545098039215685,0.8166928637626905,0.29064735589292584
60,risk_adjusted_momentum_252_60,2706,-0.010861434046923813,-0.12520720956885054,0.9003595097524878,0.014874829628215099,0.16497842846676072,0.1219144889463894,1.2597488073991376,0.20409590713541995,2.6433057249073255,0,0,6143,0.4375207943521637,0.5072440175809865,0.577160996255901,0.9260840671739875,0.12520720956885054
