rule,split,horizon,n,mean_edge,t,p,base_trade_win
all,all,5,59,-0.003237079805481156,-2.9634300643729694,0.003042311851502052,0.288135593220339
all,all,20,59,-0.0024562516236777136,-0.9823015285984468,0.3259513217032043,0.4067796610169492
all,all,60,58,-0.0031644143726749525,-1.0300704657732647,0.30297692820336536,0.4482758620689655
all,dev,5,31,nan,nan,nan,0.3225806451612903
all,dev,20,31,nan,nan,nan,0.4838709677419355
all,dev,60,31,nan,nan,nan,0.5161290322580645
all,validation,5,18,nan,nan,nan,0.2222222222222222
all,validation,20,18,nan,nan,nan,0.3333333333333333
all,validation,60,18,nan,nan,nan,0.3888888888888889
all,holdout,5,10,nan,nan,nan,0.3
all,holdout,20,10,nan,nan,nan,0.3
all,holdout,60,9,nan,nan,nan,0.3333333333333333
consensus_top2,all,5,27,nan,nan,nan,0.2222222222222222
consensus_top2,all,20,27,nan,nan,nan,0.48148148148148145
consensus_top2,all,60,27,nan,nan,nan,0.4074074074074074
consensus_top2,dev,5,12,nan,nan,nan,0.25
consensus_top2,dev,20,12,nan,nan,nan,0.5
consensus_top2,dev,60,12,nan,nan,nan,0.5
consensus_top2,validation,5,8,nan,nan,nan,0.125
consensus_top2,validation,20,8,nan,nan,nan,0.5
consensus_top2,validation,60,8,nan,nan,nan,0.25
consensus_top2,holdout,5,7,nan,nan,nan,0.2857142857142857
consensus_top2,holdout,20,7,nan,nan,nan,0.42857142857142855
consensus_top2,holdout,60,7,nan,nan,nan,0.42857142857142855
sold_dual_rank,all,5,47,-0.002869935215965783,-2.2197356412700384,0.02643671795520147,0.2978723404255319
sold_dual_rank,all,20,47,-0.002256325398094915,-0.7558196391408537,0.4497573402201009,0.40425531914893614
sold_dual_rank,all,60,46,-0.0027321953501546095,-0.7734172284769608,0.4392754970716925,0.45652173913043476
sold_dual_rank,dev,5,24,nan,nan,nan,0.3333333333333333
sold_dual_rank,dev,20,24,nan,nan,nan,0.4583333333333333
sold_dual_rank,dev,60,24,nan,nan,nan,0.5833333333333334
sold_dual_rank,validation,5,13,nan,nan,nan,0.23076923076923078
sold_dual_rank,validation,20,13,nan,nan,nan,0.38461538461538464
sold_dual_rank,validation,60,13,nan,nan,nan,0.3076923076923077
sold_dual_rank,holdout,5,10,nan,nan,nan,0.3
sold_dual_rank,holdout,20,10,nan,nan,nan,0.3
sold_dual_rank,holdout,60,9,nan,nan,nan,0.3333333333333333
sold_both_pos,all,5,51,-0.0029594938065811015,-2.3953087296980624,0.01660637597565659,0.29411764705882354
sold_both_pos,all,20,51,-0.0010126144426878926,-0.3646440251861183,0.7153771469598383,0.45098039215686275
sold_both_pos,all,60,51,-0.001744794999645747,-0.5384356789297547,0.5902762999038633,0.47058823529411764
sold_both_pos,dev,5,27,nan,nan,nan,0.3333333333333333
sold_both_pos,dev,20,27,nan,nan,nan,0.5185185185185185
sold_both_pos,dev,60,27,nan,nan,nan,0.5555555555555556
sold_both_pos,validation,5,15,nan,nan,nan,0.26666666666666666
sold_both_pos,validation,20,15,nan,nan,nan,0.4
sold_both_pos,validation,60,15,nan,nan,nan,0.4
sold_both_pos,holdout,5,9,nan,nan,nan,0.2222222222222222
sold_both_pos,holdout,20,9,nan,nan,nan,0.3333333333333333
sold_both_pos,holdout,60,9,nan,nan,nan,0.3333333333333333
dual_and_positive,all,5,42,-0.0029657982389851103,-2.06018942500368,0.039380435482287465,0.2857142857142857
dual_and_positive,all,20,42,-0.0017020438510931093,-0.5143706851222576,0.606992850698186,0.42857142857142855
dual_and_positive,all,60,42,-0.0029202426474127033,-0.7834372302593349,0.4333704005414164,0.4523809523809524
dual_and_positive,dev,5,22,nan,nan,nan,0.3181818181818182
dual_and_positive,dev,20,22,nan,nan,nan,0.45454545454545453
dual_and_positive,dev,60,22,nan,nan,nan,0.5909090909090909
dual_and_positive,validation,5,11,nan,nan,nan,0.2727272727272727
dual_and_positive,validation,20,11,nan,nan,nan,0.45454545454545453
dual_and_positive,validation,60,11,nan,nan,nan,0.2727272727272727
dual_and_positive,holdout,5,9,nan,nan,nan,0.2222222222222222
dual_and_positive,holdout,20,9,nan,nan,nan,0.3333333333333333
dual_and_positive,holdout,60,9,nan,nan,nan,0.3333333333333333
gap_ge_025,all,5,38,nan,nan,nan,0.23684210526315788
gap_ge_025,all,20,38,nan,nan,nan,0.39473684210526316
gap_ge_025,all,60,37,nan,nan,nan,0.40540540540540543
gap_ge_025,dev,5,18,nan,nan,nan,0.2222222222222222
gap_ge_025,dev,20,18,nan,nan,nan,0.3888888888888889
gap_ge_025,dev,60,18,nan,nan,nan,0.3888888888888889
gap_ge_025,validation,5,12,nan,nan,nan,0.16666666666666666
gap_ge_025,validation,20,12,nan,nan,nan,0.4166666666666667
gap_ge_025,validation,60,12,nan,nan,nan,0.4166666666666667
gap_ge_025,holdout,5,8,nan,nan,nan,0.375
gap_ge_025,holdout,20,8,nan,nan,nan,0.375
gap_ge_025,holdout,60,7,nan,nan,nan,0.42857142857142855
gap_ge_05,all,5,5,nan,nan,nan,0.0
gap_ge_05,all,20,5,nan,nan,nan,0.4
gap_ge_05,all,60,5,nan,nan,nan,0.2
gap_ge_05,dev,5,2,nan,nan,nan,0.0
gap_ge_05,dev,20,2,nan,nan,nan,0.0
gap_ge_05,dev,60,2,nan,nan,nan,0.0
gap_ge_05,validation,5,2,nan,nan,nan,0.0
gap_ge_05,validation,20,2,nan,nan,nan,0.5
gap_ge_05,validation,60,2,nan,nan,nan,0.0
gap_ge_05,holdout,5,1,nan,nan,nan,0.0
gap_ge_05,holdout,20,1,nan,nan,nan,1.0
gap_ge_05,holdout,60,1,nan,nan,nan,1.0
large_sale_15,all,5,45,-0.0029802398992906667,-2.164150312725313,0.030452815210267648,0.35555555555555557
large_sale_15,all,20,45,-0.0012104883383251047,-0.38698356450646515,0.6987683754782417,0.4222222222222222
large_sale_15,all,60,44,-0.001591967191468248,-0.41727296861924634,0.6764787580683657,0.45454545454545453
large_sale_15,dev,5,20,nan,nan,nan,0.45
large_sale_15,dev,20,20,nan,nan,nan,0.55
large_sale_15,dev,60,20,nan,nan,nan,0.5
large_sale_15,validation,5,15,nan,nan,nan,0.26666666666666666
large_sale_15,validation,20,15,nan,nan,nan,0.3333333333333333
large_sale_15,validation,60,15,nan,nan,nan,0.4666666666666667
large_sale_15,holdout,5,10,nan,nan,nan,0.3
large_sale_15,holdout,20,10,nan,nan,nan,0.3
large_sale_15,holdout,60,9,nan,nan,nan,0.3333333333333333
dual_positive_large,all,5,33,nan,nan,nan,0.3333333333333333
dual_positive_large,all,20,33,nan,nan,nan,0.42424242424242425
dual_positive_large,all,60,33,nan,nan,nan,0.42424242424242425
dual_positive_large,dev,5,15,nan,nan,nan,0.4
dual_positive_large,dev,20,15,nan,nan,nan,0.4666666666666667
dual_positive_large,dev,60,15,nan,nan,nan,0.5333333333333333
dual_positive_large,validation,5,9,nan,nan,nan,0.3333333333333333
dual_positive_large,validation,20,9,nan,nan,nan,0.4444444444444444
dual_positive_large,validation,60,9,nan,nan,nan,0.3333333333333333
dual_positive_large,holdout,5,9,nan,nan,nan,0.2222222222222222
dual_positive_large,holdout,20,9,nan,nan,nan,0.3333333333333333
dual_positive_large,holdout,60,9,nan,nan,nan,0.3333333333333333
