date,signal_date,turnover,gross_decrease,us_decrease,factor_alignment,sale_top1,sale_top2,buy_top2,top1,top2,edge5,edge20,edge60
2003-03-04,2003-03-03,0.4136532,0.4136532,0.003947591300000001,-0.10143950435,0.0,0.4097056087,0.0,shanghai,shanghai|gold,-0.001087125525321472,0.01747201825254991,-0.02201500598021916
2003-03-10,2003-03-07,0.041943599999999984,0.0419436,0.0024959243999999993,-0.009237937799999995,0.0,0.03944767559999998,0.0,shanghai,shanghai|gold,0.001295033807802592,0.0030349116962688537,-0.002306045696066847
2003-04-30,2003-04-29,0.2798863,-0.27988630000000003,-0.15399066960000002,0.057745918050000004,0.0,0.0,0.2798851339,nasdaq,nasdaq|gold,0.002564867277034976,0.0171548948124803,0.031103530632409185
2003-05-27,2003-05-26,0.0806045705,-0.08060457050000003,-0.0019951730999999973,0.01965234935,0.0,0.0,0.0806045705,gold,gold|nasdaq,-0.0013419642785337557,-0.005378814200533935,-0.0019094606997198836
2003-06-09,2003-06-06,0.40354892950000004,-0.4035489295,-0.2116193949,0.10088712530000002,0.0,0.0,0.4035485012000001,gold,gold|nasdaq,0.00253781330918782,0.003897138167499139,0.030378337585825737
2003-08-19,2003-08-18,0.7084946771,-1.000000082740371e-10,-0.35424733859999996,0.011698874787500008,0.0,0.35424733850000006,0.031196999400000036,nasdaq,nasdaq|gold,-0.013196078776339527,-0.008170489332386791,-0.01614349348306501
2003-09-05,2003-09-04,0.19176512829999998,0.14330768410000005,0.05741009149999998,-0.008295342350000005,0.0,0.0816388136,0.02422872209999999,nasdaq,nasdaq|sp500,-0.0014253086736803547,-0.0005332241229326858,-0.007993206104022134
2003-11-11,2003-11-10,0.143307684,-0.14330768400000005,-0.11216244790000007,0.04367571237499999,0.0,0.0,0.10292404279999998,nasdaq,nasdaq|gold,-0.003043252914783994,-0.00023958480008721278,0.005726865930809789
2003-11-12,2003-11-11,0.35191629139999997,0.0,0.09855438480000012,-0.06334047665,0.1759581457,0.1759581457,0.0985543848,nasdaq,nasdaq|gold,0.001677177482929512,0.005143481430654366,-0.0035913630064496487
2004-02-05,2004-02-04,0.39719100609999997,0.3277337089,0.20721369529999994,0.01719830480000001,0.08645544299999997,0.20721369529999994,0.0,sp500,sp500|nasdaq,-0.015708009861794634,-0.00659284473550727,0.0010059449566562186
2004-02-19,2004-02-18,0.6722662911,0.6722662911,0.4769006838,-0.028027030100000003,0.2727450791,0.4769006838,0.0,sp500,sp500|nasdaq,0.0015343571021224104,0.0068126501677909694,0.03367870674240766
2004-04-29,2004-04-28,0.5146763296,-0.5146763296,-0.3314933296,0.1282774148,0.0,0.0,0.3314933296,sp500,sp500|nasdaq,-0.008494759187867554,-0.002192491525781409,-0.010949255347269825
2004-06-08,2004-06-07,0.09130368720000002,0.09130368719999998,0.019404359699999985,-0.007276634887500005,0.00979965000000002,0.019404359700000012,0.0,nasdaq,nasdaq|sp500,-0.00020218731706277658,-0.0007460599566220917,-0.0033094588034970063
2004-06-10,2004-06-09,0.18595105350000005,-0.18595105350000002,-0.17667741410000004,0.06625403028750002,0.0,0.0,0.17667741410000004,nasdaq,nasdaq|sp500,-0.0024205031370737253,-0.005815546693289093,-0.005306623615572416
2004-06-28,2004-06-25,0.14623768699999995,-0.14623768699999995,-0.1173039321999999,0.04883425554999998,0.0,0.0,0.11730393219999996,sp500,sp500|nasdaq,-0.0024191569523241553,-0.009169779529610976,-0.004108862054132354
2004-07-05,2004-07-02,0.3321887405,0.33218874049999997,0.29398134629999995,-0.128208346975,0.2311593451,0.2693667393,0.0,sp500,sp500|gold,0.00014217603567213575,0.005080969341243934,0.0046533647235940424
2004-07-22,2004-07-21,0.23116801120000002,-0.0969989476,0.04887678230000003,0.029546699287500013,0.0,0.0670845318,0.14587572990000003,gold,gold|sp500,-0.005650260251964962,0.0017156229299421337,0.005867093518139477
2004-09-08,2004-09-07,0.11448174979999999,-0.11448174980000003,-0.057906681299999985,0.029872135462499998,0.0,0.0,0.0796590279,gold,gold|sp500,0.0005437281529057315,0.00431646213507633,0.013495824660858463
2004-09-10,2004-09-09,0.4726883086,-0.07942013159999994,0.19663408849999997,0.055516189724999984,0.0,0.1280110475,0.27605422009999997,gold,gold|sp500,-0.0033800314147903144,0.008878701800792362,0.015362275775267237
2004-12-07,2004-12-06,0.11456280700000002,0.09747707220000001,-0.008542867400000015,-0.051942111375,0.1060199396,0.1060199396,0.008542867400000015,gold,gold|nasdaq,0.0027533833942431515,0.004277908486326922,0.0030980260213839482
2005-03-31,2005-03-30,0.5580674679,0.27585333049999994,-0.0980056209,-0.08189427503749999,0.3738589514,0.3738589514,0.1411070687,gold,gold|sp500,-0.003107591012037913,-0.012032536820570034,-0.016335209921044813
2005-05-24,2005-05-23,0.4325138125,-0.4325138125,-0.33105953650000003,0.108128453125,0.0,0.0,0.30226232,gold,gold|nasdaq,-0.004470488931566338,0.005658869628312754,0.002926606762380578
2005-06-08,2005-06-07,0.18562965140000004,-0.18562965139999998,-0.13490227320000003,0.04640741285000001,0.0,0.0,0.12050359680000006,gold,gold|nasdaq,-0.0002750714831268196,-0.0017908541005861433,-0.0004653703948230036
2005-06-09,2005-06-08,0.5963294533000001,0.5963294533,0.4068505391000001,-0.101712634775,0.21378622260000002,0.4068505391,0.0,nasdaq,nasdaq|sp500,-0.014493910407858997,-0.00523884645949505,-0.011439657041191289
2005-08-25,2005-08-24,0.087061699,-0.08706169899999999,-0.0696346894,9.9118225e-05,0.0,0.0,0.052640827200000004,nasdaq,nasdaq|gold,-0.0003271959046589288,-0.0002556783435569153,0.003121171301762133
2005-09-07,2005-09-06,0.1287364271,0.1183254863,0.12353095670000003,-0.0191609358125,0.0905376576,0.0905376576,0.0,nasdaq,nasdaq|csi300,-8.372723176855532e-05,0.0028476002451428765,-0.003465807272949242
2005-09-15,2005-09-14,0.3313728478,-0.01914751800000003,0.15611266489999998,-0.006617737087500002,0.0112647929,0.0112647929,0.0,nasdaq,nasdaq|shanghai,0.0025217468068588393,0.009141883469485808,0.017524149300508038
2005-12-06,2005-12-05,0.64935919,-0.64935919,-0.1541979623,0.26685535913749997,0.0,0.0,0.64935919,gold,gold|nasdaq,0.0036471427819807674,0.015768566689288693,0.045147316094382384
2006-03-07,2006-03-06,0.9744872195999998,0.0,-0.07043450979999999,-0.18271635367499997,0.4872436097999999,0.4872436097999999,0.0,gold,gold|csi300,-0.009157756096210843,-0.011757827300826671,0.030569247188353185
2006-05-29,2006-05-26,0.997298812,0.6305449162000001,0.016228356200000016,-0.046267910924999996,0.0,0.4119633285,0.0110580245,csi300,csi300|shanghai,-0.014840941516074126,0.018170631832545303,0.018044808574825898
2006-06-08,2006-06-07,0.08128011830000001,-0.08128011830000004,-0.063478739,-0.02077892860000001,0.0,0.0,0.0034988351,csi300,csi300|shanghai,-0.0021939726267549563,0.0003883168347851837,0.0008170807291347897
2006-08-16,2006-08-15,0.5492647979,-0.5492647979,-0.4338199811,0.025457862387499995,0.0,0.0,0.4223756331,shanghai,shanghai|sp500,-0.008593199747433718,-0.005723859163723179,0.01780488895609591
2006-11-08,2006-11-07,0.3149460204,0.0,0.06154413709999995,-0.022872954349999988,0.0176209596,0.0369354289,0.0,shanghai,shanghai|csi300,-0.002865236482213345,-0.008509390934862502,-0.0207441106334549
2006-11-10,2006-11-09,0.4038758691,-1.000000082740371e-10,0.1715793833,0.09935373103749998,0.0,0.0,0.1589659697,csi300,csi300|shanghai,0.000681219700176562,0.010663188748453175,0.051318907892168183
2006-11-13,2006-11-10,0.4009030279,1.000000082740371e-10,0.17031642550000003,0.11834689225000003,0.0,0.0,0.15779585630000004,shanghai,shanghai|csi300,0.0068364866174483365,0.01968155937680178,0.059080925467778614
2006-12-05,2006-12-04,0.20541346419999995,0.0,0.016419812099999986,0.01586847959999999,0.0,0.0,0.02115797279999998,shanghai,shanghai|csi300,-0.002092383762112642,0.0017870422893995703,0.0031929721863642535
2007-02-05,2007-02-02,0.4602364001,1.000000082740371e-10,-0.04420462550000004,0.0707262611875,0.0,0.1177891468,0.1161003058,csi300,csi300|shanghai,-0.003966258936062341,-0.0035967533441848346,0.005343774579359592
2007-05-01,2007-04-30,0.5918673254000001,0.0,-0.18919583419999997,-0.147708430725,0.037009141499999995,0.1762444179,0.0,csi300,csi300|shanghai,-0.008700100919342618,-0.02891295395484179,-0.018579149976329565
2007-10-16,2007-10-15,0.6836139855000001,-1.000000082740371e-10,0.25861735329999996,0.034415215075000005,0.041236956500000005,0.0831896394,0.0,csi300,csi300|shanghai,-0.005499157063868032,0.03128905884558083,0.07603409904050427
2007-10-17,2007-10-16,0.5696783212,0.0,0.21551446110000003,0.0286793459,0.0343641304,0.0693246995,0.0,csi300,csi300|shanghai,-0.0009743113177822019,0.03294035372483815,0.06759448968753232
2008-01-09,2008-01-08,0.30336248199999993,0.30336248199999993,0.006776552599999985,-0.07225005863749999,0.0024256038,0.29381835349999996,0.0,csi300,csi300|gold,-0.0019248099203292277,-0.005841693353373849,0.004180749446302843
2008-01-10,2008-01-09,0.1744541607,0.17445416070000008,0.011443655100000005,-0.0378029398125,0.0010644736,0.1617959579,0.0,csi300,csi300|gold,0.0016646407853150482,-0.0012580131433606453,0.003243217223474975
2008-03-07,2008-03-06,0.2165788516,0.21657885159999996,0.0938077773,-0.0262076206625,0.1227710743,0.1227710743,0.0,gold,gold|csi300,-0.004902887540836716,0.0018505945989657265,0.0005036223511951914
2008-06-06,2008-06-05,0.30560450570000003,0.30560450570000003,0.0132193454,-0.001652418175,0.0132193454,0.0132193454,0.0,nasdaq,nasdaq|csi300,0.0059691893445060346,-0.01089100168174649,0.022555242066373278
2009-03-09,2009-03-06,1.0,-1.0,-0.0183718151,0.24098981315,0.0,0.0,0.6820782834000001,gold,gold|csi300,0.0042450159100203486,0.08535081768992182,0.21580722746802722
2009-06-01,2009-05-29,0.3675409383,0.15067143269999994,-0.06709628710000001,0.008387035887500002,0.0,0.0,0.1084347528,nasdaq,nasdaq|gold,-0.011041292372675876,-0.031994139559235045,-0.028931793152382417
2009-06-08,2009-06-05,0.37702803490000003,0.10985971890000001,-0.13358415799999998,-0.0476697546,0.0694645898,0.1238869394,0.0,csi300,csi300|shanghai,-0.003545345971109245,-0.021522576712725006,0.012845399916623142
2009-08-20,2009-08-19,0.22184065460000005,-0.22184065460000002,-0.06571567810000004,0.008816379200000005,0.0,0.0,0.11288069720000005,nasdaq,nasdaq|csi300,-4.838102270828155e-06,0.012022219493584237,0.02371286486272616
2009-08-24,2009-08-21,1.1885381035000002,-0.03869049689999993,0.18481172080000002,-0.128901549325,0.19907658690000002,0.39672265540000007,0.0,csi300,csi300|nasdaq,0.03823180089296005,0.017891510998767894,0.054491760837302367
2009-11-12,2009-11-11,0.6584749919,-1.000000082740371e-10,-0.3267466699,-0.1271856872625,0.32923749590000007,0.32923749590000007,0.0011987416,gold,gold|csi300,-0.01608110391647127,-0.006436299768751714,0.0021514062309608882
2010-01-11,2010-01-08,1.0,1.0,0.4267028874,-0.058151852162499997,0.3996747482,0.4267028874,0.0,nasdaq,nasdaq|sp500,0.003851571601788775,0.06635238688070186,-0.025022705481469093
2010-02-05,2010-02-04,0.5562478322,-0.5562478322,-0.3731159066,0.1407749719,0.0,0.0,0.3731159066,nasdaq,nasdaq|sp500,0.00850845149251096,0.039831943320898254,0.07900380578042321
2010-04-30,2010-04-29,0.2241678764,-0.22416787640000002,-0.18387885269999998,0.09193942634999999,0.0,0.0,0.18387885269999998,nasdaq,nasdaq|sp500,-0.01593188072042795,-0.01633316963592943,-0.017809735914901655
2010-05-03,2010-04-30,0.7804157086,0.7804157086,0.5569947593,-0.3064249983125,0.5569947593,0.7804157086,0.0,nasdaq,nasdaq|gold,0.015970675762581273,0.03952564371057621,0.041871342172368736
2010-07-23,2010-07-22,0.5547288871,-0.5547288871,-0.1102953422,0.23600369022499998,0.0,0.0,0.5547288871,gold,gold|nasdaq,-0.009153875424660542,0.005463214830299508,0.0604704739254499
2010-10-15,2010-10-14,0.17537191600000002,-0.17537191600000002,-0.029782007799999996,-0.007545509650000001,0.0,0.0,0.039116978499999996,gold,gold|nasdaq,-0.0005547735550458744,-0.002049592808714099,-0.005540525365555538
2011-01-07,2011-01-06,0.44415893799999995,0.11167340820000005,-0.1662427649,0.07200382926250001,0.0,0.0,0.1662427649,nasdaq,nasdaq|sp500,0.0012821619538602369,0.005279223927418647,-0.010105066932303295
2011-02-14,2011-02-11,0.08254402290000003,0.07995561370000004,0.0005279747999999973,0.010081898024999996,0.0018221794000000124,0.0018221794000000124,0.0012942046000000013,nasdaq,nasdaq|sp500,-0.0020265966530772636,-0.003282365794156544,-0.0044908278529671875
2011-02-23,2011-02-22,0.039824931600000016,-0.01456141040000003,-0.0258989664,0.006474741600000004,0.0,0.0012942046000000013,0.027193171000000016,nasdaq,nasdaq|sp500,-0.0003528185397385149,-0.0008882063806223235,-0.0003583724619342125
2011-04-01,2011-03-31,0.3133950247000001,-0.2831750553000001,0.003376398700000005,0.14180902875,0.0,0.015109984700000002,0.28655145400000004,gold,gold|sp500,0.005765045087388306,0.020753173883492973,0.00826761042079779
2011-04-04,2011-04-01,0.3142046375,-0.16150775309999998,0.07634844219999998,0.09578543278750001,0.0,0.0236335658,0.23785619530000002,gold,gold|sp500,0.0029273274526472326,0.014583292431498033,0.008948698189263082
2011-07-28,2011-07-27,0.16961172000000002,0.16961172000000002,0.06969384280000002,-0.0673823993,0.0999178772,0.16961172000000002,0.0,gold,gold|nasdaq,0.0011358828727816898,-0.000718333171473079,0.004220106008033372
2011-09-16,2011-09-15,0.36076367460000003,0.36076367460000003,0.0750518282,-0.16161888025,0.2857118464,0.36076367460000003,0.0,gold,gold|nasdaq,0.02796334187980346,0.015664855221567523,0.013107093428832513
2011-09-19,2011-09-16,0.18098220539999998,0.18098220539999998,0.03838392039999999,-0.0808951226,0.142598285,0.18098220539999998,0.0,gold,gold|nasdaq,0.013780817401426844,0.006495154834673782,0.00781781443148968
2011-12-05,2011-12-02,0.06299884800000001,-0.062998848,-0.015144068299999994,0.007874856000000001,0.0,0.0,0.047854779700000016,sp500,sp500|gold,-0.0027007475612398774,-0.004920075301996637,0.002264631741217998
2011-12-15,2011-12-14,0.31975636999999996,-0.18408775199999994,-0.16396569100000002,0.083476226625,0.0,0.0,0.251922061,sp500,sp500|gold,0.0025615382426937457,0.005850552474268401,0.01486079600729183
2012-03-05,2012-03-02,0.21424725000000003,-0.05198725000000004,-0.030600132799999957,0.03175754979999999,0.0,0.08113000000000001,0.11173013279999999,nasdaq,nasdaq|sp500,-0.0013018142233069373,0.000511630261705291,-0.005194160402942482
2012-03-07,2012-03-06,0.2237087821,0.2237087821,0.06341707839999997,-0.008714404399999997,0.003149078399999991,0.0634170784,0.0,nasdaq,nasdaq|sp500,-0.0009190713722477526,0.0028300723738088726,0.009778250954622274
2012-03-09,2012-03-08,0.07957916290000001,-0.07957916290000006,-0.04732848730000003,0.012776072737500003,0.0,0.0,0.04732848730000001,nasdaq,nasdaq|sp500,-0.0006212573067411305,-0.0012100061150571643,-0.005430704305514061
2012-03-12,2012-03-09,0.44130263080000004,0.44130263080000004,0.2624579752,-0.0708491307,0.1521675352,0.2624579752,0.0,nasdaq,nasdaq|sp500,-0.009121338399230247,-0.00173155762313316,0.02057876133309737
2012-05-28,2012-05-25,0.520818,-0.520818,-0.337635,0.054053625,0.0,0.0,0.337635,nasdaq,nasdaq|sp500,-0.0076748996887320824,-0.0015092426752639472,0.03014933055751069
2012-08-20,2012-08-17,0.13581893280000001,0.13581893280000001,0.09139874240000001,-0.0342745284,0.0522411824,0.0913987424,0.0,nasdaq,nasdaq|sp500,-0.0025427763789417504,-0.0074525129600743365,0.0021824555023260738
2012-09-05,2012-09-04,0.16400960259999997,-0.16400960259999997,-0.1307065283,0.049014948112500005,0.0,0.0,0.1307065283,nasdaq,nasdaq|sp500,0.0005415225924286567,0.002480674005492534,-0.007186763573921942
2012-11-12,2012-11-09,0.12078190729999998,-0.12078190730000005,-0.0829274129,0.0037283023874999984,0.0,0.0,0.056376915999999985,gold,gold|sp500,-0.0007909087643512803,0.0007281397762766626,0.005085133630577642
2012-11-13,2012-11-12,0.3738184237,0.3697510971,0.3717847604,0.021302699075000004,0.0,0.1027152472,0.002033663300000016,gold,gold|sp500,-0.00804882444929534,-0.021751694807803184,-0.040836931906158766
2013-01-03,2013-01-02,0.3006397201,-0.30063972009999995,-0.18651062069999996,-0.010882366425000005,0.0,0.0,0.1276641834,sp500,sp500|csi300,-0.0018658897890360781,-0.0006382173940911269,0.0032902761817468168
2013-02-05,2013-02-04,0.29980746010000003,0.2998074601,0.08543591909999995,0.10674266645000002,0.00088620809999998,0.00088620809999998,0.0,sp500,sp500|csi300,-0.0006418732131869245,0.008378866235140541,0.021180051369339332
2013-03-11,2013-03-08,0.20000434739999998,-0.028162259999999995,-0.1140833037,0.08567702264999999,0.0,0.0,0.11408330369999997,sp500,sp500|nasdaq,-0.004189317198494948,-0.0013984790408725193,0.013919705498172338
2013-03-28,2013-03-27,0.08445764799999998,-0.01841400000000004,-0.017991203999999983,-0.003969052999999988,0.03302182399999998,0.03302182399999998,0.051013028,sp500,sp500|nasdaq,-0.001412452755712306,-0.001055981991182329,-0.0001284135594432791
2013-04-30,2013-04-29,0.1036193518,-0.00020478599999995684,-0.00993166830000003,0.0166767945875,0.0,0.041980400599999995,0.0519120689,sp500,sp500|nasdaq,-0.0008687227422954262,-0.0004531716851154865,-0.0002509123357088373
2013-06-25,2013-06-24,0.29061461399999994,-0.29061461399999994,-0.2648280839999999,0.08641726649999999,0.0,0.0,0.26482808399999996,nasdaq,nasdaq|sp500,0.0010199070213647195,0.015539620236267211,0.020530442190753322
2013-07-22,2013-07-19,0.2719019124,-0.27190191240000006,-0.25389361440000013,0.0862059564,0.0,0.0,0.2538936144,nasdaq,nasdaq|sp500,-0.004323904107562261,-0.008103250931743813,0.0019731441050275635
2013-07-23,2013-07-22,0.0898306876,-0.08983068760000001,-0.0838811236999999,0.026108540600000014,0.0,0.0,0.0838811237,nasdaq,nasdaq|sp500,-0.0009371758398750037,-0.0018655403209521997,0.00037076728298931507
2013-07-29,2013-07-26,0.4330134034999999,0.39215878130000004,0.3413629868,-0.10261322280000001,0.0,0.36179029789999995,0.020427311099999956,nasdaq,nasdaq|sp500,-0.007212349136352197,8.325521499143868e-05,-0.012533040472222715
2013-07-31,2013-07-30,0.2589403593,-0.25894035930000003,-0.2552359431000001,0.0947873746125,0.0,0.0,0.2552359431,nasdaq,nasdaq|sp500,-0.0014907641065320127,-0.006167833888804139,0.01306047511116944
2013-08-02,2013-08-01,0.3147368811,0.21525654390000004,0.2115521277000001,-0.038600781675000015,0.0,0.2612922963,0.04974016859999997,nasdaq,nasdaq|sp500,-0.0006617081360384561,0.007196098875721304,-0.006016267588102151
2013-08-23,2013-08-22,0.25810411540000006,-0.2581041154,-0.25439969920000005,0.12627374555000004,0.0,0.0,0.25439969920000005,nasdaq,nasdaq|sp500,-0.007576837113108148,0.005191138005676441,0.018474999118460983
2013-09-04,2013-09-03,0.33915493080000003,0.33915493080000003,0.33520156190000006,-0.16710660983750003,0.33520156190000006,0.33520156190000006,0.0,nasdaq,nasdaq|sp500,-0.010404057245025945,-0.018674040004356175,-0.037812379696473955
2014-03-07,2014-03-06,0.10246358549999997,-0.05591855190000006,0.023272516799999976,-0.021535141987499985,0.023272516799999976,0.023272516799999976,0.0,nasdaq,nasdaq|sp500,0.0019768566732071393,-0.0011730264513632625,-0.005064092231123995
2014-03-12,2014-03-11,0.2668433203,-0.2668433203,-0.24419279630000001,0.11643376715,0.0,0.0,0.24419279630000001,nasdaq,nasdaq|sp500,-0.0019645974839284115,-0.009443456229664427,-0.004459161328785886
2014-04-02,2014-04-01,0.4040823498,0.3309826132,0.3589095185,-0.089727379625,0.3675324815,0.3675324815,0.008622963,nasdaq,nasdaq|sp500,0.004084720710294408,0.006748311418436688,-0.013874824543223955
2014-06-06,2014-06-05,0.5622534777,0.5622534777,0.41729886499999996,-0.052122477237499985,0.008622963,0.41729886499999996,0.0,sp500,sp500|nasdaq,-0.003582568413185978,-0.025759556568695517,-0.02422154599246113
2014-06-25,2014-06-24,0.7604331748,-0.7604331748,-0.7110222747999999,0.282796917375,0.0,0.0,0.7110222747999999,sp500,sp500|nasdaq,-0.002178121926793248,-0.0008781414812994021,-0.0019869459904101874
2014-09-17,2014-09-16,0.23956682520000008,-0.23956682520000006,-0.22400041800000015,0.02021684865000001,0.0,0.0,0.09163153530000001,shanghai,shanghai|nasdaq,-0.003168922989306147,-0.019031833700006356,0.0029359509210381005
2014-09-19,2014-09-18,0.9121909857,0.02874455670000009,0.4572922140000001,0.05528007527499998,0.0,0.08922294270000003,0.4234152937,shanghai,shanghai|nasdaq,0.0013378677465994207,0.022445648216591275,0.10316784291417237
2014-09-22,2014-09-19,0.33841975980000005,0.010743277999999856,0.1745815189,0.017439236262500015,0.0,0.0,0.15704770450000005,shanghai,shanghai|nasdaq,0.002412793505731828,0.009633623427199832,0.04326467234595486
2014-12-10,2014-12-09,0.8955121653,0.8955121653,0.30314895989999996,-0.07538185837500003,0.022404428900000002,0.5405614554000001,0.0,csi300,csi300|shanghai,-0.02876356374252665,-0.07886390692384149,-0.08887349892618783
2014-12-31,2014-12-30,0.065,0.065,0.0,-0.024375,0.0026940283,0.065,0.0,csi300,csi300|shanghai,-0.0018341761282836318,-0.0011750944265726954,-0.009617987903312662
2015-03-05,2015-03-04,0.7073546823,-0.7073546823,-0.4661936283,0.05713180197500001,0.0,0.0,0.213233154,csi300,csi300|shanghai,-0.011034299560421552,0.01637229855264799,0.08291485608831252
2015-05-05,2015-05-04,0.2850639367999999,-0.2850639368,-0.23200850499999992,0.012312432674999997,0.0,0.0,0.04691129379999999,shanghai,shanghai|csi300,0.0004411691298168655,0.009347611622069959,-0.0038951414141985188
2015-05-28,2015-05-27,0.32163434729999996,0.3192746125,0.13495196769999995,-0.060430967674999995,0.0993798079,0.1855025122,0.0,csi300,csi300|shanghai,-0.015431054127083352,0.0008498033399510973,0.03829134088223628
2015-06-05,2015-06-04,0.28675934670000003,-0.28675934670000003,-0.26038482490000003,0.0031509234374999993,0.0,0.0,0.0179140645,csi300,csi300|shanghai,-0.0032041078853698437,-0.010747010160941024,-0.014335510475503159
2015-06-29,2015-06-26,0.28580393160000006,0.28580393160000006,0.2612309481,-0.06326033327500001,0.26025160290000005,0.26880644750000005,0.0,nasdaq,nasdaq|shanghai,-0.0037321668987520345,-0.005357058859540111,0.0010156299335467812
2015-07-22,2015-07-21,0.3086098251,0.30860982509999996,0.24147463019999998,-0.055790592325,0.2389679118,0.2631429305,0.0,nasdaq,nasdaq|shanghai,0.002205189525800343,-0.0015733040759100918,0.01650062126535531
2015-07-27,2015-07-24,0.16329195989999998,0.15803405309999996,0.1596292819,-0.039024641699999994,0.15952393439999998,0.15952393439999998,0.001357918399999998,nasdaq,nasdaq|shanghai,-0.004134324827896666,0.009590418613386813,-0.0015472307646673933
2015-08-20,2015-08-19,0.1652832135,-0.10258398769999999,-0.1265182954,0.0267711983625,0.0,0.0160685571,0.11489384929999999,nasdaq,nasdaq|shanghai,0.0014129787030828969,0.0023515138784452137,0.0004635261397415516
2015-09-04,2015-09-03,0.06820869680000004,-0.06820869680000002,-0.06332005360000004,0.014108157162500008,0.0,0.0,0.060357984700000034,nasdaq,nasdaq|csi300,0.0012653186682134625,-0.00027797625772428547,0.00542054892647604
2015-09-10,2015-09-09,0.378248228,0.378248228,0.35113847930000003,-0.076900678075,0.334712461,0.35113847930000003,0.0,nasdaq,nasdaq|sp500,-0.010639978452763668,-0.004968222888313914,-0.021751968658894477
2015-10-19,2015-10-16,0.57227073,-0.57227073,-0.5013455712,0.0,0.0,0.0,0.0709251588,csi300,csi300|gold,0.004686421384459913,-0.003351608339566805,-0.015565043625600917
2015-10-29,2015-10-28,0.13745353589999998,0.13745353589999992,0.10336548629999998,0.004054197725000001,0.034088049599999996,0.07093190449999998,0.0,gold,gold|nasdaq,-0.0006277460677272524,-0.00012216241102470157,0.00491553331529283
2015-11-10,2015-11-09,0.12329482989999999,0.048149978100000046,0.06798534460000005,-0.0030039975875000057,0.0,0.0,0.017737059399999977,nasdaq,nasdaq|csi300,-0.0008557173076141017,-0.0011832563056649382,0.003171820311776304
2015-11-12,2015-11-11,0.386667216,0.386667216,0.3299947403,-0.04756073718749999,0.0,0.3123901802,0.0,csi300,csi300|nasdaq,-0.009449571090945325,-0.010105285857521724,0.022367611872494222
2016-02-09,2016-02-08,0.5029165037000001,-0.5029165037000001,-0.23058,0.16499075185,0.0,0.0,0.5029165037000001,gold,gold|nasdaq,0.00023544632805492637,0.02434897751079231,0.03493843800912308
2016-03-08,2016-03-07,0.2535012538,0.18195160140000005,0.2177264276,0.0178874131,0.0,0.0,0.0357748262,gold,gold|sp500,-0.0075915341748546555,-0.011878903701148014,-0.02022164809297447
2016-04-29,2016-04-28,0.294107404,0.05424663560000004,-0.1167611718,-0.01836173060000001,0.17100780740000002,0.17100780740000002,0.1199303842,gold,gold|sp500,-0.004442689526768733,0.008161284721667472,-0.0037300825802541716
2016-06-07,2016-06-06,0.2809493033,-0.2809493033,-0.20586880280000006,0.04215264105000001,0.0,0.0,0.20586880280000003,sp500,sp500|nasdaq,-0.003985018710051472,0.0037619817573800495,0.01544818328984688
2016-07-22,2016-07-21,0.12048686529999997,-0.12048686529999997,-0.07380638029999997,0.031104278862499994,0.0,0.0,0.08751392529999999,sp500,sp500|gold,-0.0005294892864833142,0.00013570252777833115,-0.0029756413894271912
2016-07-25,2016-07-22,0.4489140182,0.04704675540000003,0.24798038680000004,-0.039990389349999995,0.2089047659,0.2089047659,0.1897335396,sp500,sp500|gold,0.000976421688124179,-0.0027161850064658186,-0.01038542753247823
2016-10-14,2016-10-13,0.6671442557,-0.15958960590000004,-0.3789320179,0.097276263825,0.0,0.2362421035,0.3964672393,nasdaq,nasdaq|gold,-0.005814702335767737,0.0012551381060245592,0.03544761347292908
2016-11-17,2016-11-16,0.7806972858,0.7806972858,0.5402415584,0.0,0.2123559441,0.7525975025,0.0,gold,gold|nasdaq,-0.011119157362631311,-0.012232902913842346,-0.048453271530573556
2016-11-30,2016-11-29,0.6895564712000001,-0.6895564712000001,-0.53627723,0.00024273768749999989,0.0,0.0,0.1413063905,csi300,csi300|gold,-0.0005587780748595736,0.006853941506972944,0.053158406584743516
2016-12-05,2016-12-02,0.1517024238999999,-0.15170242389999988,-0.1179809906999999,-0.015023474949999987,0.0,0.0,0.0030612454999999986,sp500,sp500|csi300,0.0010170016041348212,0.0006828047193890184,0.012391000044800683
2016-12-06,2016-12-05,0.31223208179999995,0.31223208179999995,0.21678946129999993,0.039029010224999994,0.0,0.07973323660000001,0.0,sp500,sp500|gold,-0.008504108671308467,-0.00938681057152636,-0.02804207669892515
2017-01-06,2017-01-05,0.12939679369999998,-0.12106766609999997,-0.05480237849999997,0.002383569625,0.0,0.0,0.05480237849999999,sp500,sp500|nasdaq,0.00012589886815687337,0.0017024747329484765,0.005850856168378748
2017-01-13,2017-01-12,0.2769402481,-0.27694024810000006,-0.23906264620000006,0.04310401622499999,0.0,0.0,0.2390626462,sp500,sp500|nasdaq,-0.004217535239628911,0.004219016124595668,0.011798818740407524
2017-03-31,2017-03-30,0.07296527239999995,-0.07296527239999995,-0.07296527239999995,0.036482636199999974,0.0,0.0,0.07296527239999995,nasdaq,nasdaq|sp500,-0.0010888420476033453,0.0009890641233102557,0.003045969941184525
2017-05-26,2017-05-25,0.3837191141999999,-2.000000165480742e-10,0.17904034069999997,-0.15771315744999995,0.1918595569999999,0.1918595569999999,0.012819216300000002,nasdaq,nasdaq|sp500,-0.005006003642979317,-0.006300646466142333,0.00012621961275465724
2017-09-15,2017-09-14,0.5670054349,0.12123834089999996,0.20880748750000006,0.1293906252875,0.0,0.0,0.222883547,csi300,csi300|shanghai,-0.004902680759735599,-0.0061731231465036625,-0.005987743504596965
2017-11-17,2017-11-16,0.3880953333,0.3880953333,0.07276659549999998,-0.0804472144875,0.221616116,0.29438271149999995,0.0,csi300,csi300|nasdaq,-0.003175511237047702,0.005067811801244521,0.01798520211359727
2017-12-08,2017-12-07,0.10794659170000001,-0.10794659169999998,-0.0756106192,0.01218599595,0.0,0.0,0.0756106192,nasdaq,nasdaq|sp500,-5.244653052848816e-05,0.0016976320507552651,0.0006166437333772266
2017-12-12,2017-12-11,0.43846777600000003,0.16870168060000001,0.10022445010000003,0.009343364324999999,0.19570843270000002,0.19570843270000002,0.0954839826,nasdaq,nasdaq|sp500,-0.007740832542277011,-0.011067332514845402,-0.013689948896209857
2018-03-02,2018-03-01,0.09458047210000003,-0.09458047209999998,-0.07019557640000001,0.006112079012500006,0.0,0.0,0.024384895700000006,csi300,csi300|gold,0.0018855413548850143,-0.0036842688727076888,0.0003663223945829402
2018-03-09,2018-03-08,0.28467808219999996,0.167194297,0.05774856620000002,0.06015756249999998,0.0,0.0480668594,0.058741892599999956,nasdaq,nasdaq|csi300,-0.0009807419624282207,0.0024787894276692493,0.0027492312782981133
2018-05-29,2018-05-28,0.08575137890000001,-0.08575137890000001,-0.07956427490000001,0.038235361450000005,0.0,0.0,0.07956427490000001,nasdaq,nasdaq|sp500,0.0015262745950244696,0.002849176271009775,0.009656495449933303
2018-07-30,2018-07-27,0.3224281425,-0.2051159151,-0.14088709900000002,0.0448040601125,0.05865611370000001,0.05865611370000001,0.1995432127,nasdaq,nasdaq|sp500,-0.0010664128565224342,0.0002479862242562906,-0.0015290466054512977
2018-08-01,2018-07-31,0.26121037660000007,-0.2612103766,-0.2400473621000001,0.08737238397500004,0.0,0.0,0.24004736210000008,nasdaq,nasdaq|sp500,0.003917327564697755,0.00998118368656176,-0.015091500563304276
2018-08-17,2018-08-16,0.0906249173,-0.0906249173,-0.0906249173,0.0339843439875,0.0,0.0,0.0906249173,nasdaq,nasdaq|sp500,3.134175119089979e-05,0.000888243518437144,-0.004882745895271497
2018-10-08,2018-10-05,0.2625630989000001,0.26256309890000007,0.23918217310000012,-0.08959756395000004,0.13089854560000003,0.23918217310000012,0.0,sp500,sp500|nasdaq,0.0070942951296174995,0.008700184561629935,0.029598120216845596
2018-10-12,2018-10-11,0.35709686909999994,0.35709686909999994,0.3498678222,-0.08927421727499998,0.007229046899999994,0.26994639959999994,0.0,gold,gold|nasdaq,-0.0028738273602416727,-0.002707866578633799,0.0322244801866491
2018-11-06,2018-11-05,0.08367480710000001,-0.08367480710000003,-0.06459012340000003,-0.0005092870000000037,0.0,0.0,0.024671298699999993,sp500,sp500|gold,-0.002246876747660955,-0.0034386730062247175,-0.004758663462483349
2018-11-07,2018-11-06,0.319054287,0.12337048820000002,0.2212123876,0.0425629597,0.019098127200000002,0.019098127200000002,0.0978418994,sp500,sp500|gold,0.006954836038861972,0.011094593659640833,0.01811257577298129
2018-11-09,2018-11-08,0.0749417572,-0.07494175720000001,-0.03013322530000001,0.008742520962500002,0.0,0.0,0.047422614200000004,sp500,sp500|gold,-0.0011057798228800747,-0.00176483096760988,0.0003453005747181933
2019-02-01,2019-01-31,0.0914289437,-0.09142894370000004,-0.03676253479999997,0.02653590937500001,0.0,0.0,0.0882397634,gold,gold|nasdaq,-0.0009026940360624263,-0.0009257712089823834,0.0018812826586103739
2019-04-26,2019-04-25,0.24523654240000003,0.22922105180000008,0.09516296599999999,-0.00217159079999999,0.1031707113,0.1031707113,0.0080077453,nasdaq,nasdaq|sp500,-0.0020406978762512037,-0.0015719633009579944,-0.022194977689333054
2019-05-01,2019-04-30,0.061114680000000005,-0.06111467999999998,-0.02391444000000001,-0.001908323999999996,0.0,0.0,0.02391444000000001,sp500,sp500|nasdaq,-0.00043920381506432386,-0.0004504257192199633,0.0058272844524892885
2019-06-13,2019-06-12,0.245403567,-0.22383347620000005,0.0104605059,0.11445072969999999,0.0,0.010785045400000002,0.2342939821,gold,gold|sp500,0.0028423724631625323,0.005645935901588926,0.037021785322995215
2019-07-19,2019-07-18,0.12380327440000002,-0.12380327439999994,-0.02687430560000001,0.04959532062500001,0.0,0.0,0.10145231370000002,gold,gold|sp500,-0.0012815619773568088,0.007537475765470214,0.00691542733025068
2019-10-11,2019-10-10,0.17085705820000002,0.11225483059999997,-0.002378983499999987,-0.036851893587500004,0.11463381410000001,0.11463381410000001,0.0,gold,gold|csi300,-0.001644662523056735,0.0020252326846590756,-0.00628904296021608
2020-01-06,2020-01-03,0.10651976210000004,-0.003451888900000033,0.0314671126,-0.024082372987500017,0.0,0.051533936600000003,0.020066823999999997,nasdaq,nasdaq|sp500,-0.0016646063402251928,-0.0008613652057758664,0.007061952776385012
2020-03-30,2020-03-27,0.23604488890000003,0.23604488890000003,0.023617567899999997,-0.1081681438,0.20864859430000002,0.2294149815,0.0,gold,gold|nasdaq,-0.010855288077122684,-0.0152796956563989,-0.02381436740549714
2020-04-08,2020-04-07,0.2804109,-0.28041089999999996,-0.15347045729999997,0.101837835675,0.0,0.0,0.2804109,gold,gold|nasdaq,0.0075275748601049235,0.013523793941403342,0.043876527228050785
2020-04-22,2020-04-21,0.09991799999999998,0.09991799999999995,0.09991799999999998,-0.024979499999999995,0.0,0.09991799999999998,0.0,gold,gold|nasdaq,-0.005893516069609562,-0.011684228335450632,-0.023573429904976833
2020-06-22,2020-06-19,0.21152878500000005,0.211528785,0.04758594750000002,-0.017844730312500008,0.04758594750000002,0.21152878500000005,0.0,nasdaq,nasdaq|gold,-0.003490776002168912,-0.007988680667999029,-0.017068150542251158
2020-07-20,2020-07-17,0.06834557740000002,-0.06834557740000002,-0.022504031600000002,0.00843901185,0.0,0.0,0.06834557740000002,nasdaq,nasdaq|gold,0.0019271329146720935,0.00392391204491611,0.0018164714966847789
2020-07-21,2020-07-20,0.3697517926,-0.2842498759999999,-0.0482186659,0.052929770762499995,0.0,0.0,0.3270008343,nasdaq,nasdaq|csi300,-0.01497639285198787,0.001768245998187118,0.008601318642620155
2020-09-14,2020-09-11,0.5355179194999999,-0.045138780500000086,-0.2822509245,-0.11845679503749999,0.24518956949999998,0.24518956949999998,0.008077425500000013,csi300,csi300|gold,-0.01756892363838318,-0.004145764449810578,-0.01087410000541214
2020-11-05,2020-11-04,0.7083959489,0.7083959489,0.45526467449999997,0.0468328528,0.0335925989,0.25618095,0.0,csi300,csi300|nasdaq,0.0011469843343296622,-0.009895390568667773,-0.016139350623144453
2020-11-20,2020-11-19,1.0,-1.0,-0.6746627360999999,-0.21120152945,0.0,0.0,0.0,csi300,csi300|shanghai,-0.0049452037911831195,0.0278425021860879,0.061722049589509186
2020-12-07,2020-12-04,0.6213068869,0.45396798790000004,0.33937211849999993,0.0635735851125,0.22588866330000001,0.22588866330000001,0.0836694495,nasdaq,nasdaq|csi300,-0.002172771235347884,-0.010137756271578757,-0.0025532998603860473
2021-01-14,2021-01-13,0.5460320121,0.5460320121,0.3352906176,0.037655931525,0.0836694495,0.1876374045,0.0,csi300,csi300|nasdaq,-0.015037317793298009,-0.023267618599860436,-0.02407309548668287
2021-03-03,2021-03-02,0.3333788138,-0.3333788138,-0.2143098638,0.01403112545,0.0,0.0,0.1871074699,nasdaq,nasdaq|csi300,0.0014147543870396536,0.005586515578657938,0.018864721620063758
2021-04-14,2021-04-13,0.11698347279999999,0.11698347280000002,0.016975314600000013,0.018675109550000003,0.0083324054,0.016975314599999992,0.0,sp500,sp500|nasdaq,-0.003997704001160134,-0.0037413464761275003,-0.004992457999532204
2021-05-25,2021-05-24,0.1396763502,-0.1396763502,-0.115058779,0.037067633675,0.0,0.0,0.12751753329999999,sp500,sp500|gold,-0.0015254552656142001,0.00044801495465696703,0.006046558333150299
2021-08-17,2021-08-16,0.288833853,-0.2650130996,-0.2769234763,0.1053365766,0.0,0.0,0.27692347629999997,sp500,sp500|nasdaq,0.0016961814362111555,-0.0005284973146358119,0.012342721474571532
2021-08-18,2021-08-17,0.2645821208,-0.2645821208,-0.2569578040999999,0.0759226538875,0.0,0.0,0.2569578041,sp500,sp500|nasdaq,0.0054506572682622885,0.004990252061448437,0.01181486172883715
2021-11-09,2021-11-08,0.8856669116,0.8856669116,0.8462746085999999,-0.307504902475,0.5457332948,0.8462746085999999,0.0,nasdaq,nasdaq|sp500,-0.013387589153333957,0.0017777412897349559,0.05709374754000106
2022-07-20,2022-07-19,0.25406500000000004,-0.25406500000000004,-0.0037540367,-0.0004692545875,0.0,0.0,0.2503109633,shanghai,shanghai|gold,0.0031384856189872966,0.010802161496366085,0.010346004150660813
2022-07-29,2022-07-28,0.0558943,-0.05589430000000001,-0.0008258881000000004,0.0,0.0,0.0,0.0550684119,shanghai,shanghai|gold,-0.00015931394834161857,-0.0005828800329702228,-0.0007039232652701644
2022-09-22,2022-09-21,0.0558943,0.05589430000000001,0.0008258881000000004,-0.013973575,0.0550684119,0.0558943,0.0,gold,gold|nasdaq,-0.0006224539927214347,-0.0001243007930958798,-0.003286249592470288
2023-01-04,2023-01-03,0.0558943,-0.05589430000000001,-0.0008258881000000004,0.027327733925,0.0,0.0,0.0550684119,gold,gold|sp500,-0.00098370196732008,0.0014313140466107373,0.0031482965209142493
2023-01-05,2023-01-04,0.2762430706999999,-0.27464205549999987,0.0008005076000000004,0.13802147189999997,0.0,0.0,0.2754425630999999,gold,gold|shanghai,0.00010310622019813875,0.004335409452824324,0.020623873084697215
2023-03-27,2023-03-24,0.241687262,-0.241687262,-0.0575014049,0.038858788662500005,0.0,0.0,0.18418585710000002,shanghai,shanghai|gold,0.0036250270202603106,0.003232136153076519,0.01720115923106751
2023-03-29,2023-03-28,0.17371138250000007,-0.17371138250000007,-0.012883121099999999,0.040207065350000015,0.0,0.0,0.16082826140000006,gold,gold|shanghai,0.002416453090795358,0.00041031962857776224,0.003904546594809934
2023-09-21,2023-09-20,0.5183400220000001,0.0,-0.25917001100000003,-0.07772359320000001,0.25917001100000003,0.25917001100000003,0.0519070958,gold,gold|sp500,0.0018336605351438051,-0.01269673491891255,0.008972302675652476
2024-08-15,2024-08-14,0.6023898254,0.2096547324,-0.12926704379999998,-0.12036900147499999,0.33892177619999997,0.33892177619999997,0.1963675465,gold,gold|sp500,-0.00802098871645334,-0.014788868369885414,-0.02585476595896901
2024-11-07,2024-11-06,0.7949358268,-0.2096547324,0.2926405472,0.055174369762499995,0.0,0.2089740335,0.48407062879999996,gold,gold|sp500,-0.031125826030594612,-0.02241483757835724,0.010801195468182749
2025-04-25,2025-04-24,0.3516161916999999,0.30841787209999993,0.005714763300000009,-0.15333029076249996,0.29003697649999993,0.2967295885999999,0.0,gold,gold|shanghai,0.004116165144029994,-0.0041169012598936666,-0.0017998422898432924
2025-04-28,2025-04-25,0.17613929080000001,0.17613929080000001,0.014368687499999977,-0.07582328307500003,0.15621208480000004,0.15914913040000003,0.0,gold,gold|shanghai,-0.0012937783118535378,-0.001132589581809167,-0.004317192091931396
2025-06-24,2025-06-23,0.17816912100000004,-0.02577214179999998,0.07619848960000002,0.025492657850000003,0.0,0.07619848960000002,0.10197063140000001,gold,gold|nasdaq,-0.0025972498430738506,-0.00243546174137905,0.0005420160986595052
2025-07-18,2025-07-17,0.4587850211,-0.45878502109999997,-0.2347430377,0.0069865013625,0.0,0.0,0.2792839031,shanghai,shanghai|nasdaq,0.00024029728616396188,0.008215202988033687,0.04449587128448912
2025-10-27,2025-10-24,0.36138197799999994,0.0,0.12208957749999999,0.04518530972499998,0.0,0.12203932760000002,0.1806909889999999,gold,gold|nasdaq,-0.004052854462496676,0.01034715284583866,0.03092885830939496
2025-12-09,2025-12-08,0.17515198299999993,0.1549919448,-0.0005726214000000007,-0.07343409454999997,0.14828700249999993,0.15244062869999994,0.0,gold,gold|shanghai,-0.004477159584592725,-0.00863119479366117,-0.02943648211669462
2026-01-05,2026-01-02,0.1549919449,-0.1549919449,-0.034282165799999986,0.046417056049999995,0.0,0.0,0.1189838953,gold,gold|shanghai,0.003028749513839052,0.002549240735358071,-0.004458043750619001
2026-01-06,2026-01-05,0.6867394257,0.23351392729999998,0.04939158599999999,-0.158726073775,0.4020817155,0.4020817155,0.2266127492,gold,gold|shanghai,-0.011743310249308246,-0.04028122776233018,-0.024540823604092793
2026-03-02,2026-02-27,0.4232740078,0.4232740078,0.049368430899999996,-0.1169464956125,0.1696579985,0.37218063030000004,0.0,shanghai,shanghai|gold,0.006038623780449326,0.04019428147742515,0.020718800767269625
2026-03-03,2026-03-02,0.1973003147,0.1973003147,0.029054456300000017,-0.04634911177499999,0.0744542295,0.1674888674,0.0,shanghai,shanghai|gold,-0.0034178658763491395,0.01094729550428664,0.004539938225316646
2026-03-30,2026-03-27,0.29774397610000003,-0.29774397610000003,-0.1293567599,0.0,0.0,0.0,0.07035079550000001,shanghai,shanghai|gold,0.004734495417770315,0.027980734345364952,0.03205426407551575
2026-04-29,2026-04-28,0.1406567831,0.0317384637,-0.05445915970000001,0.04160782309999999,0.0,0.0,0.05445915969999998,nasdaq,nasdaq|sp500,-0.0012210368227628377,0.0023666400249477493,0.0065094947137462516
2026-05-29,2026-05-28,0.2170593785,-0.15463774150000004,-0.12313019959999999,0.025704852849999998,0.0,0.0,0.1231301996,nasdaq,nasdaq|sp500,-0.010323177489020945,-0.010291023402918927,-0.015634255585572167
2026-06-16,2026-06-15,0.15734465399999994,-0.13129384319999993,-0.13027438360000004,-0.004752108024999987,0.007451724199999999,0.013025405399999957,0.0,csi300,csi300|nasdaq,-0.0019741378548427018,-0.0005407388624466467,
2026-06-17,2026-06-16,0.26114595470000007,-0.00665174210000008,-0.04220433459999995,0.002675151474999996,0.0137382961,0.10280820430000005,0.0,csi300,csi300|nasdaq,-0.0022041957239236783,0.000758517716120709,
2026-07-08,2026-07-07,0.16908014130000004,-0.16908014129999993,-0.13747130920000006,0.018765416950000002,0.0,0.0,0.0708714512,sp500,sp500|csi300,-0.001920684459217017,-0.005863559464544136,
2026-07-19,2026-07-18,0.2510001364,0.25100013639999996,0.23270558920000006,-0.04941278397500002,0.060783178400000026,0.23270558920000006,0.0,sp500,sp500|nasdaq,0.0014093292931998545,-0.01321778957113989,
