label,factor,family,ar1,dev_base_r2,dev_full_r2,dev_partial_r2,dev_cond_beta_sd,dev_cond_t_nw,dev_cond_p,val_base_oos_r2,val_full_oos_r2,val_delta_oos_r2,hold_base_oos_r2,hold_full_oos_r2,hold_delta_oos_r2,dev_cond_bh_q
fwd_gold_20,ma_dist_gold_60,trend,0.9671203946124929,0.030730061014132004,0.0980634334870204,0.06946813242071477,-0.014700952033803212,-4.107084346473401,4.006849404499393e-05,-0.005874224259181826,-0.05507534576708761,-0.04920112150790579,0.0973418695101762,0.07260462486203678,-0.024737244648139423,0.0019633562082047025
fwd_gold_20,ma_dist_gold_120,trend,0.9827831741840152,0.030256919008837202,0.09413281287751718,0.06586888333701045,-0.015756757996269757,-3.8958344885095517,9.786120275521301e-05,-0.00565939706847951,-0.02470122473858183,-0.019041827670102318,0.09633896387686902,0.03901315759048685,-0.057325806286382175,0.0023975994675027187
fwd_gold_20,mom_gold_20,momentum,0.9402683731305645,0.028349274466985874,0.06380379143873982,0.03648895229538868,-0.009895837827037061,-3.438715897406213,0.0005844802723045816,0.0010467935925640992,-0.0007031103947028328,-0.001749903987266932,0.09462278941705127,0.08620545093773113,-0.008417338479320136,0.009546511114308166
fwd_gold_20,ma_dist_gold_252,trend,0.9915526252038934,0.030268137781410687,0.0767752444822708,0.04795872809052534,-0.013719632634364503,-2.985836220155875,0.002828040617982267,-0.02131145129426204,0.02676533084075905,0.04807678213502109,0.10023398846967879,0.05917941662882231,-0.04105457184085648,0.022831801640834662
fwd_gold_20,ma_dist_gold_20,trend,0.9129474978801271,0.028309884318818868,0.047929444441677904,0.02019116980427983,-0.007276057260708359,-2.90033493749049,0.0037276410842179038,0.0011683247466708346,0.008134992068583258,0.006966667321912423,0.09457315570692582,0.11270672059461562,0.0181335648876898,0.022831801640834662
fwd_gold_20,mom_gold_60,momentum,0.9773988452733107,0.03079621915315245,0.0702892447118908,0.04074790703378301,-0.011608373138888597,-2.9705045442783375,0.002973110068050392,-0.00606800949680375,0.0007639298823957086,0.006831939379199459,0.09741058097507205,0.0757803364324644,-0.021630244542607646,0.022831801640834662
fwd_gold_20,rel_us_gold_20,relative_strength,0.936404543168376,0.028349274466985874,0.06023784083881034,0.032818960078819986,0.00938883517741232,2.909004961738648,0.003625811054395748,0.0010467935925640992,-0.048957313494618404,-0.0500041070871825,0.09462278941705127,0.05515304699024348,-0.039469742426807786,0.022831801640834662
fwd_gold_20,eff_sp500_60,trend_efficiency,0.9486099134105812,0.03079621915315245,0.05238849693449521,0.022278367261915115,-0.007502087652218065,-3.0576871559369834,0.0022305230631850365,-0.00606800949680375,-0.15648558775931543,-0.15041757826251168,0.09741058097507205,0.09898518296910142,0.0015746019940293676,0.022831801640834662
fwd_gold_20,mom_gold_10,momentum,0.8902822009777386,0.028214209878784535,0.04127470913458764,0.013439689475366794,-0.0058741804887545305,-2.486197013265201,0.012911646385190828,0.001578476206628765,0.006889490029350798,0.005311013822722033,0.09447234315818642,0.11213550589503163,0.017663162736845206,0.06326706728743506
fwd_gold_20,dd_gold_60,drawdown,0.9705609108035093,0.030730061014132004,0.05260246796530088,0.022565857117217144,-0.008247033029104548,-2.495511646345196,0.012577562636098242,-0.005874224259181826,-0.02451854342512183,-0.018644319165940004,0.0973418695101762,0.07076113638059467,-0.026580733129581535,0.06326706728743506
fwd_gold_20,eff_nasdaq_60,trend_efficiency,0.9513594164478254,0.03079621915315245,0.04208048812064291,0.01164282392463509,-0.005460430581898679,-2.3992312384166428,0.01642953573857556,-0.00606800949680375,-0.07320579043320374,-0.0671377809364,0.09741058097507205,0.10424358683318857,0.006833005858116525,0.07318611374456387
fwd_gold_20,rel_us_gold_10,relative_strength,0.8764503416650389,0.028214209878784535,0.04414467561500224,0.016392980735220074,0.00651233054074436,2.1977222185104726,0.027968907221132263,0.001578476206628765,-0.023364677588829874,-0.02494315379545864,0.09447234315818642,0.08837664256127842,-0.006095700596908005,0.11420637115295673
fwd_gold_20,vol_sp500_60,volatility,0.9987334530065197,0.03079621915315245,0.05141323056450742,0.02127211203544907,0.008852454287488988,2.162621951677135,0.030570268469060864,-0.00606800949680375,-0.05559169783131468,-0.04952368833451093,0.09741058097507205,0.09617212361386684,-0.001238457361205203,0.11522639653722941
fwd_gold_20,vol_nasdaq_60,volatility,0.998499119607044,0.03079621915315245,0.04981784750699525,0.019626036061500443,0.008523607196733717,2.1330343579781967,0.032921907821540045,-0.00606800949680375,-0.06358441130143522,-0.05751640180463147,0.09741058097507205,0.09615391813472107,-0.001256662840350975,0.11522667737539016
fwd_gold_20,dd_gold_20,drawdown,0.9293783477650241,0.028309884318818868,0.037294039368410914,0.009245905566605367,-0.00495292949410789,-1.9116136170121207,0.05592577145390847,0.0011683247466708346,0.0026395335589558533,0.0014712088122850187,0.09457315570692582,0.10131529076197676,0.006742135055050946,0.182690853416101
fwd_gold_20,mom_gold_5,momentum,0.7906175409472328,0.028501944212954156,0.032465517628905705,0.004079857280558852,-0.0032062194711829873,-1.808602843548742,0.07051272641770795,0.0008616450525726904,0.006538612361652207,0.005676967309079517,0.09490240869014266,0.11045309818800442,0.015550689497861758,0.2159452246542306
fwd_gold_20,vol_sp500_120,volatility,0.9994852846373694,0.030128861711660404,0.043143157533804044,0.013418582436746903,0.007631944305385916,1.7087823005002867,0.08749128247311128,-0.005294611732798327,-0.00816441574732174,-0.002869804014523414,0.09616967893536499,0.10745413527732062,0.011284456341955629,0.2504864897471536
fwd_gold_20,vol_nasdaq_120,volatility,0.999412747086142,0.030128861711660404,0.04111946294860591,0.011332022165689022,0.0069595154317282385,1.6102130531067695,0.10735135274878012,-0.005294611732798327,-0.011185691561641065,-0.005891079828842738,0.09616967893536499,0.10369797353216537,0.007528294596800378,0.2504864897471536
fwd_gold_20,downvol_sp500_60,downside_vol,0.9973622740609137,0.03079621915315245,0.04592350921129851,0.01560795609456713,0.0074268999127942905,1.636666413974174,0.10170019031535149,-0.00606800949680375,-0.0445483614721911,-0.03848035197538735,0.09741058097507205,0.10091260161391924,0.003502020638847192,0.2504864897471536
fwd_gold_20,vix3m_level,vix_term,0.9855499705337826,0.05627221100966273,0.08128901980735292,0.02650850074517233,0.010980662058379595,1.63627282811567,0.10178250022290382,0.005795189100610165,-0.03568044653482083,-0.041475635635430996,0.09593096097020248,0.10472452402801224,0.008793563057809761,0.2504864897471536
fwd_gold_20,chg_vix_20,vix,0.8994726014951038,0.028349274466985874,0.03884504066791805,0.010801994919701791,-0.005253980524001529,-1.6307498042425874,0.10294312292260217,0.0010467935925640992,-0.10295302085935787,-0.10399981445192197,0.09462278941705127,0.09378909649832023,-0.0008336929187310327,0.2504864897471536
fwd_gold_20,eff_sp500_20,trend_efficiency,0.8467343081100405,0.028349274466985874,0.03211621750392901,0.003876848890198402,-0.003128610328232075,-1.5660143414835632,0.1173452597255949,0.0010467935925640992,-0.00873975448610631,-0.00978654807867041,0.09462278941705127,0.09861470034883779,0.003991910931786524,0.2613598966615523
fwd_gold_20,downvol_nasdaq_60,downside_vol,0.996944698068864,0.03079621915315245,0.04370687845255572,0.013320892421738704,0.00681145639027144,1.5376283225171758,0.1241395183239286,-0.00606800949680375,-0.04999031371498264,-0.04392230421817889,0.09741058097507205,0.10435353840578154,0.0069429574307094954,0.26447114773358704
fwd_gold_20,rel_us_gold_60,relative_strength,0.9773690179122364,0.03079621915315245,0.04123469707347438,0.010770158068513981,0.005598890799005211,1.4523997873121697,0.14639047541976422,-0.00606800949680375,0.022179640942921797,0.028247650439725547,0.09741058097507205,0.06105192213931976,-0.03635865883575229,0.2798935939670807
fwd_gold_20,downvol_sp500_120,downside_vol,0.9989365712336435,0.030128861711660404,0.041192399551226,0.011407224529942082,0.006887950358594449,1.4758616027621443,0.13998104918277324,-0.005294611732798327,-0.0034667081140158373,0.0018279036187824893,0.09616967893536499,0.10768651884504465,0.011516839909679666,0.2798935939670807
fwd_gold_20,chg_vix_10,vix,0.8306069578465388,0.028214209878784535,0.03565719131402301,0.00765907621916356,-0.004391308082819504,-1.4447968070101682,0.14851496822743057,0.001578476206628765,-0.059378684502943146,-0.06095716070957191,0.09447234315818642,0.09317490474074008,-0.0012974384174463394,0.2798935939670807
fwd_gold_20,chg_vix_1,vix,-0.1428699647320261,0.028754908038317595,0.02943209957826709,0.0006972406301500384,-0.0013152226411583853,-1.368681896200875,0.17109873173403484,0.00022620440619569582,-0.0024747116360872567,-0.0027009160422829526,0.09527500385486964,0.09463734642920762,-0.0006376574256620193,0.3105125131469521
fwd_gold_20,real10_z252,real_yield,0.9881633533765743,0.03925593253201165,0.04870045285134428,0.009830422730814642,0.005552444388713491,1.242627432064818,0.21400515636566353,-0.005220509714779276,0.002597356343060464,0.00781786605783974,0.09874560021005863,0.04267647794862295,-0.05606912226143568,0.37255822955306894
fwd_gold_20,rel_us_china_20,relative_strength,0.9406298863859354,0.028349274466985874,0.03387626555244594,0.005688248812275777,0.003910354680468972,1.2252165350673005,0.2204936460620204,0.0010467935925640992,-0.002474792017235883,-0.003521585609799982,0.09462278941705127,0.08107454333430753,-0.013548246082743742,0.37255822955306894
fwd_gold_20,dd_shanghai_20,drawdown,0.9460649433571566,0.028309884318818868,0.031504070747438995,0.0032872480403702735,-0.0030085928973533457,-1.1841622818783826,0.23634882967117488,0.0011683247466708346,0.018226091480187945,0.01705776673351711,0.09457315570692582,0.10058760213445439,0.006014446427528575,0.3860364217962523
fwd_gold_20,downvol_shanghai_20,downside_vol,0.9786199177274362,0.028349274466985874,0.032029365153016465,0.0037874624999758213,0.003209534891220168,1.0799815584840864,0.280150392395399,0.0010467935925640992,0.02239993678494734,0.02135314319238324,0.09462278941705127,0.09422138862888385,-0.0004014007881674164,0.42898028835545476
fwd_gold_20,breadth_60,breadth,0.9347911415666134,0.03079621915315245,0.0339671588259528,0.0032716955251967006,-0.003205060822019928,-1.0812042196435572,0.2796062814323218,-0.00606800949680375,-0.003900811652626013,0.0021671978441777373,0.09741058097507205,0.10999315036481383,0.012582569389741782,0.42898028835545476
fwd_gold_20,dd_csi300_20,drawdown,0.9429717799479977,0.028309884318818868,0.03047648903399014,0.002229728058571866,-0.0024776966697252155,-0.9775895740633915,0.328277355924229,0.0011683247466708346,0.018083506826072848,0.016915182079402014,0.09457315570692582,0.09760263029757255,0.00302947459064673,0.4646623460351359
fwd_gold_20,chg_real10_1,real_yield,0.03541826609340973,0.030560743878081498,0.031001946698304916,0.0004551113619933007,-0.0010845291500427988,-0.9702905712864923,0.3319016757393828,-0.020888391193063738,-0.019969872085210394,0.0009185191078533439,0.09998651248442836,0.09730231644898668,-0.002684196035441677,0.4646623460351359
fwd_gold_20,chg_vix_5,vix,0.7218763825633931,0.028501944212954156,0.030502720688466378,0.002059475532240073,-0.002266515418313969,-1.0073010157792368,0.31379014180151377,0.0008616450525726904,-0.018644810982512805,-0.019506456035085495,0.09490240869014266,0.09484420824654427,-5.8200443598388496e-05,0.4646623460351359
fwd_gold_20,chg_real10_60,real_yield,0.9794132036222291,0.03608380733837058,0.04076454760159598,0.0048559618552528215,0.0037661328796816883,0.8519266441691042,0.39425480759666476,-0.003482609454101615,0.0008423142049736043,0.004324923659075219,0.09608007345964875,0.07854266055053338,-0.01753741290911537,0.5366245992287937
fwd_gold_20,eff_shanghai_20,trend_efficiency,0.8764893052194819,0.028349274466985874,0.029559991508939953,0.00124604141193835,0.0018081457430564889,0.756706206094631,0.4492258958757983,0.0010467935925640992,0.00324867296307374,0.0022018793705096407,0.09462278941705127,0.09703270849817192,0.0024099190811206483,0.5949207810247058
fwd_gold_20,chg_real10_5,real_yield,0.7946642000512325,0.0300395332759279,0.03113796606038033,0.0011324510865502158,-0.001716680240930975,-0.6969442802814722,0.48583766488325675,-0.0221387812646221,-0.024394508565112716,-0.0022557273004906175,0.10012689442614464,0.09822976077120305,-0.0018971336549415962,0.6104114251097328
fwd_gold_20,vix_term_ratio,vix_term,0.9258005186262785,0.05627221100966273,0.0614171822680708,0.005451753480643505,-0.004144032478961597,-0.708645743809857,0.47854434191669076,0.005795189100610165,-0.021496297239941065,-0.02729148634055123,0.09593096097020248,0.09205047882426931,-0.003880482145933173,0.6104114251097328
fwd_gold_20,vix_level,vix,0.9769282431707892,0.02872774246331211,0.031849281469918056,0.0032138661249552208,0.0033910148219775038,0.6649432175920306,0.5060868120956187,0.0003148062275102337,0.013069229489409029,0.012754423261898795,0.09524249262207674,0.0978351913979344,0.0025926987758576603,0.6173469253115739
fwd_gold_20,dispersion_120,dispersion,0.9889414353364222,0.030128861711660404,0.03145078344125696,0.0013629869757022818,-0.002088933596665384,-0.6486639810494705,0.5165555905668271,-0.005294611732798327,-0.01842951447062502,-0.013134902737826692,0.09616967893536499,0.09826929139418417,0.002099612458819178,0.6173469253115739
fwd_gold_20,dispersion_60,dispersion,0.9670340444519805,0.03079621915315245,0.03181913335558684,0.0010554170574330727,0.0017507570559980915,0.5835061568162373,0.5595526135878971,-0.00606800949680375,3.57696919583983e-05,0.006103779188762148,0.09741058097507205,0.08499549925672567,-0.012415081718346377,0.6528113825192133
fwd_gold_20,chg_vix3m_60,vix_term,0.9645750412751721,0.0403556041818417,0.043813411725896034,0.0036032175659259013,0.0034086060972830035,0.5238070738121723,0.60041273283575,0.0065434966752832,0.0026487400791525006,-0.0038947565961306996,0.10372037400938183,0.11050608625506497,0.00678571224568314,0.6686414524761761
fwd_gold_20,vix_z252,vix,0.9398007540599534,0.030268137781410687,0.03195001477880133,0.0017343732457576254,-0.0021841882894612138,-0.5264833553801352,0.5985524137221481,-0.02131145129426204,-0.0388915264141958,-0.017580075119933758,0.10023398846967879,0.10006751601447683,-0.0001664724552019603,0.6686414524761761
fwd_gold_20,vixterm_z252,vix_term,0.8954973050273486,0.06167167158724085,0.06267630444905548,0.0010706624018418202,-0.001548243712395254,-0.41467400837397916,0.6783805620551149,0.03428727512509344,0.028419463651429222,-0.0058678114736642195,0.07528715906040573,0.07592570296123136,0.0006385439008256277,0.7386810564600139
fwd_gold_20,chg_vix3m_5,vix_term,0.7470514085787554,0.053988720686094616,0.05424757911726996,0.0002736314427065639,0.0008715585632790418,0.2738395554200505,0.7842079242223706,0.006170224873354835,0.01139399639130867,0.005223771517953835,0.09695880738632134,0.09830283136791651,0.001344023981595166,0.8353519192803514
fwd_gold_20,vix_pct252,vix,0.9470269540017628,0.030268137781410687,0.030484458395623304,0.00022307260660458324,-0.0007887157471531207,-0.23165550083415967,0.8168055963899287,-0.02131145129426204,-0.0238825388808086,-0.002571087586546561,0.10023398846967879,0.09988927701339112,-0.00034471145628767186,0.8515632813426915
fwd_gold_20,chg_vix3m_20,vix_term,0.919219413603943,0.04392221453365941,0.04408451493775378,0.00016975648483999537,-0.0007044315708231222,-0.1355119437900945,0.8922071215833183,0.0073633828590965456,-0.0013066743430818484,-0.008670057202178394,0.10064760555782015,0.1030530545295526,0.002405448971732449,0.9107947699496374
fwd_gold_20,chg_real10_20,real_yield,0.9438382203889654,0.03105481196417703,0.031059435233420363,4.7714455888915585e-06,-0.00011259171430005608,-0.03328527261677879,0.9734470980023016,-0.019372689754755257,-0.019399335082058267,-2.6645327303009836e-05,0.10013728959198243,0.1002516095045547,0.00011431991257226937,0.9734470980023016
fwd_portfolio_20,eff_nasdaq_60,trend_efficiency,0.9513594164478254,0.23555015085079578,0.24858311108211673,0.017048809998230753,-0.0030842632563270636,-2.6335042319351247,0.008450878257228669,0.027517459687410928,0.005784260935936758,-0.02173319875147417,0.09220764689238925,0.09441768555891872,0.002210038666529468,0.41409303460420477
fwd_portfolio_20,vix_level,vix,0.9769282431707892,0.23800043757696154,0.24586470895282908,0.010320572036630041,0.0028279275228361963,1.8778678984671855,0.06039923885324554,0.020886963872791986,0.06976130088939592,0.04887433701660393,0.09320710337825588,0.10484206294305842,0.011634959564802538,0.547871143024844
fwd_portfolio_20,vix_term_ratio,vix_term,0.9258005186262785,0.2550658184200921,0.2655444499237307,0.014066519919135387,0.0028266100836032743,1.7680656269655919,0.07704993298996793,0.05017636346198795,0.09099347152816806,0.04081710806618011,0.09340602999025038,0.11814632500252231,0.02474029501227193,0.547871143024844
fwd_portfolio_20,vol_gold_120,volatility,0.9990752040534255,0.23299491643776105,0.24123420339102952,0.010742154295773838,0.002779713419245437,1.895364279958569,0.058044157563942066,0.034430117551410566,0.06871552638546574,0.034285408834055175,0.0912282723412704,0.07478321901777885,-0.016445053323491554,0.547871143024844
fwd_portfolio_20,downvol_sp500_120,downside_vol,0.9989365712336435,0.23299491643776105,0.24617425571285345,0.017182857790046135,0.003958154680009992,2.2079745799054455,0.0272460452280845,0.034430117551410566,0.06047795399240963,0.02604783644099906,0.0912282723412704,0.09892108094424545,0.007692808602975054,0.547871143024844
fwd_portfolio_20,vol_sp500_120,volatility,0.9994852846373694,0.23299491643776105,0.24529110057026404,0.01603142455770336,0.0039058268034793914,2.084046889513871,0.037155902334212516,0.034430117551410566,0.05657837335277349,0.022148255801362926,0.0912282723412704,0.09677464537538949,0.00554637303411909,0.547871143024844
fwd_portfolio_20,vol_nasdaq_120,volatility,0.999412747086142,0.23299491643776105,0.24171991151536243,0.01137540710562108,0.0032647792317456303,1.760829258281704,0.07826730614640628,0.034430117551410566,0.053755625886557024,0.019325508335146457,0.0912282723412704,0.10256958181279363,0.011341309471523231,0.547871143024844
fwd_portfolio_20,vix3m_level,vix_term,0.9855499705337826,0.2550658184200921,0.26511619230033723,0.013491626681607726,0.003326485434249529,1.6342598252459095,0.10220430550962248,0.05017636346198795,0.0898378401542751,0.039661476692287145,0.09340602999025038,0.10765167849822765,0.014245648507977271,0.6108560283212535
fwd_portfolio_20,breadth_20,breadth,0.868515215584896,0.23719998474843995,0.2411422685605098,0.005168174794503302,-0.0017960012796534872,-1.5883905810496937,0.11219804601818943,0.023055196076434914,0.031196503236742723,0.008141307160307809,0.09287328580904897,0.10322631175278396,0.010353025943734995,0.6108560283212535
fwd_portfolio_20,rel_gold_china_252,relative_strength,0.9977012402181804,0.23531515849378792,0.24171300606192303,0.00836664625852026,-0.0026344301872229118,-1.266285550464992,0.20541086825379762,0.03166529998511314,0.0537994286736696,0.022134128688556465,0.08956752230095255,0.08429010111246504,-0.005277421188487508,0.6987923183740636
fwd_portfolio_20,breadth_60,breadth,0.9347911415666134,0.23555015085079578,0.23839184587368467,0.003717307323759119,-0.001594669721803193,-1.2428692577762461,0.213916015828795,0.027517459687410928,0.04440371903862528,0.01688625935121435,0.09220764689238925,0.09368059033990683,0.0014729434475175829,0.6987923183740636
fwd_portfolio_20,dd_csi300_252,drawdown,0.9958245543642024,0.23518453492544966,0.23737796500803054,0.0028679206720369837,-0.00162857483634459,-1.2645086171195572,0.20604752977755186,0.030915320014613612,0.025355495315907195,-0.005559824698706417,0.08946124496764074,0.08828646853793642,-0.0011747764297043162,0.6987923183740636
fwd_portfolio_20,eff_csi300_120,trend_efficiency,0.9875972273066804,0.23299491643776105,0.24020946790365127,0.009406132528331283,-0.002675194232070509,-1.3543486185188074,0.1756251818868116,0.034430117551410566,0.007098632092202073,-0.027331485459208493,0.0912282723412704,0.08482438575881435,-0.006403886582456053,0.6987923183740636
fwd_portfolio_20,eff_shanghai_120,trend_efficiency,0.9858693303807231,0.23299491643776105,0.238826979205231,0.0076036820256572685,-0.002434020509743745,-1.2745007165316282,0.20248601888015635,0.034430117551410566,0.004695995346846504,-0.029734122204564062,0.0912282723412704,0.08495596515459791,-0.006272307186672488,0.6987923183740636
fwd_portfolio_20,dispersion_60,dispersion,0.9670340444519805,0.23555015085079578,0.24068731820397227,0.006720084200283256,-0.0020620911928040235,-1.2787927844825218,0.20097003549934242,0.027517459687410928,-0.018986190009942616,-0.046503649697353544,0.09220764689238925,0.10108326008257629,0.008875613190187037,0.6987923183740636
fwd_portfolio_20,rel_gold_china_120,relative_strength,0.9936587443446857,0.23299491643776105,0.23502170004332668,0.0026424643708390302,-0.001547751594291798,-0.7795687660329226,0.4356447465086559,0.034430117551410566,0.05659833140486603,0.022168213853455465,0.0912282723412704,0.09129958938811267,7.131704684226747e-05,0.7360893992732462
fwd_portfolio_20,rel_us_china_252,relative_strength,0.9975123425165164,0.23531515849378792,0.23954332251338883,0.005529289702242074,-0.0020078668721808007,-1.0548572973980372,0.29149059485426776,0.03166529998511314,0.05219129341632067,0.020525993431207534,0.08956752230095255,0.08124433534187936,-0.008323186959073192,0.7360893992732462
fwd_portfolio_20,vix_z252,vix,0.9398007540599534,0.23518453492544966,0.2376284527863306,0.003195434679975671,0.001387150973858618,0.9609473582348296,0.33657863707543306,0.030915320014613612,0.048513262915871325,0.017597942901257713,0.08946124496764074,0.11121174963158986,0.021750504663949122,0.7360893992732462
fwd_portfolio_20,mom_csi300_252,momentum,0.9983889084636031,0.23531515849378792,0.2387634485198472,0.004509426418427667,0.0018705199776192965,0.9575500624347982,0.33828969068556247,0.03166529998511314,0.0478038663400423,0.016138566354929162,0.08956752230095255,0.08492041246103688,-0.004647109839915675,0.7360893992732462
fwd_portfolio_20,chg_vix3m_20,vix_term,0.919219413603943,0.2486410895921941,0.24993143490200054,0.0017173487822298985,0.0009465387844802986,0.8602593358206729,0.3896461030769804,0.04506584933545954,0.05935647163252755,0.014290622297068012,0.09365552604133032,0.10248080749695321,0.008825281455622891,0.7360893992732462
fwd_portfolio_20,vixterm_z252,vix_term,0.8954973050273486,0.24477580892618156,0.2507798343156892,0.007949990824540154,0.0020926554912766822,1.1601325747117637,0.24599483341683903,0.09549153657891551,0.10910735245777115,0.01361581587885563,0.08258596779270788,0.11019101179174529,0.027605043999037404,0.7360893992732462
fwd_portfolio_20,vix_pct252,vix,0.9470269540017628,0.23518453492544966,0.23870403154972553,0.004601759228198663,0.0016760976000243855,1.1048344204218132,0.2692313428373928,0.030915320014613612,0.04274444189688276,0.011829121882269145,0.08946124496764074,0.10678799582325538,0.017326750855614637,0.7360893992732462
fwd_portfolio_20,mom_shanghai_252,momentum,0.998149266086385,0.23531515849378792,0.23791227407268856,0.0033963215143444614,0.0016515949226556814,0.8200134017300924,0.41220846725291965,0.03166529998511314,0.041958121526598724,0.010292821541485586,0.08956752230095255,0.08814448766753102,-0.0014230346334215271,0.7360893992732462
fwd_portfolio_20,chg_vix3m_5,vix_term,0.7470514085787554,0.25330005359893026,0.2542021541393348,0.0012081165195637724,0.0007768053313136893,1.03635033374899,0.3000387320184619,0.04894524105991982,0.05418507141020523,0.005239830350285413,0.09388061001104919,0.09924937593946737,0.005368765928418173,0.7360893992732462
fwd_portfolio_20,dd_csi300_60,drawdown,0.982109129316838,0.23559191345310748,0.2365241417861521,0.0012195427409145278,-0.0009015903286991965,-0.8235462489833533,0.410197428118094,0.02740444273116549,0.03079177988295012,0.0033873371517846307,0.09222416917464538,0.08755187440698975,-0.004672294767655627,0.7360893992732462
fwd_portfolio_20,dd_csi300_120,drawdown,0.9916259547951438,0.2330383101080442,0.23360690392046424,0.0007413588187176935,-0.00075911530805471,-0.7834139339210908,0.4333840763300629,0.034312852555336004,0.035144752685332126,0.0008319001299961215,0.09124439418972008,0.09063858149276816,-0.000605812696951924,0.7360893992732462
fwd_portfolio_20,chg_real10_10,real_yield,0.8900857963414389,0.23480162412645345,0.2357486556716214,0.001237628796698408,0.0008440496432117334,0.9157251573728017,0.3598110666396071,0.028141012479554584,0.02572287333029699,-0.002418139149257592,0.08903415132009163,0.09197293213455293,0.002938780814461306,0.7360893992732462
fwd_portfolio_20,ma_dist_csi300_120,trend,0.9922889532141845,0.2330383101080442,0.23510790924130542,0.0026984387362982416,-0.0016060215005488268,-0.8547891638508216,0.392667878214343,0.034312852555336004,0.019345365221256072,-0.014967487334079932,0.09124439418972008,0.08910861783039592,-0.0021357763593241597,0.7360893992732462
fwd_portfolio_20,ma_dist_shanghai_120,trend,0.9918332995450441,0.2330383101080442,0.2356757207136676,0.003438777503991016,-0.0017986011361996437,-1.0215560198214544,0.30699108232412264,0.034312852555336004,0.018064002629640585,-0.01624884992569542,0.09124439418972008,0.08828631637682827,-0.002958077812891813,0.7360893992732462
fwd_portfolio_20,dispersion_252,dispersion,0.9967208748026908,0.23531515849378792,0.23717743499587596,0.0024353516651642758,0.001297336994321224,0.6828179288568291,0.49472189909683406,0.03166529998511314,0.048696168590193656,0.017030868605080518,0.08956752230095255,0.08500090299805285,-0.004566619302899699,0.7575429079920272
fwd_portfolio_20,dd_shanghai_120,drawdown,0.9924060708552105,0.2330383101080442,0.23357286567615654,0.0006969781869908411,-0.0007346067031943787,-0.7268351730876439,0.4673269334722666,0.034312852555336004,0.03323440452705051,-0.0010784480282854947,0.09124439418972008,0.08983416951999834,-0.001410224669721738,0.7575429079920272
fwd_portfolio_20,chg_vix3m_60,vix_term,0.9645750412751721,0.25046145091448846,0.25199476102666574,0.0020456721192632734,-0.0010873512019946325,-0.6864741002282695,0.4924141911633415,0.04456129942551479,0.03424994890869404,-0.01031135051682075,0.09429213898832578,0.09718578574445824,0.002893646756132462,0.7575429079920272
fwd_portfolio_20,chg_real10_20,real_yield,0.9438382203889654,0.2360615456344739,0.23655354816476937,0.000644034251036739,0.0006112747706898338,0.5791692316006138,0.5624749896126711,0.03516593379276123,0.03198805112626213,-0.003177882666499099,0.09002007330444672,0.09117691657761207,0.0011568432731653422,0.8351901360915419
fwd_portfolio_20,rel_us_china_120,relative_strength,0.9925076416260187,0.23299491643776105,0.2335954350071172,0.0007829394905274292,-0.0007877067913144608,-0.40875051228495113,0.6827227604857427,0.034430117551410566,0.049463933234454194,0.015033815683043628,0.0912282723412704,0.09380175415320813,0.002573481811937728,0.85777987855901
fwd_portfolio_20,chg_vix_20,vix,0.8994726014951038,0.23719998474843995,0.2374068458525107,0.00027118654946871616,0.00038761006724306315,0.42034124588559485,0.6742361827965369,0.023055196076434914,0.030755797419154907,0.007700601342719993,0.09287328580904897,0.09874755248638267,0.005874266677333706,0.85777987855901
fwd_portfolio_20,chg_real10_1,real_yield,0.03541826609340973,0.23428639805771867,0.2343242941864796,4.949125712903901e-05,-0.0001675605445687139,-0.42141006394163283,0.6734556715524397,0.03165100047316238,0.03214568938007578,0.0004946889069133986,0.08945035293195425,0.08802086086191885,-0.0014294920700353986,0.85777987855901
fwd_portfolio_20,chg_real10_5,real_yield,0.7946642000512325,0.2347204639974314,0.2348662778712456,0.00019053674762537084,0.0003296868042524558,0.46009091835073146,0.6454509624387119,0.028952168110356058,0.028876788357225402,-7.537975313065548e-05,0.08911350775396576,0.09025568133129314,0.0011421735773273767,0.85777987855901
fwd_portfolio_20,real10_z252,real_yield,0.9881633533765743,0.2521910579320983,0.25268067566132246,0.0006547363927880405,0.0006625533662778549,0.4183376747676174,0.6757002478724989,0.0581277774557053,0.05337156171834945,-0.004756215737355851,0.08816331634058361,0.08824214397845176,7.882763786815072e-05,0.85777987855901
fwd_portfolio_20,breadth_252,breadth,0.9670159448606932,0.23531515849378792,0.23593359350771104,0.0008087449630948245,0.0008381365444966311,0.5032193539595979,0.614810059021649,0.03166529998511314,0.016550834754917254,-0.015114465230195884,0.08956752230095255,0.0885936238874967,-0.0009738984134558537,0.85777987855901
fwd_portfolio_20,eff_shanghai_20,trend_efficiency,0.8764893052194819,0.23719998474843995,0.23741268631220502,0.0002788431561513881,0.00039826458703276957,0.34993982251646355,0.7263838601639396,0.023055196076434914,0.02564235307484708,0.0025871569984121656,0.09287328580904897,0.09374538680958899,0.0008721010005400265,0.889820228700826
fwd_portfolio_20,breadth_120,breadth,0.9563528663339218,0.23299491643776105,0.2331660002371566,0.00022305432266627655,-0.00041176892633631643,-0.29988907563360034,0.7642617674333052,0.034430117551410566,0.03774937114835153,0.003319253596940963,0.0912282723412704,0.09267024618429431,0.0014419738430239137,0.9133860147373647
fwd_portfolio_20,dispersion_10,dispersion,0.8223398658456813,0.23760530724318762,0.237699488225119,0.00012353310276965758,0.00026657433027076397,0.23789577082722102,0.8119619357557865,0.0219597597655532,0.02468595637576687,0.0027261966102136714,0.09304099962661394,0.09494458235312397,0.0019035827265100336,0.9252589500472915
fwd_portfolio_20,chg_vix_5,vix,0.7218763825633931,0.23780439206118265,0.2378385829190679,4.4858376943044374e-05,0.00015570245677562893,0.26079503113457503,0.7942505764664782,0.02142005663931923,0.022274944751929704,0.0008548881126104746,0.09312432676749349,0.09603641031888543,0.002912083551391942,0.9252589500472915
fwd_portfolio_20,chg_real10_60,real_yield,0.9794132036222291,0.23933816660272178,0.23939490907689898,7.459618937862574e-05,-0.00021791627378148318,-0.16308104588393707,0.8704546231978403,0.059239340706773724,0.05922025261883579,-1.908808793793515e-05,0.09071333517677793,0.09104799900807126,0.0003346638312933248,0.969369921288504
fwd_portfolio_20,dispersion_20,dispersion,0.9021772642810234,0.23719998474843995,0.23721197597724153,1.5720016468042728e-05,9.495029770273237e-05,0.07420065526882082,0.9408507244611263,0.023055196076434914,0.025138424687893735,0.0020832286114588205,0.09287328580904897,0.08915963266964211,-0.0037136531394068584,0.9777064069837804
fwd_portfolio_20,mom_shanghai_120,momentum,0.9950962743503137,0.23299491643776105,0.23301543201141683,2.6747637134954557e-05,0.0001591920051897392,0.08276428691442189,0.9340389665796003,0.034430117551410566,0.03651256906160283,0.0020824515101922625,0.0912282723412704,0.09137610099245774,0.00014782865118734279,0.9777064069837804
fwd_portfolio_20,mom_csi300_120,momentum,0.9955655098399555,0.23299491643776105,0.23299901415550028,5.342490978294938e-06,7.185843939022213e-05,0.03547466370636716,0.9717012490889715,0.034430117551410566,0.03558039943111169,0.0011502818797011205,0.0912282723412704,0.08988223784774974,-0.0013460344935206647,0.9777064069837804
fwd_portfolio_20,ma_dist_csi300_252,trend,0.9969395556352386,0.23518453492544966,0.23518719466538718,3.477623111683361e-06,-5.763954254239263e-05,-0.027944511831194088,0.9777064069837804,0.030915320014613612,0.03022732437089448,-0.0006879956437191304,0.08946124496764074,0.08883630855048841,-0.0006249364171523331,0.9777064069837804
fwd_portfolio_20,ma_dist_shanghai_252,trend,0.9967424026176253,0.23518453492544966,0.23521325583985442,3.755273751159915e-05,-0.00019115251665716216,-0.09543670958031153,0.9239679591068808,0.030915320014613612,0.028895601449353214,-0.0020197185652603977,0.08946124496764074,0.08952863798712962,6.739301948888166e-05,0.9777064069837804
fwd_us_20,eff_csi300_120,trend_efficiency,0.9875972273066804,0.05284163870249936,0.06808649800200339,0.016095364748319685,-0.007001059639812945,-2.858352945388233,0.004258464396271244,-0.07723750763491966,-0.07616556737392499,0.0010719402609946638,0.018134256856369158,0.026952384159256382,0.008818127302887224,0.05880246093380792
fwd_us_20,breadth_20,breadth,0.868515215584896,0.06778494076096253,0.08391209988707804,0.01729982686535876,-0.00678369441046393,-2.7557236508581506,0.005856245240256327,-0.09053008050559108,-0.1083455799702644,-0.017815499464673312,0.024589371998380183,0.04101180250400094,0.016422430505620755,0.05880246093380792
fwd_us_20,dispersion_120,dispersion,0.9889414353364222,0.05284163870249936,0.06943801012021644,0.017522277262042977,-0.007015888841250535,-2.658981549302797,0.007837725511428802,-0.07723750763491966,-0.1007390831766346,-0.023501575541714947,0.018134256856369158,0.020211475422142522,0.0020772185657733644,0.05880246093380792
fwd_us_20,dispersion_252,dispersion,0.9967208748026908,0.059046018880698936,0.09573943129475238,0.03899596914442639,-0.009915802344203322,-3.192288857957467,0.001411500982863172,-0.0810563024942128,-0.10598304792612323,-0.024926745431910424,0.019173854160446147,0.028228784580736743,0.009054930420290597,0.05880246093380792
fwd_us_20,vol_csi300_60,volatility,0.9978314624899515,0.06280567489210209,0.10016796446335074,0.03986610734859836,-0.010546513414151679,-2.6285347683788087,0.008575358886180322,-0.08773670641873399,-0.1656393870189985,-0.0779026806002645,0.023289911706469102,0.02304748870676887,-0.0002424229997002314,0.05880246093380792
fwd_us_20,vol_shanghai_60,volatility,0.9978400303548897,0.06280567489210209,0.10668335184832878,0.04681812061887497,-0.011418752569834054,-2.8471855257354455,0.00441076488095743,-0.08773670641873399,-0.1843195445933259,-0.0965828381745919,0.023289911706469102,0.019286828565312497,-0.004003083141156605,0.05880246093380792
fwd_us_20,downvol_shanghai_120,downside_vol,0.9985634154216495,0.05284163870249936,0.09701775601795026,0.046640687682822736,-0.011295391132218478,-2.718965093914217,0.006548651846078706,-0.07723750763491966,-0.23957088262514703,-0.16233337499022737,0.018134256856369158,0.026191731607339674,0.008057474750970517,0.05880246093380792
fwd_us_20,downvol_csi300_120,downside_vol,0.9985970905355566,0.05284163870249936,0.09393440868715397,0.04338532146658361,-0.010907303965119023,-2.581879605602216,0.00982638580058016,-0.07723750763491966,-0.21519736841090986,-0.1379598607759902,0.018134256856369158,0.02757408318026755,0.009439826323898393,0.05895831480348096
fwd_us_20,eff_gold_60,trend_efficiency,0.9499340000054126,0.06280567489210209,0.07803942582401535,0.016254634203167435,-0.006621505467831859,-2.4984409067635953,0.01247409379560594,-0.08773670641873399,-0.09345357471467164,-0.005716868295937649,0.023289911706469102,-0.00538957548959651,-0.02867948719606561,0.06613577083831419
fwd_us_20,downvol_shanghai_60,downside_vol,0.9956710906622711,0.06280567489210209,0.09164831956733377,0.03077552211160803,-0.009052357887199785,-2.462992349203707,0.013778285591315456,-0.08773670641873399,-0.17909592602565683,-0.09135921960692284,0.023289911706469102,0.024433913466212265,0.0011440017597431629,0.06613577083831419
fwd_us_20,mom_sp500_5,momentum,0.7482500638770534,0.06528411830681158,0.07272366552009735,0.007959153534236972,-0.004345602783720223,-2.201873482938586,0.027674246569644657,-0.08760384790730602,-0.09784220147630518,-0.010238353568999159,0.024382740501126432,0.02830247024006305,0.003919729738936617,0.08855758902286291
fwd_us_20,vol_shanghai_10,volatility,0.9612973274253628,0.06594660273204367,0.09156340685198572,0.027425417213694084,-0.008248589456516171,-2.2154983446990335,0.026725877836673816,-0.0884452902334747,-0.09919894106472249,-0.010753650831247796,0.024441141210182704,0.007242697016704103,-0.0171984441934786,0.08855758902286291
fwd_us_20,vol_shanghai_20,volatility,0.9876717950417145,0.06778494076096253,0.09704314025915417,0.03138567566380548,-0.008971051141411081,-2.279967079919084,0.022609641013046248,-0.09053008050559108,-0.10772754305192067,-0.01719746254632959,0.024589371998380183,0.007445735434191025,-0.017143636564189157,0.08855758902286291
fwd_us_20,breadth_10,breadth,0.7929005050788881,0.06594660273204367,0.07530896565427603,0.01002337013024806,-0.005021856208999735,-2.2478025389562633,0.02458878391082503,-0.0884452902334747,-0.10623270611127444,-0.01778741587779975,0.024441141210182704,0.031218316378299527,0.006777175168116822,0.08855758902286291
fwd_us_20,downvol_csi300_60,downside_vol,0.9957864748426319,0.06280567489210209,0.08715576541491765,0.025981901373562166,-0.008293440084326652,-2.2404779212436003,0.025059912573925338,-0.08773670641873399,-0.1565188568834548,-0.0687821504647208,0.023289911706469102,0.02504648364675144,0.0017565719402823365,0.08855758902286291
fwd_us_20,mom_gold_10,momentum,0.8902822009777386,0.06594660273204367,0.07961234871802858,0.014630583247120887,-0.005903643129137874,-2.1552541021002067,0.03114195532574881,-0.0884452902334747,-0.11497657359037139,-0.026531283356896695,0.024441141210182704,0.034745993911461936,0.010304852701279232,0.09342586597724642
fwd_us_20,mom_nasdaq_5,momentum,0.7595831781470593,0.06528411830681158,0.07245578078391868,0.0076725587074823335,-0.004267225371412828,-2.0585655086603687,0.03953587974600556,-0.08760384790730602,-0.09786570026335673,-0.010261852356050705,0.024382740501126432,0.026739830584717073,0.0023570900835906405,0.09796637993855095
fwd_us_20,mom_gold_5,momentum,0.7906175409472328,0.06528411830681158,0.07247601620692912,0.0076942074495297925,-0.004243024910761465,-2.0940151553255735,0.03625863022020534,-0.08760384790730602,-0.09990229685133811,-0.012298448944032092,0.024382740501126432,0.02831978718767658,0.00393704668655015,0.09796637993855095
fwd_us_20,dd_shanghai_120,drawdown,0.9924060708552105,0.05239131550597065,0.08107866799654473,0.030273416611722528,0.009696950636356859,2.0396723127085465,0.04138297435457765,-0.07683367852229894,-0.09686994730701826,-0.020036268784719313,0.017943663718637315,0.019142774235534454,0.0011991105168971394,0.09796637993855095
fwd_us_20,dd_csi300_120,drawdown,0.9916259547951438,0.05239131550597065,0.08312799412519212,0.03243604572454204,0.010056958189810509,2.0250688864193522,0.042860291223116034,-0.07683367852229894,-0.09687542702622043,-0.020041748503921486,0.017943663718637315,0.017870583073396284,-7.308064524103042e-05,0.09796637993855095
fwd_us_20,ma_dist_gold_20,trend,0.9129474978801271,0.067779129734026,0.08108498831928601,0.0142732897424445,-0.00588028092373775,-2.0284085186950676,0.04251857139334522,-0.09045971278851317,-0.11827409905041741,-0.027814386261904245,0.024597726267007958,0.037711286811412115,0.013113560544404157,0.09796637993855095
fwd_us_20,dispersion_10,dispersion,0.8223398658456813,0.06594660273204367,0.0778347915799743,0.012727525945200557,-0.005598383732388626,-1.9938529537941143,0.0461681266059852,-0.0884452902334747,-0.0932560620390297,-0.004810771805555003,0.024441141210182704,0.0003613032908038605,-0.024079837919378844,0.10073045804942225
fwd_us_20,real10_z252,real_yield,0.9881633533765743,0.0693431821343865,0.08448067238771084,0.016265383719039368,-0.00637585608650847,-1.9301330449066008,0.05359035496135078,-0.08949114401027414,-0.06926135810542511,0.02022978590484903,0.011410137755535676,-0.07688903670597047,-0.08829917446150615,0.11184074078890598
fwd_us_20,dd_shanghai_252,drawdown,0.9965283623937201,0.059114732049212804,0.08842986299093913,0.031156966678385332,0.010327868221800915,1.9066044331705263,0.056571830597066705,-0.08119565736413192,-0.12162423833219593,-0.04042858096806401,0.019025628527934435,0.015017682127359211,-0.004007946400575224,0.1131436611941334
fwd_us_20,chg_real10_20,real_yield,0.9438382203889654,0.05891882542834592,0.07025790125790843,0.012048988053260806,-0.005059167157124444,-1.7211593941113117,0.08522190396570874,-0.0808777273808976,-0.07492857617014437,0.005949151210753234,0.01942410429244268,-0.015159248735535202,-0.03458335302797788,0.16362605561416077
fwd_us_20,breadth_252,breadth,0.9670159448606932,0.059046018880698936,0.06624259721868142,0.007648172474303022,-0.004923045620059112,-1.3629479408337677,0.17289891814405542,-0.0810563024942128,-0.07651048546958084,0.004545817024631971,0.019173854160446147,0.00776922023928428,-0.011404633921161866,0.3191980027274869
fwd_us_20,chg_real10_10,real_yield,0.8900857963414389,0.059470419943685515,0.06525440124370174,0.006149706955170841,-0.0035949896803504078,-1.3242259578108218,0.18542801236285295,-0.08200814300197568,-0.08062421303275102,0.001383929969224651,0.018150238754570225,0.012235227354414069,-0.005915011400156156,0.329649799756183
fwd_us_20,eff_sp500_120,trend_efficiency,0.971290265908666,0.05284163870249936,0.05624338408785934,0.003591527588586103,-0.0029015055861436904,-1.16388376899655,0.2444711181268603,-0.07723750763491966,-0.048209549195028956,0.0290279584398907,0.018134256856369158,0.03451021174807778,0.01637595489170862,0.40324222472617843
fwd_us_20,chg_real10_60,real_yield,0.9794132036222291,0.062143762049244544,0.0696568173126274,0.00801088158223388,-0.004349108020508739,-1.1638089050709912,0.24450146251631916,-0.08579977422615825,-0.07871036384851893,0.007089410377639327,0.01842824895592121,-0.007588120417933997,-0.026016369373855208,0.40324222472617843
fwd_us_20,eff_sp500_20,trend_efficiency,0.8467343081100405,0.06778494076096253,0.06931036030571358,0.001636338664166445,0.0019538017210145122,1.1253818233170039,0.2604272701356569,-0.09053008050559108,-0.09104479971527879,-0.0005147192096877085,0.024589371998380183,0.024292453134420966,-0.00029691886395921685,0.40324222472617843
fwd_us_20,chg_vix3m_5,vix_term,0.7470514085787554,0.09936254394631416,0.10294066219967068,0.003972873023774435,0.003256734100624714,1.1392400274947012,0.25460305467412353,-0.13626779519864485,-0.1497311425831782,-0.013463347384533364,0.007875961007112187,0.009752647679969195,0.0018766866728570086,0.40324222472617843
fwd_us_20,vixterm_z252,vix_term,0.8954973050273486,0.08051498752156028,0.08606642496313921,0.0060375507661785885,0.0034236383120883566,1.079122935828283,0.28053292797504475,-0.06458526969541922,-0.06157835051143046,0.0030069191839887655,-0.00017161434186885316,0.014512092144131183,0.014683706486000037,0.4207993919625671
fwd_us_20,vix_term_ratio,vix_term,0.9258005186262785,0.09955915992734943,0.10859998143020677,0.010040439194348293,-0.005528662945213498,-1.0405180453204808,0.2980992847439831,-0.1380909423561285,-0.19336716594552827,-0.055276223589399764,0.0055689444475293115,0.006062544810372605,0.0004936003628432939,0.4335989596276118
fwd_us_20,dd_shanghai_60,drawdown,0.9829340597273747,0.06276023435122047,0.06884281963717132,0.006489892457497616,0.004282188697505797,0.9923829744090822,0.32101074104733035,-0.08763437477534919,-0.10123147151632872,-0.01359709674097953,0.023288048334066502,0.02809151978096691,0.004803471446900409,0.45319163441976046
fwd_us_20,vix_level,vix,0.9769282431707892,0.06415701786048178,0.06848550395722586,0.004625226858942,0.003925007395565241,0.8700562671436529,0.38426965559273574,-0.08644549904629883,-0.05031761894511044,0.03612788010118839,0.024246124559646143,0.051801613396303736,0.027555488836657593,0.517168543965822
fwd_us_20,chg_real10_5,real_yield,0.7946642000512325,0.06002681504795648,0.061278531299566286,0.0013316510211657407,-0.0016720500690353278,-0.8634749108692087,0.38787640797436657,-0.08360769498060416,-0.08289393549389534,0.0007137594867088204,0.016430047360550537,0.017903880131254768,0.001473832770704231,0.517168543965822
fwd_us_20,chg_vix_5,vix,0.7218763825633931,0.06528411830681158,0.06647297496129523,0.0012718909326009298,0.001716438191171301,0.74356506385295,0.4571396454831946,-0.08760384790730602,-0.09617444701983868,-0.008570599112532662,0.024382740501126432,0.0245586846775403,0.00017594417641386695,0.5930460265727929
fwd_us_20,ma_dist_shanghai_120,trend,0.9918332995450441,0.05239131550597065,0.054062628017226944,0.0017637159078472185,0.002579920439601942,0.592621256005949,0.553434650506018,-0.07683367852229894,-0.07640256526107247,0.00043111326122646787,0.017943663718637315,0.018975554656270988,0.0010318909376336727,0.6990753480076016
fwd_us_20,ma_dist_csi300_120,trend,0.9922889532141845,0.05239131550597065,0.053913059439060884,0.001605877993723499,0.002481478515654677,0.556448307872962,0.5779044226717209,-0.07683367852229894,-0.07463412992279661,0.0021995485995023323,0.017943663718637315,0.01832712432134742,0.0003834606027101062,0.7112669817498104
fwd_us_20,rel_us_china_20,relative_strength,0.9406298863859354,0.06778494076096253,0.06848899625171223,0.0007552500721501076,-0.0013696326491250991,-0.4602799482820415,0.6453152920001706,-0.09053008050559108,-0.08936708889107181,0.001162991614519271,0.024589371998380183,0.026748388194805628,0.002159016196425445,0.7743783504002046
fwd_us_20,vix_z252,vix,0.9398007540599534,0.059114732049212804,0.06002352915296849,0.0009658957735994883,-0.0014564661983860517,-0.411375877224483,0.6807969394140025,-0.08119565736413192,-0.09245820372984692,-0.011262546365714998,0.019025628527934435,0.025681136906146818,0.0066555083782123825,0.7970305632163932
fwd_us_20,rel_gold_china_60,relative_strength,0.9845642209608451,0.06280567489210209,0.0630983434771194,0.00031228164445363426,-0.0010551918911495218,-0.3332960638625384,0.7389108102846176,-0.08773670641873399,-0.08968257423242232,-0.001945867813688329,0.023289911706469102,0.022327794611334606,-0.000962117095134496,0.8444694974681343
fwd_us_20,rel_us_china_120,relative_strength,0.9925076416260187,0.05284163870249936,0.05309118036386129,0.000263463504687944,0.0009141644234435004,0.2769103754103988,0.7818489255863665,-0.07723750763491966,-0.08283105505568389,-0.005593547420764233,0.018134256856369158,0.02017086471101659,0.002036607854647432,0.872761591352223
fwd_us_20,chg_vix3m_20,vix_term,0.919219413603943,0.1017173141162322,0.10201132361182408,0.000327301750564886,0.0009445080391423535,0.1967202490177233,0.8440464632952605,-0.12752604119125466,-0.12469998907780422,0.002826052113450439,0.01286055762099969,0.018812540244825704,0.005951982623826013,0.9003162275149444
fwd_us_20,rel_us_china_60,relative_strength,0.9816345030003338,0.06280567489210209,0.06293646560969823,0.0001395556013221518,-0.0006422284131792868,-0.1967297762463257,0.8440390073469131,-0.08773670641873399,-0.08672116304723287,0.0010155433715011153,0.023289911706469102,0.029515081691874667,0.006225169985405565,0.9003162275149444
fwd_us_20,chg_vix_20,vix,0.8994726014951038,0.06778494076096253,0.06780125429802131,1.7499757054013933e-05,0.00020327517228430414,0.05279570131466246,0.9578946865797263,-0.09053008050559108,-0.08993239206024062,0.0005976884453504638,0.024589371998380183,0.028280907963707413,0.0036915359653272306,0.9983654839514724
fwd_us_20,vix_pct252,vix,0.9470269540017628,0.059114732049212804,0.05911775497861238,3.2128565538711404e-06,-8.45784154097182e-05,-0.02812030047669058,0.9775662030358166,-0.08119565736413192,-0.08180380134092036,-0.0006081439767884333,0.019025628527934435,0.02498961616820894,0.005963987640274504,0.9983654839514724
fwd_us_20,chg_vix_10,vix,0.8306069578465388,0.06594660273204367,0.06594660707280708,4.64723261868591e-09,-3.294879406820894e-06,-0.001053112279213083,0.9991597381269387,-0.0884452902334747,-0.08843350265285932,1.1787580615374438e-05,0.024441141210182704,0.021573451679637645,-0.002867689530545059,0.9991597381269387
fwd_us_minus_gold_20,dispersion_252,dispersion,0.9967208748026908,0.03773798652155369,0.06348956542719975,0.026761504190067318,-0.012265556838734634,-3.0348234918131487,0.0024067649550848116,0.013006140509603692,0.012877330978199542,-0.0001288095314041504,0.03507146685062035,0.0411940643087485,0.006122597458128154,0.11552471784407095
fwd_us_minus_gold_20,chg_vix_1,vix,-0.1428699647320261,0.0385992980509815,0.040312799766156426,0.0017822971334441459,0.002935826303491472,2.731773707532086,0.006299439192535027,0.020202652018860068,0.014224102115013237,-0.00597854990384683,0.02760221057687151,0.02821058154288769,0.0006083709660161807,0.15118654062084066
fwd_us_minus_gold_20,real10_z252,real_yield,0.9881633533765743,0.0522858800057493,0.07635027108886383,0.025392036032195572,-0.011928300475221962,-2.5514485411143903,0.010727616456179949,0.01212020886265519,0.040698091617678456,0.028577882755023265,0.023119220204600888,-0.1235878220036144,-0.1467070422082153,0.15730197402126359
fwd_us_minus_gold_20,vol_shanghai_60,volatility,0.9978400303548897,0.038347621906356766,0.06744519708928831,0.030257893440261526,-0.013281554815630007,-2.480807950467141,0.0131084978351053,0.01915102239242883,-0.023896867917339915,-0.043047890309768744,0.029156462810022044,0.02781345612567443,-0.001343006684347614,0.15730197402126359
fwd_us_minus_gold_20,dispersion_10,dispersion,0.8223398658456813,0.03920811606449459,0.04489771756918659,0.005921783478630968,-0.005526242428244845,-2.0833175633102785,0.03722228686174338,0.02036299846191736,0.02721913954650068,0.006856141084583323,0.02686034021429662,0.016581879335030747,-0.010278460879265872,0.17273120154337834
fwd_us_minus_gold_20,rel_us_gold_20,relative_strength,0.936404543168376,0.03955110198769751,0.05342542317232335,0.01444566307831624,-0.008676719855968532,-2.2584938216088477,0.023914889333777115,0.02037049027091964,0.018668894005092196,-0.001701596265827443,0.02642564936469738,-0.005228940097785184,-0.03165458946248256,0.17273120154337834
fwd_us_minus_gold_20,dd_csi300_252,drawdown,0.9958245543642024,0.037755307581339825,0.06474780118633261,0.028051590014121587,0.014521532878327994,2.0989168990071017,0.03582422689687166,0.013027451976169613,-0.01799391152997165,-0.031021363506141264,0.03506607406447315,0.04631051695197075,0.011244442887497597,0.17273120154337834
fwd_us_minus_gold_20,dd_shanghai_252,drawdown,0.9965283623937201,0.037755307581339825,0.06725999622415046,0.030662355298264957,0.015295684215499076,2.165585874788258,0.03034284673181115,0.013027451976169613,-0.021887900452138842,-0.034915352428308455,0.03506607406447315,0.038841714995199506,0.003775640930726354,0.17273120154337834
fwd_us_minus_gold_20,downvol_shanghai_60,downside_vol,0.9956710906622711,0.038347621906356766,0.0609146332499112,0.023466911596777558,-0.011436809035083187,-2.117775559604765,0.03419408014382712,0.01915102239242883,-0.020106484137732528,-0.03925750653016136,0.029156462810022044,0.028611479193157763,-0.0005449836168642808,0.17273120154337834
fwd_us_minus_gold_20,downvol_shanghai_120,downside_vol,0.9985634154216495,0.038224052311754186,0.0682534623338007,0.031222874822588485,-0.0135589141137517,-2.232593348281877,0.02557577315158409,0.0162730979028749,-0.03063680692663051,-0.04690990482950541,0.032059524140163775,0.0465111325787666,0.014451608438602825,0.17273120154337834
fwd_us_minus_gold_20,eff_sp500_60,trend_efficiency,0.9486099134105812,0.038347621906356766,0.04901161728681047,0.011089241417562713,0.0073493945949865795,2.058061463307204,0.039584233687024205,0.01915102239242883,-0.044679105276710374,-0.0638301276691392,0.029156462810022044,0.028154579011707148,-0.0010018837983148954,0.17273120154337834
fwd_us_minus_gold_20,dd_csi300_120,drawdown,0.9916259547951438,0.038135863098549994,0.06271477873949871,0.025553417263406097,0.013095027157308805,1.9960029376292447,0.04593360304185939,0.01609744673258806,0.00809678429716243,-0.008000662435425632,0.03215646670067518,0.042167732168644556,0.010011265467969377,0.17838154702111528
fwd_us_minus_gold_20,dd_shanghai_120,drawdown,0.9924060708552105,0.038135863098549994,0.06295901171350027,0.025807333554316296,0.01313424916866262,1.9746166423737888,0.048311668984885384,0.01609744673258806,0.006345399330551893,-0.009752047402036168,0.03215646670067518,0.04156027569057541,0.00940380898990023,0.17838154702111528
fwd_us_minus_gold_20,vol_shanghai_10,volatility,0.9612973274253628,0.03920811606449459,0.05103240421970845,0.012306815193713252,-0.007996296880281594,-1.9343682129398887,0.053067871815055505,0.02036299846191736,0.03836704654295031,0.018004048081032953,0.02686034021429662,0.025115295584059005,-0.0017450446302376132,0.1819469890801903
fwd_us_minus_gold_20,eff_sp500_20,trend_efficiency,0.8467343081100405,0.03955110198769751,0.04461534893811292,0.005272791671577866,0.005082412049246585,1.8511771694779968,0.06414406910058096,0.02037049027091964,0.013213020813908516,-0.007157469457011123,0.02642564936469738,0.02958468088072297,0.00315903151602559,0.19243220730174287
fwd_us_minus_gold_20,downvol_csi300_60,downside_vol,0.9957864748426319,0.038347621906356766,0.05626077059823231,0.018627467783510446,-0.010160008169271314,-1.8674462106746805,0.06183930171895165,0.01915102239242883,0.0002901436952819081,-0.01886087869714692,0.029156462810022044,0.03328540647000833,0.004128943659986284,0.19243220730174287
fwd_us_minus_gold_20,downvol_shanghai_20,downside_vol,0.9786199177274362,0.03955110198769751,0.052200186078539046,0.013169970955268367,-0.00833677089859569,-1.8110862118261908,0.0701275075274132,0.02037049027091964,0.052321928588444644,0.031951438317525005,0.02642564936469738,0.014199213879846684,-0.012226435484850695,0.19800708007740198
fwd_us_minus_gold_20,chg_vix_5,vix,0.7218763825633931,0.038939133564690365,0.04208147829397768,0.0032696625562776797,0.003982953609485274,1.7585260931098115,0.07865803582708211,0.02030703549787749,-0.00486973564909432,-0.02517677114697181,0.027203311933013397,0.027216564759361406,1.3252826348009172e-05,0.2097547622055523
fwd_us_minus_gold_20,vol_shanghai_20,volatility,0.9876717950417145,0.03955110198769751,0.05171020363811729,0.012659811131631941,-0.008256516980939474,-1.7116173214097636,0.08696721408531825,0.02037049027091964,0.040598588739036545,0.020228098468116906,0.02642564936469738,0.023567811259025184,-0.0028578381056721947,0.21224327473954907
fwd_us_minus_gold_20,rel_us_gold_10,relative_strength,0.8764503416650389,0.03920811606449459,0.04441538852691018,0.005419771492121739,-0.0052197243695596175,-1.7037131093505389,0.08843469780814545,0.02036299846191736,0.01862192358918635,-0.0017410748727310077,0.02686034021429662,0.020763522720174232,-0.006096817494122386,0.21224327473954907
fwd_us_minus_gold_20,vol_csi300_10,volatility,0.9603901013450273,0.03920811606449459,0.04733661605547457,0.008460208841153798,-0.006624821704663111,-1.5452859361279998,0.12227711574196223,0.02036299846191736,0.04174068853076529,0.021377690068847932,0.02686034021429662,0.02809042927088279,0.00123008905658617,0.27949055026734226
fwd_us_minus_gold_20,chg_vix_20,vix,0.8994726014951038,0.03955110198769751,0.04531976094611101,0.006006211231385687,0.0054572556962858695,1.5072829430885724,0.1317381477653481,0.02037049027091964,-0.013869147512327817,-0.034239637783247456,0.02642564936469738,0.027679266506766886,0.0012536171420695075,0.28742868603348676
fwd_us_minus_gold_20,chg_real10_60,real_yield,0.9794132036222291,0.04544559697387318,0.05759867317322587,0.012731674759264662,-0.0081152409001904,-1.4535843500204597,0.14606157839753006,0.014613075734757452,0.025941009965963935,0.011327934231206482,0.028434254346839882,-0.015723715563602525,-0.04415796991044241,0.30482416361223663
fwd_us_minus_gold_20,chg_real10_20,real_yield,0.9438382203889654,0.03806171255054247,0.04303248770945001,0.00516745743855082,-0.004946575442824403,-1.2477946726067115,0.2121062601482981,0.013059923366144477,0.01686194049649703,0.003802017130352553,0.034802243655091436,0.018865991293177786,-0.01593625236191365,0.40724401948473227
fwd_us_minus_gold_20,rel_us_china_20,relative_strength,0.9406298863859354,0.03955110198769751,0.04468457461596431,0.005344868049607617,-0.005279987329594069,-1.2630703577422124,0.20656389569693415,0.02037049027091964,0.021025453336859456,0.0006549630659398176,0.02642564936469738,0.020123170839899895,-0.0063024785247974835,0.40724401948473227
fwd_us_minus_gold_20,vixterm_z252,vix_term,0.8954973050273486,0.07659663545782658,0.08207397248206572,0.0059316840663178865,0.004971882024483607,0.8860521477720856,0.37558942722097255,7.930714645032477e-05,-0.005209292498145945,-0.00528859964459627,0.03930899902497864,0.040811190827802823,0.001502191802824182,0.6933958656387186
fwd_us_minus_gold_20,chg_vix3m_5,vix_term,0.7470514085787554,0.07625678479565201,0.07718706980073309,0.0010070818272535644,0.0023851755373456777,0.8495385850183905,0.3955816693315298,-0.013642213206999765,-0.025243145902773545,-0.01160093269577378,0.015968513975985754,0.01469106644168161,-0.0012774475343041436,0.7032563010338307
fwd_us_minus_gold_20,ma_dist_shanghai_120,trend,0.9918332995450441,0.038135863098549994,0.041212059743297336,0.003198161285706113,0.00509649257213608,0.8051763769226696,0.4207179064187652,0.01609744673258806,0.013639733203585358,-0.002457713529002703,0.03215646670067518,0.03400633347310178,0.0018498667724266005,0.7139225833940658
fwd_us_minus_gold_20,eff_gold_60,trend_efficiency,0.9499340000054126,0.038347621906356766,0.03998957443626516,0.001707428346575053,0.0031049691215272097,0.7869208052576807,0.4313282274672481,0.01915102239242883,0.016630965796854524,-0.002520056595574305,0.029156462810022044,0.03639468249282485,0.0072382196828028045,0.7139225833940658
fwd_us_minus_gold_20,eff_shanghai_20,trend_efficiency,0.8764893052194819,0.03955110198769751,0.040615773526697874,0.001108514509417162,-0.0023756114721479255,-0.7345839886500777,0.4625928921656075,0.02037049027091964,0.01958385445816635,-0.0007866358127532891,0.02642564936469738,0.025997840754247603,-0.0004278086104497758,0.740148627464972
fwd_us_minus_gold_20,ma_dist_csi300_120,trend,0.9922889532141845,0.038135863098549994,0.04036012867438621,0.0023124529655523555,0.004368375046611025,0.6979375164613272,0.4852162709689338,0.01609744673258806,0.014406963255863103,-0.0016904834767249577,0.03215646670067518,0.03314465107192999,0.0009881843712548077,0.7513026131131879
fwd_us_minus_gold_20,dispersion_20,dispersion,0.9021772642810234,0.03955110198769751,0.04032003297452669,0.000800595417851503,-0.002027166444596413,-0.5768977924667905,0.5640085019411238,0.02037049027091964,0.02160358452222111,0.0012330942513014698,0.02642564936469738,0.020578580097275312,-0.005847069267422067,0.8460127529116858
fwd_us_minus_gold_20,ma_dist_shanghai_60,trend,0.9806728083149528,0.03835421974970654,0.03933040216805517,0.00101511641645695,0.0026284570475094454,0.46576808366978517,0.6413815127634694,0.019163171438743354,0.021324729264166953,0.002161557825423599,0.029143002802550666,0.03262952371327554,0.0034865209107248774,0.8826243184998408
fwd_us_minus_gold_20,breadth_252,breadth,0.9670159448606932,0.03773798652155369,0.038599873592196854,0.0008956885531909954,-0.002515634503342522,-0.4626988646006913,0.6435802322394673,0.013006140509603692,0.012585062436849315,-0.00042107807275437725,0.03507146685062035,0.030792343457572757,-0.00427912339304759,0.8826243184998408
fwd_us_minus_gold_20,vix_term_spread,vix_term,0.9217471202625075,0.07934736035669343,0.08053593012582749,0.0012910078328722942,-0.0027991686620120635,-0.4936430281612604,0.6215583071827308,-0.015255301181583025,-0.020854438696641386,-0.005599137515058361,0.012817828062999803,0.011892054098255889,-0.0009257739647439145,0.8826243184998408
fwd_us_minus_gold_20,chg_real10_10,real_yield,0.8900857963414389,0.03805577231421209,0.03842084972456927,0.0003795203504006409,-0.0013316903522226555,-0.39354383623213673,0.6939178537449447,0.013226127807007382,0.014273108418398017,0.0010469806113906355,0.03485445738911441,0.03481641358971477,-3.8043799399645195e-05,0.9252238049932596
fwd_us_minus_gold_20,mom_shanghai_20,momentum,0.9586170602938698,0.03955110198769751,0.04001144856255334,0.0004793035587927067,0.0016513205834502288,0.3548127884938955,0.7227298471027336,0.02037049027091964,0.022977486028166516,0.002606995757246877,0.02642564936469738,0.026261525289064225,-0.00016412407563315412,0.9347024740291693
fwd_us_minus_gold_20,mom_shanghai_60,momentum,0.988000954330311,0.038347621906356766,0.03877004963829489,0.000439272799153822,0.0017907027799789602,0.314358702384523,0.7532486181253247,0.01915102239242883,0.01814959924111137,-0.0010014231513174598,0.029156462810022044,0.031300931658860054,0.0021444688488380104,0.9347024740291693
fwd_us_minus_gold_20,chg_vix3m_20,vix_term,0.919219413603943,0.06454679982700928,0.0649875004026863,0.00047110916462258574,0.0016489396099654738,0.3062086849953526,0.7594457601487,-0.00556874888011083,-0.011091418084976157,-0.005522669204865327,0.02471085012203189,0.02370657105126439,-0.0010042790707674998,0.9347024740291693
fwd_us_minus_gold_20,rel_us_china_60,relative_strength,0.9816345030003338,0.038347621906356766,0.03852799509221738,0.0001875658917603715,-0.0010772356377627245,-0.22130968922632657,0.8248513061122498,0.01915102239242883,0.021347507956551715,0.0021964855641228853,0.029156462810022044,0.0348373135914134,0.005680850781391356,0.9626155765105341
fwd_us_minus_gold_20,vix_pct252,vix,0.9470269540017628,0.037755307581339825,0.037851448089189055,9.991274423927917e-05,0.0007041373317434054,0.16540167876977077,0.8686278324081129,0.013027451976169613,0.014988645233538267,0.001961193257368654,0.03506607406447315,0.03506761721876217,1.5431542890187444e-06,0.9626155765105341
fwd_us_minus_gold_20,vix_z252,vix,0.9398007540599534,0.037755307581339825,0.0378594145947071,0.00010819182915479888,0.0007277220910751381,0.17277957784698292,0.8628246901235014,0.013027451976169613,0.01386138640347534,0.000833934427305727,0.03506607406447315,0.03603447901424284,0.0009684049497696856,0.9626155765105341
fwd_us_minus_gold_20,ma_dist_csi300_60,trend,0.9813902777662373,0.03835421974970654,0.03845005861092288,9.96612923226166e-05,0.0008241921939719877,0.14793050721299664,0.8823976118013228,0.019163171438743354,0.019917062682524023,0.0007538912437806689,0.029143002802550666,0.03145488010952702,0.002311877306976351,0.9626155765105341
fwd_us_minus_gold_20,vix_term_ratio,vix_term,0.9258005186262785,0.07934736035669343,0.0796215938411019,0.00029786856909976185,-0.001384630466251957,-0.24660077665322394,0.8052172034255779,-0.015255301181583025,-0.019568241307706735,-0.00431294012612371,0.012817828062999803,0.015593784561059643,0.0027759564980598395,0.9626155765105341
fwd_us_minus_gold_20,vix_level,vix,0.9769282431707892,0.03858797844303741,0.03862728715497721,4.088643688492881e-05,0.0005339925735877365,0.0879480650637477,0.9299179541836802,0.020203784766165467,0.022208657211840177,0.0020048724456747102,0.0276193200431073,0.03373645269555958,0.006117132652452284,0.9748878161518638
fwd_us_minus_gold_20,mom_csi300_60,momentum,0.9886260338185453,0.038347621906356766,0.03836075373072123,1.3655479530448783e-05,0.00031801674450432913,0.056959253621885766,0.9545776533153667,0.01915102239242883,0.019151765046654057,7.426542252275681e-07,0.029156462810022044,0.029749982782861895,0.000593519972839851,0.9748878161518638
fwd_us_minus_gold_20,mom_shanghai_120,momentum,0.9950962743503137,0.038224052311754186,0.038241246642467086,1.787768840989264e-05,-0.0003820036222987787,-0.07070040954205088,0.9436361948874193,0.0162730979028749,0.01611064293671116,-0.00016245496616373867,0.032059524140163775,0.03168807127421536,-0.0003714528659484184,0.9748878161518638
fwd_us_minus_gold_20,chg_real10_5,real_yield,0.7946642000512325,0.03936764184344532,0.03936805327388049,4.2829125176980415e-07,4.463017189563656e-05,0.017567140263089927,0.9859841709014577,0.013832052502631087,0.013797303270387196,-3.474923224389137e-05,0.03369840280204617,0.03439331257499523,0.0006949097729490594,0.9859841709014577
