date,z_score,gold_transfer_positive_toward_gold,gold_cny,money511990_cny,spy_tr,oneq_tr,etf510210_cny,etf510300_cny,gross
2002-09-06,,0.0000000000,0.3477688416,0.0000000000,0.0000000000,0.0000000000,0.0000000000,0.0000000000,0.3595307570
2002-12-05,,0.0000000000,0.0000000000,0.0000000000,0.0000000000,0.0000000000,0.0000000000,0.0000000000,0.0000000000
2002-12-09,,0.0000000000,0.6930061213,0.0000000000,0.0000000000,0.0000000000,0.0000000000,0.0000000000,0.7057705312
2003-03-04,1.3593997269,0.0000000000,0.3637492549,0.0000000000,0.0000000000,0.0000000000,0.0000000000,0.0000000000,0.3753092089
2003-03-10,1.4296684964,0.0000000000,0.3303110819,0.0000000000,0.0000000000,0.0000000000,0.0000000000,0.0000000000,0.3390234888
2003-04-30,-0.0528299436,0.0000000000,0.4202247282,0.0000000000,0.0000013772,0.0000000000,0.0000000000,0.0000000000,0.6092645585
2003-06-09,-0.2279368407,0.0000000000,0.6263309311,0.0000000000,0.0000015944,0.0000000000,0.0000000000,0.0000000000,1.0000000000
2003-06-27,-1.0779064514,0.0000015944,0.6263325255,0.0000000000,0.0000000000,0.0000000000,0.0000000000,0.0000000000,1.0000000000
2003-06-30,-0.8691637127,0.0000000000,0.6263309311,0.0000000000,0.0000015944,0.0000000000,0.0000000000,0.0000000000,1.0000000000
2003-07-08,-1.1846803537,0.0000015944,0.6263325255,0.0000000000,0.0000000000,0.0000000000,0.0000000000,0.0000000000,1.0000000000
2003-07-18,-0.9772965371,0.0000000000,0.6263309311,0.0000000000,0.0000015944,0.0000000000,0.0000000000,0.0000000000,1.0000000000
2003-07-21,-1.0014995427,0.0000015944,0.6263325255,0.0000000000,0.0000000000,0.0000000000,0.0000000000,0.0000000000,1.0000000000
2003-07-22,-0.6886706959,0.0000000000,0.6263309311,0.0000000000,0.0000015944,0.0000000000,0.0000000000,0.0000000000,1.0000000000
2003-08-19,-0.8035426168,0.0000000000,0.2720835926,0.0000000000,0.3230519336,0.0000000000,0.0000000000,0.0000000000,1.0000000000
2003-09-05,-0.6689998911,0.0000000000,0.1913981974,0.0000000000,0.2481713769,0.0000000000,0.0000000000,0.0000000000,0.8806750506
2003-10-06,-1.2374943455,0.1098923936,0.3012905909,0.0000000000,0.1382789834,0.0000000000,0.0000000000,0.0000000000,0.8806750506
2003-10-23,-0.6022478561,0.0000000000,0.1913981974,0.0000000000,0.2481713769,0.0000000000,0.0000000000,0.0000000000,0.8806750506
2003-11-04,-1.3957076635,0.1098923936,0.3012905909,0.0000000000,0.1382789834,0.0000000000,0.0000000000,0.0000000000,0.8806750506
2003-11-11,-0.8527458911,0.0000000000,0.1913981974,0.0000000000,0.2481713769,0.0000000000,0.0000000000,0.0000000000,0.8806750506
2003-11-12,-0.7568057915,0.0000000000,0.3158856209,0.0000000000,0.3592005221,0.3249138570,0.0000000000,0.0000000000,1.0000000000
2004-01-16,-1.2453640944,0.2500000000,0.5658856209,0.0000000000,0.2279357318,0.2061786473,0.0000000000,0.0000000000,1.0000000000
2004-01-29,-0.8166553605,0.0000000000,0.3158856209,0.0000000000,0.3592005221,0.3249138570,0.0000000000,0.0000000000,1.0000000000
2004-01-30,-1.4525730250,0.2500000000,0.5658856209,0.0000000000,0.2279357318,0.2061786473,0.0000000000,0.0000000000,1.0000000000
2004-02-05,-1.0598001177,0.1812042463,0.3638325153,0.0000000000,0.2064512405,0.1545332293,0.0000000000,0.0000000000,0.7643000097
2004-02-13,-0.9481246842,0.0000000000,0.1826282690,0.0000000000,0.3100840684,0.2321046477,0.0000000000,0.0000000000,0.7643000097
2004-02-19,-1.0293021014,0.0000000000,0.0000000000,0.0000000000,0.0000000000,0.0000000000,0.0000000000,0.0000000000,0.0000000000
2004-04-29,-1.7525312351,0.1554209305,0.3766898771,0.0000000000,0.1342255754,0.1107682696,0.0000000000,0.0000000000,0.6216837222
2004-05-03,-0.6983779294,0.0000000000,0.2212689466,0.0000000000,0.2193765466,0.1810382290,0.0000000000,0.0000000000,0.6216837222
2004-05-04,-1.2525474153,0.1554209305,0.3766898771,0.0000000000,0.1342255754,0.1107682696,0.0000000000,0.0000000000,0.6216837222
2004-05-05,-0.7743170621,0.0000000000,0.2212689466,0.0000000000,0.2193765466,0.1810382290,0.0000000000,0.0000000000,0.6216837222
2004-05-06,-1.0141311547,0.1554209305,0.3766898771,0.0000000000,0.1342255754,0.1107682696,0.0000000000,0.0000000000,0.6216837222
2004-05-18,-0.4948377390,0.0000000000,0.2212689466,0.0000000000,0.2193765466,0.1810382290,0.0000000000,0.0000000000,0.6216837222
2004-05-19,-1.4418068620,0.1554209305,0.3766898771,0.0000000000,0.1342255754,0.1107682696,0.0000000000,0.0000000000,0.6216837222
2004-05-20,-0.8251504754,0.0000000000,0.2212689466,0.0000000000,0.2193765466,0.1810382290,0.0000000000,0.0000000000,0.6216837222
2004-05-21,-1.2384797748,0.1554209305,0.3766898771,0.0000000000,0.1342255754,0.1107682696,0.0000000000,0.0000000000,0.6216837222
2004-05-24,-0.5763321143,0.0000000000,0.2212689466,0.0000000000,0.2193765466,0.1810382290,0.0000000000,0.0000000000,0.6216837222
2004-05-25,-1.1224326125,0.1554209305,0.3766898771,0.0000000000,0.1342255754,0.1107682696,0.0000000000,0.0000000000,0.6216837222
2004-05-28,-0.8522962325,0.0000000000,0.2212689466,0.0000000000,0.2193765466,0.1810382290,0.0000000000,0.0000000000,0.6216837222
2004-05-31,-1.1064875862,0.1554209305,0.3766898771,0.0000000000,0.1342255754,0.1107682696,0.0000000000,0.0000000000,0.6216837222
2004-06-08,-1.5477478038,0.1420312607,0.2913631610,0.0000000000,0.1525406670,0.1242212149,0.0000000000,0.0000000000,0.5681250428
2004-06-10,-2.2092435651,0.1768490690,0.3168104624,0.0000000000,0.2598260552,0.1307597585,0.0000000000,0.0000000000,0.7073962762
2004-06-21,-0.9938896005,0.0000000000,0.1399613934,0.0000000000,0.3774698466,0.1899650362,0.0000000000,0.0000000000,0.7073962762
2004-06-23,-1.1120181984,0.1768490690,0.3168104624,0.0000000000,0.2598260552,0.1307597585,0.0000000000,0.0000000000,0.7073962762
2004-06-25,-0.7262291947,0.0000000000,0.1399613934,0.0000000000,0.3774698466,0.1899650362,0.0000000000,0.0000000000,0.7073962762
2004-06-28,-0.7286540466,0.0000000000,0.1616318257,0.0000000000,0.4359140688,0.2193776075,0.0000000000,0.0000000000,0.8169235020
2004-06-30,-1.5365689576,0.2042308755,0.3658627012,0.0000000000,0.3000553129,0.1510054879,0.0000000000,0.0000000000,0.8169235020
2004-07-05,-0.7728783372,0.0000000000,0.1590325909,0.0000000000,0.2458173150,0.2001808837,0.0000000000,0.0000000000,0.6050307897
2004-07-22,0.3080753346,0.0000000000,0.3318306430,0.0000000000,0.1353947116,0.2042462607,0.0000000000,0.0000000000,0.6714716154
2004-08-09,1.8356350424,-0.1678679038,0.1639627392,0.0000000000,0.2023136886,0.3051951876,0.0000000000,0.0000000000,0.6714716154
2004-08-26,0.9991610154,0.0000000000,0.3318306430,0.0000000000,0.1353947116,0.2042462607,0.0000000000,0.0000000000,0.6714716154
2004-08-27,1.1957411797,-0.1678679038,0.1639627392,0.0000000000,0.2023136886,0.3051951876,0.0000000000,0.0000000000,0.6714716154
2004-08-30,0.7277166233,0.0000000000,0.3318306430,0.0000000000,0.1353947116,0.2042462607,0.0000000000,0.0000000000,0.6714716154
2004-08-31,1.3697444858,-0.1678679038,0.1639627392,0.0000000000,0.2023136886,0.3051951876,0.0000000000,0.0000000000,0.6714716154
2004-09-03,0.7177190450,0.0000000000,0.3318306430,0.0000000000,0.1353947116,0.2042462607,0.0000000000,0.0000000000,0.6714716154
2004-09-08,0.2265078555,0.0000000000,0.3409979303,0.0000000000,0.1391351805,0.2098888504,0.0000000000,0.0000000000,0.6900219612
2004-09-10,0.2720701110,0.0000000000,0.6254344022,0.0000000000,0.0000000000,0.1320084047,0.0000000000,0.0000000000,0.7574428068
2004-09-24,1.2181908055,-0.1893607017,0.4360737005,0.0000000000,0.0000000000,0.3213691064,0.0000000000,0.0000000000,0.7574428068
2004-10-05,0.5220519415,0.0000000000,0.6254344022,0.0000000000,0.0000000000,0.1320084047,0.0000000000,0.0000000000,0.7574428068
2004-10-11,1.5168884050,-0.1893607017,0.4360737005,0.0000000000,0.0000000000,0.3213691064,0.0000000000,0.0000000000,0.7574428068
2004-10-13,0.9334130516,0.0000000000,0.6254344022,0.0000000000,0.0000000000,0.1320084047,0.0000000000,0.0000000000,0.7574428068
2004-10-15,1.5352442235,-0.1893607017,0.4360737005,0.0000000000,0.0000000000,0.3213691064,0.0000000000,0.0000000000,0.7574428068
2004-10-29,0.8953821966,0.0000000000,0.6254344022,0.0000000000,0.0000000000,0.1320084047,0.0000000000,0.0000000000,0.7574428068
2004-11-01,1.2630517673,-0.1893607017,0.4360737005,0.0000000000,0.0000000000,0.3213691064,0.0000000000,0.0000000000,0.7574428068
2004-11-03,0.5917144280,0.0000000000,0.6254344022,0.0000000000,0.0000000000,0.1320084047,0.0000000000,0.0000000000,0.7574428068
2004-11-22,1.1739971466,-0.1893607017,0.4360737005,0.0000000000,0.0000000000,0.3213691064,0.0000000000,0.0000000000,0.7574428068
2004-11-25,0.9990903579,0.0000000000,0.6254344022,0.0000000000,0.0000000000,0.1320084047,0.0000000000,0.0000000000,0.7574428068
2004-11-29,1.0073626654,-0.1893607017,0.4360737005,0.0000000000,0.0000000000,0.3213691064,0.0000000000,0.0000000000,0.7574428068
2004-12-02,0.9857359405,0.0000000000,0.6254344022,0.0000000000,0.0000000000,0.1320084047,0.0000000000,0.0000000000,0.7574428068
2004-12-06,1.0118951499,-0.1893607017,0.4360737005,0.0000000000,0.0000000000,0.3213691064,0.0000000000,0.0000000000,0.7574428068
2004-12-07,0.8693652607,0.0000000000,0.5500019847,0.0000000000,0.0000000000,0.1512405878,0.0000000000,0.0000000000,0.7012425725
2004-12-08,1.1110671701,-0.1753106431,0.3746913416,0.0000000000,0.0000000000,0.3265512309,0.0000000000,0.0000000000,0.7012425725
2004-12-09,0.0413389663,0.0000000000,0.5500019847,0.0000000000,0.0000000000,0.1512405878,0.0000000000,0.0000000000,0.7012425725
2005-02-07,-1.3842284351,0.1512405878,0.7012425725,0.0000000000,0.0000000000,0.0000000000,0.0000000000,0.0000000000,0.7012425725
2005-02-11,-0.8771589169,0.0000000000,0.5500019847,0.0000000000,0.0000000000,0.1512405878,0.0000000000,0.0000000000,0.7012425725
2005-03-14,1.0207199921,-0.1753106431,0.3746913416,0.0000000000,0.0000000000,0.3265512309,0.0000000000,0.0000000000,0.7012425725
2005-03-15,0.5655233565,0.0000000000,0.5500019847,0.0000000000,0.0000000000,0.1512405878,0.0000000000,0.0000000000,0.7012425725
2005-03-17,1.2103932856,-0.1753106431,0.3746913416,0.0000000000,0.0000000000,0.3265512309,0.0000000000,0.0000000000,0.7012425725
2005-03-18,0.8166467778,0.0000000000,0.5500019847,0.0000000000,0.0000000000,0.1512405878,0.0000000000,0.0000000000,0.7012425725
2005-03-21,1.0214042284,-0.1753106431,0.3746913416,0.0000000000,0.0000000000,0.3265512309,0.0000000000,0.0000000000,0.7012425725
2005-03-22,0.5032303407,0.0000000000,0.5500019847,0.0000000000,0.0000000000,0.1512405878,0.0000000000,0.0000000000,0.7012425725
2005-03-31,0.1295583997,0.0000000000,0.1891933035,0.0000000000,0.2428947415,0.1547945210,0.0000000000,0.0000000000,0.5868825660
2005-04-18,1.2735208800,-0.1467206415,0.0424726620,0.0000000000,0.3325065960,0.2119033081,0.0000000000,0.0000000000,0.5868825660
2005-05-04,0.7573955702,0.0000000000,0.1891933035,0.0000000000,0.2428947415,0.1547945210,0.0000000000,0.0000000000,0.5868825660
2005-05-20,-1.0089681952,0.1467206415,0.3359139450,0.0000000000,0.1532828871,0.0976857339,0.0000000000,0.0000000000,0.5868825660
2005-05-24,-1.4890180493,0.2087228049,0.4368751629,0.0000000000,0.1921480999,0.2058679569,0.0000000000,0.0000000000,0.8348912197
2005-06-09,-1.0338704309,0.1339510884,0.2412022416,0.0000000000,0.1456237060,0.1489784061,0.0000000000,0.0000000000,0.5358043537
2005-06-13,-0.8992513737,0.0000000000,0.1072511531,0.0000000000,0.2118365847,0.2167166158,0.0000000000,0.0000000000,0.5358043537
2005-06-15,-1.0524848722,0.1339510884,0.2412022416,0.0000000000,0.1456237060,0.1489784061,0.0000000000,0.0000000000,0.5358043537
2005-06-16,-0.9791276590,0.0000000000,0.1072511531,0.0000000000,0.2118365847,0.2167166158,0.0000000000,0.0000000000,0.5358043537
2005-07-06,-1.5991539549,0.1339510884,0.2412022416,0.0000000000,0.1456237060,0.1489784061,0.0000000000,0.0000000000,0.5358043537
2005-08-12,-0.6360570451,0.0000000000,0.1072511531,0.0000000000,0.2118365847,0.2167166158,0.0000000000,0.0000000000,0.5358043537
2005-09-01,-1.1028221804,0.1339510884,0.2412022416,0.0000000000,0.1456237060,0.1489784061,0.0000000000,0.0000000000,0.5358043537
2005-09-02,-0.4476725839,0.0000000000,0.1072511531,0.0000000000,0.2118365847,0.2167166158,0.0000000000,0.0000000000,0.5358043537
2005-09-07,-0.5843745863,0.0000000000,0.1623043682,0.0000000000,0.2468311977,0.1557528591,0.0000000000,0.0000000000,0.5648884250
2005-09-15,-0.0369747448,0.0000000000,0.4454029355,0.0000000000,0.0000000000,0.1319480521,0.0000000000,0.0000000000,0.5773509876
2005-09-20,1.1215694996,-0.1443377469,0.3010651886,0.0000000000,0.0000000000,0.2762857990,0.0000000000,0.0000000000,0.5773509876
2005-11-02,0.9199078745,0.0000000000,0.4454029355,0.0000000000,0.0000000000,0.1319480521,0.0000000000,0.0000000000,0.5773509876
2005-11-17,1.2793982959,-0.1443377469,0.3010651886,0.0000000000,0.0000000000,0.2762857990,0.0000000000,0.0000000000,0.5773509876
2005-12-06,2.0252272947,-0.2500000000,0.5156664306,0.0000000000,0.0000000000,0.4843335694,0.0000000000,0.0000000000,1.0000000000
2006-03-07,1.6567237811,-0.1457977250,0.1326250958,0.0000000000,0.0000000000,0.4505658042,0.0000000000,0.0000000000,1.0000000000
2006-05-29,2.0579226575,-0.1028999369,0.0000000000,0.0000000000,0.3341983293,0.2254006485,0.0000000000,0.0000000000,0.5847714161
2006-06-15,0.9772822805,0.0000000000,0.1028999369,0.0000000000,0.2727454169,0.1839536241,0.0000000000,0.0000000000,0.5847714161
2006-06-19,1.0618403926,-0.1028999369,0.0000000000,0.0000000000,0.3341983293,0.2254006485,0.0000000000,0.0000000000,0.5847714161
2006-06-20,0.9841434276,0.0000000000,0.1028999369,0.0000000000,0.2727454169,0.1839536241,0.0000000000,0.0000000000,0.5847714161
2006-06-21,1.0853616248,-0.1028999369,0.0000000000,0.0000000000,0.3341983293,0.2254006485,0.0000000000,0.0000000000,0.5847714161
2006-06-30,0.9161858668,0.0000000000,0.1028999369,0.0000000000,0.2727454169,0.1839536241,0.0000000000,0.0000000000,0.5847714161
2006-07-03,1.3009868439,-0.1028999369,0.0000000000,0.0000000000,0.3341983293,0.2254006485,0.0000000000,0.0000000000,0.5847714161
2006-08-16,1.0726912437,-0.1772261280,0.0000000000,0.0000000000,0.7609230130,0.2021415581,0.0000000000,0.0000000000,1.0000000000
2006-08-18,0.8484501391,0.0000000000,0.1772261280,0.0000000000,0.6208956012,0.1649428419,0.0000000000,0.0000000000,1.0000000000
2006-11-08,-0.0744789624,0.0000000000,0.2757056940,0.0000000000,0.5003580199,0.2239362861,0.0000000000,0.0000000000,1.0000000000
2006-11-10,0.0850130494,0.0000000000,0.2883191077,0.0000000000,0.2984200854,0.2542948373,0.0000000000,0.0000000000,1.0000000000
2006-11-13,-0.0712726928,0.0000000000,0.3008396768,0.0000000000,0.0979685714,0.2844299258,0.0000000000,0.0000000000,1.0000000000
2006-12-05,-0.1331401272,0.0000000000,0.2961015161,0.0000000000,0.0000000000,0.3659786851,0.0000000000,0.0000000000,1.0000000000
2007-01-08,-1.0642430751,0.1655200503,0.4616215664,0.0000000000,0.0000000000,0.2004586348,0.0000000000,0.0000000000,1.0000000000
2007-01-10,-0.9540832976,0.0000000000,0.2961015161,0.0000000000,0.0000000000,0.3659786851,0.0000000000,0.0000000000,1.0000000000
2007-01-11,-1.0387176875,0.1655200503,0.4616215664,0.0000000000,0.0000000000,0.2004586348,0.0000000000,0.0000000000,1.0000000000
2007-01-15,-0.9324113446,0.0000000000,0.2961015161,0.0000000000,0.0000000000,0.3659786851,0.0000000000,0.0000000000,1.0000000000
2007-02-05,-0.5202200614,0.0000000000,0.2535857315,0.0000000000,0.1140178942,0.2961654164,0.0000000000,0.0000000000,1.0000000000
2007-05-01,-0.2901459230,0.0000000000,0.2406343152,0.0000000000,0.0072800657,0.5920990791,0.0000000000,0.0000000000,1.0000000000
2007-05-18,-1.0501855741,0.2100033650,0.4506376803,0.0000000000,0.0047293625,0.3846464173,0.0000000000,0.0000000000,1.0000000000
2007-06-04,-0.9719591470,0.0000000000,0.2406343152,0.0000000000,0.0072800657,0.5920990791,0.0000000000,0.0000000000,1.0000000000
2007-06-05,-1.0029668098,0.2100033650,0.4506376803,0.0000000000,0.0047293625,0.3846464173,0.0000000000,0.0000000000,1.0000000000
2007-06-06,-0.9687304246,0.0000000000,0.2406343152,0.0000000000,0.0072800657,0.5920990791,0.0000000000,0.0000000000,1.0000000000
2007-06-11,-1.3068970662,0.2100033650,0.4506376803,0.0000000000,0.0047293625,0.3846464173,0.0000000000,0.0000000000,1.0000000000
2007-07-11,-0.9877250449,0.0000000000,0.2406343152,0.0000000000,0.0072800657,0.5920990791,0.0000000000,0.0000000000,1.0000000000
2007-07-12,-1.0947321833,0.2100033650,0.4506376803,0.0000000000,0.0047293625,0.3846464173,0.0000000000,0.0000000000,1.0000000000
2007-07-23,-0.6046829816,0.0000000000,0.2406343152,0.0000000000,0.0072800657,0.5920990791,0.0000000000,0.0000000000,1.0000000000
2007-08-16,1.2956597856,-0.2100033650,0.0306309502,0.0000000000,0.0098307690,0.7995517409,0.0000000000,0.0000000000,1.0000000000
2007-08-17,0.2656372322,0.0000000000,0.2406343152,0.0000000000,0.0072800657,0.5920990791,0.0000000000,0.0000000000,1.0000000000
2007-09-10,1.7394485214,-0.2100033650,0.0306309502,0.0000000000,0.0098307690,0.7995517409,0.0000000000,0.0000000000,1.0000000000
2007-10-03,0.8431458085,0.0000000000,0.2406343152,0.0000000000,0.0072800657,0.5920990791,0.0000000000,0.0000000000,1.0000000000
2007-10-05,1.2360120769,-0.2100033650,0.0306309502,0.0000000000,0.0098307690,0.7995517409,0.0000000000,0.0000000000,1.0000000000
2007-10-08,0.9506612389,0.0000000000,0.2406343152,0.0000000000,0.0072800657,0.5920990791,0.0000000000,0.0000000000,1.0000000000
2007-10-12,1.4111658037,-0.2100033650,0.0306309502,0.0000000000,0.0098307690,0.7995517409,0.0000000000,0.0000000000,1.0000000000
2007-10-16,1.6183331935,-0.2308007749,0.3516405331,0.0000000000,0.0063904821,0.5651720843,0.0000000000,0.0000000000,1.0000000000
2007-10-17,1.7974690473,-0.2481319498,0.6191485188,0.0000000000,0.0027373098,0.3706419704,0.0000000000,0.0000000000,1.0000000000
2008-01-09,3.6514446805,-0.1818827695,0.4215176569,0.0000000000,0.0007233880,0.3052900332,0.0000000000,0.0000000000,0.7299189784
2008-01-10,3.4313503960,-0.1436509830,0.3131816630,0.0000000000,0.0000000000,0.2614222690,0.0000000000,0.0000000000,0.5746039321
2008-03-07,2.5955669076,-0.0871147471,0.2462711662,0.0000000000,0.0000000000,0.1021878224,0.0000000000,0.0000000000,0.3484589886
2008-04-25,0.9335798487,0.0000000000,0.3333859133,0.0000000000,0.0000000000,0.0150730753,0.0000000000,0.0000000000,0.3484589886
2008-05-26,1.0197090531,-0.0871147471,0.2462711662,0.0000000000,0.0000000000,0.1021878224,0.0000000000,0.0000000000,0.3484589886
2008-05-28,0.8319401170,0.0000000000,0.3333859133,0.0000000000,0.0000000000,0.0150730753,0.0000000000,0.0000000000,0.3484589886
2008-06-06,0.4281299259,0.0000000000,0.0000000000,0.0000000000,0.0000000000,0.0000000000,0.0000000000,0.0000000000,0.0000000000
2009-03-09,2.5404268576,-0.0796561499,0.2205966345,0.0000000000,0.0000000000,0.0980279649,0.0000000000,0.0000000000,1.0000000000
2009-04-06,0.9548153154,0.0000000000,0.3002527843,0.0000000000,0.0000000000,0.0183718151,0.0000000000,0.0000000000,1.0000000000
2009-04-08,1.0184851470,-0.0796561499,0.2205966345,0.0000000000,0.0000000000,0.0980279649,0.0000000000,0.0000000000,1.0000000000
2009-04-09,0.9493691413,0.0000000000,0.3002527843,0.0000000000,0.0000000000,0.0183718151,0.0000000000,0.0000000000,1.0000000000
2009-06-01,0.6981295988,0.0000000000,0.3437890311,0.0000000000,0.0000000000,0.0860179998,0.0000000000,0.0000000000,0.8547931052
2009-06-08,0.4125309407,0.0000000000,0.2248714631,0.0000000000,0.0000000000,0.2218513062,0.0000000000,0.0000000000,0.7489177686
2009-08-24,-0.5341702091,0.0000000000,0.8894245588,0.0000000000,0.0128343477,0.0871218698,0.0000000000,0.0000000000,1.0000000000
2009-11-12,-0.3210591391,0.0000000000,0.5601870629,0.0000000000,0.0270281392,0.3996747482,0.0000000000,0.0000000000,1.0000000000
2010-01-11,-0.6847136710,0.0000000000,0.0000000000,0.0000000000,0.0000000000,0.0000000000,0.0000000000,0.0000000000,0.0000000000
2010-02-05,-0.4641078010,0.0000000000,0.2403795157,0.0000000000,0.0000000000,0.4897530598,0.0000000000,0.0000000000,0.7301325755
2010-03-11,-1.2802753713,0.1825331439,0.4229126596,0.0000000000,0.0000000000,0.3072199159,0.0000000000,0.0000000000,0.7301325755
2010-04-08,-0.9834482815,0.0000000000,0.2403795157,0.0000000000,0.0000000000,0.4897530598,0.0000000000,0.0000000000,0.7301325755
2010-04-09,-1.0689470297,0.1825331439,0.4229126596,0.0000000000,0.0000000000,0.3072199159,0.0000000000,0.0000000000,0.7301325755
2010-04-28,-0.8640202338,0.0000000000,0.2403795157,0.0000000000,0.0000000000,0.4897530598,0.0000000000,0.0000000000,0.7301325755
2010-04-30,-1.1093968576,0.2064254089,0.4428110189,0.0000000000,0.0000000000,0.3828906169,0.0000000000,0.0000000000,0.8257016357
2010-05-03,-0.4830536811,0.0000000000,0.0000000000,0.0000000000,0.0000000000,0.0000000000,0.0000000000,0.0000000000,0.0000000000
2010-07-23,1.0662007913,-0.1472875265,0.3247233533,0.0000000000,0.0000000000,0.2644267526,0.0000000000,0.0000000000,0.5891501060
2010-07-26,0.7917402218,0.0000000000,0.4720108798,0.0000000000,0.0000000000,0.1171392261,0.0000000000,0.0000000000,0.5891501060
2010-08-12,1.1560197606,-0.1472875265,0.3247233533,0.0000000000,0.0000000000,0.2644267526,0.0000000000,0.0000000000,0.5891501060
2010-09-14,0.9209851165,0.0000000000,0.4720108798,0.0000000000,0.0000000000,0.1171392261,0.0000000000,0.0000000000,0.5891501060
2010-09-15,1.2143804516,-0.1472875265,0.3247233533,0.0000000000,0.0000000000,0.2644267526,0.0000000000,0.0000000000,0.5891501060
2010-09-21,0.9246794696,0.0000000000,0.4720108798,0.0000000000,0.0000000000,0.1171392261,0.0000000000,0.0000000000,0.5891501060
2010-09-23,1.1694804637,-0.1472875265,0.3247233533,0.0000000000,0.0000000000,0.2644267526,0.0000000000,0.0000000000,0.5891501060
2010-09-27,0.9690620686,0.0000000000,0.4720108798,0.0000000000,0.0000000000,0.1171392261,0.0000000000,0.0000000000,0.5891501060
2010-09-28,1.0532494908,-0.1472875265,0.3247233533,0.0000000000,0.0000000000,0.2644267526,0.0000000000,0.0000000000,0.5891501060
2010-10-15,1.4173432132,-0.1613478646,0.3318075837,0.0000000000,0.0000000000,0.3135838747,0.0000000000,0.0000000000,0.7934732721
2010-10-20,0.9549240225,0.0000000000,0.4931554483,0.0000000000,0.0000000000,0.1522360101,0.0000000000,0.0000000000,0.7934732721
2010-11-10,1.1053859447,-0.1613478646,0.3318075837,0.0000000000,0.0000000000,0.3135838747,0.0000000000,0.0000000000,0.7934732721
2010-11-11,0.8580259979,0.0000000000,0.4931554483,0.0000000000,0.0000000000,0.1522360101,0.0000000000,0.0000000000,0.7934732721
2010-11-24,1.0399774135,-0.1613478646,0.3318075837,0.0000000000,0.0000000000,0.3135838747,0.0000000000,0.0000000000,0.7934732721
2010-11-25,0.7298171738,0.0000000000,0.4931554483,0.0000000000,0.0000000000,0.1522360101,0.0000000000,0.0000000000,0.7934732721
2010-12-01,1.0800046353,-0.1613478646,0.3318075837,0.0000000000,0.0000000000,0.3135838747,0.0000000000,0.0000000000,0.7934732721
2010-12-02,0.8103946099,0.0000000000,0.4931554483,0.0000000000,0.0000000000,0.1522360101,0.0000000000,0.0000000000,0.7934732721
2011-01-07,-0.4744327469,0.0000000000,0.3418554087,0.0000000000,0.0469937105,0.3245550665,0.0000000000,0.0000000000,0.7501170542
2011-01-27,-1.0671598134,0.1783510464,0.5202064551,0.0000000000,0.0244357640,0.1687619666,0.0000000000,0.0000000000,0.7501170542
2011-01-31,-0.7360129492,0.0000000000,0.3418554087,0.0000000000,0.0469937105,0.3245550665,0.0000000000,0.0000000000,0.7501170542
2011-02-02,-1.0401331171,0.1783510464,0.5202064551,0.0000000000,0.0244357640,0.1687619666,0.0000000000,0.0000000000,0.7501170542
2011-02-04,-0.9989247330,0.0000000000,0.3418554087,0.0000000000,0.0469937105,0.3245550665,0.0000000000,0.0000000000,0.7501170542
2011-02-07,-1.1051200912,0.1783510464,0.5202064551,0.0000000000,0.0244357640,0.1687619666,0.0000000000,0.0000000000,0.7501170542
2011-02-11,-0.9972234593,0.0000000000,0.3418554087,0.0000000000,0.0469937105,0.3245550665,0.0000000000,0.0000000000,0.7501170542
2011-02-14,-1.1458810958,0.1942309296,0.5299483028,0.0000000000,0.0323368063,0.2146386093,0.0000000000,0.0000000000,0.7769237184
2011-02-16,-0.9448966705,0.0000000000,0.3357173732,0.0000000000,0.0577677098,0.3834386354,0.0000000000,0.0000000000,0.7769237184
2011-02-17,-1.0335496527,0.1942309296,0.5299483028,0.0000000000,0.0323368063,0.2146386093,0.0000000000,0.0000000000,0.7769237184
2011-02-18,-0.9468425327,0.0000000000,0.3357173732,0.0000000000,0.0577677098,0.3834386354,0.0000000000,0.0000000000,0.7769237184
2011-02-23,-0.4760435209,0.0000000000,0.3137673424,0.0000000000,0.0549215974,0.4152729296,0.0000000000,0.0000000000,0.7839618694
2011-04-01,0.7285494413,0.0000000000,0.5368733029,0.0000000000,0.0249820672,0.3220658631,0.0000000000,0.0000000000,0.8839212332
2011-04-04,0.4735804467,0.0000000000,0.7462470440,0.0000000000,0.0000000000,0.2521342914,0.0000000000,0.0000000000,0.9983813355
2011-04-15,1.0385830829,-0.2495953339,0.4966517102,0.0000000000,0.0000000000,0.5017296253,0.0000000000,0.0000000000,0.9983813355
2011-07-04,0.7620887937,0.0000000000,0.7462470440,0.0000000000,0.0000000000,0.2521342914,0.0000000000,0.0000000000,0.9983813355
2011-07-07,1.1336697594,-0.2495953339,0.4966517102,0.0000000000,0.0000000000,0.5017296253,0.0000000000,0.0000000000,0.9983813355
2011-07-28,2.1674942260,-0.2233455197,0.4733959669,0.0000000000,0.0000000000,0.4199861118,0.0000000000,0.0000000000,0.8933820787
2011-09-16,2.0534129633,-0.1579659376,0.3289311520,0.0000000000,0.0000000000,0.3029325985,0.0000000000,0.0000000000,0.6318637505
2011-09-19,2.1413015406,-0.1266954339,0.2582628482,0.0000000000,0.0000000000,0.2485188874,0.0000000000,0.0000000000,0.5067817356
2011-12-13,0.9024004376,0.0000000000,0.3849582821,0.0000000000,0.0000000000,0.1218234535,0.0000000000,0.0000000000,0.5067817356
2011-12-15,0.7345151162,0.0000000000,0.3029012314,0.0000000000,0.2459294500,0.0171306450,0.0000000000,0.0000000000,0.5659613263
2012-03-05,-0.0802180557,0.0000000000,0.3463075958,0.0000000000,0.1700247624,0.1443033304,0.0000000000,0.0000000000,0.6606356886
2012-03-07,-0.1064534622,0.0000000000,0.1935174922,0.0000000000,0.1193389273,0.1646517181,0.0000000000,0.0000000000,0.4775081376
2012-03-12,-0.0826918293,0.0000000000,0.0000000000,0.0000000000,0.0000000000,0.0000000000,0.0000000000,0.0000000000,0.0000000000
2012-05-28,-0.9137857209,0.0000000000,0.2531607864,0.0000000000,0.1479511089,0.3186639269,0.0000000000,0.0000000000,0.7197758222
2012-05-30,-1.1597371185,0.1799439555,0.4331047419,0.0000000000,0.0908957084,0.1957753719,0.0000000000,0.0000000000,0.7197758222
2012-05-31,-0.9455768514,0.0000000000,0.2531607864,0.0000000000,0.1479511089,0.3186639269,0.0000000000,0.0000000000,0.7197758222
2012-08-20,-0.4462488111,0.0000000000,0.1816042220,0.0000000000,0.0888599892,0.2333988647,0.0000000000,0.0000000000,0.5038630759
2012-09-05,0.8444287594,0.0000000000,0.2083234935,0.0000000000,0.1019338823,0.3544380389,0.0000000000,0.0000000000,0.6646954146
2012-09-14,1.0946902916,-0.1661738537,0.0421496398,0.0000000000,0.1390499827,0.4834957922,0.0000000000,0.0000000000,0.6646954146
2012-09-17,0.9962779204,0.0000000000,0.2083234935,0.0000000000,0.1019338823,0.3544380389,0.0000000000,0.0000000000,0.6646954146
2012-09-18,1.1412148704,-0.1661738537,0.0421496398,0.0000000000,0.1390499827,0.4834957922,0.0000000000,0.0000000000,0.6646954146
2012-10-16,0.8600868853,0.0000000000,0.2083234935,0.0000000000,0.1019338823,0.3544380389,0.0000000000,0.0000000000,0.6646954146
2012-10-30,1.0011574932,-0.1661738537,0.0421496398,0.0000000000,0.1390499827,0.4834957922,0.0000000000,0.0000000000,0.6646954146
2012-10-31,0.9918239869,0.0000000000,0.2083234935,0.0000000000,0.1019338823,0.3544380389,0.0000000000,0.0000000000,0.6646954146
2012-11-01,1.0598850979,-0.1661738537,0.0421496398,0.0000000000,0.1390499827,0.4834957922,0.0000000000,0.0000000000,0.6646954146
2012-11-02,0.6816221507,0.0000000000,0.2083234935,0.0000000000,0.1019338823,0.3544380389,0.0000000000,0.0000000000,0.6646954146
2012-11-09,1.4248428183,-0.1661738537,0.0421496398,0.0000000000,0.1390499827,0.4834957922,0.0000000000,0.0000000000,0.6646954146
2012-11-12,1.5789776025,-0.1956066499,0.0496152051,0.0000000000,0.1636785853,0.5691328092,0.0000000000,0.0000000000,0.7824265996
2012-11-13,1.4831225699,-0.1346998450,0.2459190863,0.0000000000,0.0000000000,0.2928802938,0.0000000000,0.0000000000,0.5387993801
2012-12-06,0.9387794008,0.0000000000,0.3806189313,0.0000000000,0.0000000000,0.1581804488,0.0000000000,0.0000000000,0.5387993801
2012-12-07,1.0060855756,-0.1346998450,0.2459190863,0.0000000000,0.0000000000,0.2928802938,0.0000000000,0.0000000000,0.5387993801
2012-12-10,0.8878227815,0.0000000000,0.3806189313,0.0000000000,0.0000000000,0.1581804488,0.0000000000,0.0000000000,0.5387993801
2013-01-03,-0.7743847087,0.0000000000,0.3989866190,0.2650249798,0.1562064839,0.1797819173,0.0000000000,0.0000000000,1.0000000000
2013-01-07,-1.2736608018,0.1837437551,0.5827303741,0.2650249798,0.0707810174,0.0814636288,0.0000000000,0.0000000000,1.0000000000
2013-01-11,-0.9579327456,0.0000000000,0.3989866190,0.2650249798,0.1562064839,0.1797819173,0.0000000000,0.0000000000,1.0000000000
2013-01-15,-1.2128119311,0.1837437551,0.5827303741,0.2650249798,0.0707810174,0.0814636288,0.0000000000,0.0000000000,1.0000000000
2013-01-18,-0.8900835203,0.0000000000,0.3989866190,0.2650249798,0.1562064839,0.1797819173,0.0000000000,0.0000000000,1.0000000000
2013-01-21,-1.0773998374,0.1837437551,0.5827303741,0.2650249798,0.0707810174,0.0814636288,0.0000000000,0.0000000000,1.0000000000
2013-02-05,-1.6236616524,0.1645336979,0.4088946026,0.3418652085,0.1670445291,0.0821956599,0.0000000000,0.0000000000,1.0000000000
2013-03-11,-2.0496544455,0.1448748187,0.1902975066,0.4205007253,0.2355933514,0.1536084168,0.0000000000,0.0000000000,1.0000000000
2013-03-28,-1.5881287488,0.1477598756,0.1923510855,0.4089604977,0.1868356870,0.2118527298,0.0000000000,0.0000000000,1.0000000000
2013-04-30,-2.0771444901,0.1456732994,0.1733059096,0.4173068023,0.2502695141,0.1591177740,0.0000000000,0.0000000000,1.0000000000
2013-06-25,-1.7882812321,0.1818804579,0.2300648558,0.2724781683,0.3049994133,0.1924575625,0.0000000000,0.0000000000,1.0000000000
2013-07-22,-1.6315962558,0.2364607065,0.2991046920,0.0541571741,0.3965262545,0.2502118794,0.0000000000,0.0000000000,1.0000000000
2013-07-29,-1.4720139629,0.1908937749,0.2102834325,0.2364249005,0.1968065238,0.3564851433,0.0000000000,0.0000000000,1.0000000000
2013-07-31,-1.3906992943,0.2299213012,0.2502289546,0.0803147951,0.2063651180,0.4630911322,0.0000000000,0.0000000000,1.0000000000
2013-08-02,-1.5536491939,0.1879674941,0.2057798008,0.2481300236,0.0000000000,0.5460901755,0.0000000000,0.0000000000,1.0000000000
2013-08-23,-1.0968132896,0.2339129611,0.2535999876,0.0643481554,0.0000000000,0.6820518570,0.0000000000,0.0000000000,1.0000000000
2013-08-26,-0.9745283503,0.0000000000,0.0196870264,0.0643481554,0.0000000000,0.9159648182,0.0000000000,0.0000000000,1.0000000000
2013-08-27,-1.0364592727,0.2339129611,0.2535999876,0.0643481554,0.0000000000,0.6820518570,0.0000000000,0.0000000000,1.0000000000
2013-08-28,-0.8450521279,0.0000000000,0.0196870264,0.0643481554,0.0000000000,0.9159648182,0.0000000000,0.0000000000,1.0000000000
2013-09-04,-0.9019551247,0.0000000000,0.0174598041,0.3441134670,0.0000000000,0.6384267288,0.0000000000,0.0000000000,1.0000000000
2013-09-05,-1.0337407868,0.1639716332,0.1814314374,0.3441134670,0.0000000000,0.4744550956,0.0000000000,0.0000000000,1.0000000000
2014-01-27,-0.9934258092,0.0000000000,0.0174598041,0.3441134670,0.0000000000,0.6384267288,0.0000000000,0.0000000000,1.0000000000
2014-01-29,-1.0207426685,0.1639716332,0.1814314374,0.3441134670,0.0000000000,0.4744550956,0.0000000000,0.0000000000,1.0000000000
2014-01-30,-0.9150738490,0.0000000000,0.0174598041,0.3441134670,0.0000000000,0.6384267288,0.0000000000,0.0000000000,1.0000000000
2014-01-31,-1.0613940501,0.1639716332,0.1814314374,0.3441134670,0.0000000000,0.4744550956,0.0000000000,0.0000000000,1.0000000000
2014-02-04,-0.7783197542,0.0000000000,0.0174598041,0.3441134670,0.0000000000,0.6384267288,0.0000000000,0.0000000000,1.0000000000
2014-03-07,-0.2588351233,0.0000000000,0.1140286139,0.2431783105,0.0000000000,0.6427930756,0.0000000000,0.0000000000,1.0000000000
2014-04-02,-0.6891295449,0.0000000000,0.1886270825,0.2683486839,0.0112209217,0.5318033119,0.0000000000,0.0000000000,1.0000000000
2014-06-02,-1.0014170661,0.1829128290,0.3715399115,0.2683486839,0.0074412551,0.3526701494,0.0000000000,0.0000000000,1.0000000000
2014-06-03,-0.9994607607,0.0000000000,0.1886270825,0.2683486839,0.0112209217,0.5318033119,0.0000000000,0.0000000000,1.0000000000
2014-06-06,-0.9288986411,0.0000000000,0.0000000000,1.0000000000,0.0000000000,0.0000000000,0.0000000000,0.0000000000,1.0000000000
2014-06-25,-0.0305513130,0.0000000000,0.0545088985,0.1611086878,0.4635162050,0.3208662087,0.0000000000,0.0000000000,1.0000000000
2014-07-25,-1.1418965921,0.2097228281,0.2642317266,0.1611086878,0.3395843987,0.2350751870,0.0000000000,0.0000000000,1.0000000000
2014-08-08,-0.8493453787,0.0000000000,0.0545088985,0.1611086878,0.4635162050,0.3208662087,0.0000000000,0.0000000000,1.0000000000
2014-08-12,-1.2142757092,0.2097228281,0.2642317266,0.1611086878,0.3395843987,0.2350751870,0.0000000000,0.0000000000,1.0000000000
2014-09-17,-2.6070203516,0.2500000000,0.3149773072,0.0000000000,0.4048014251,0.2802212677,0.0000000000,0.0000000000,1.0000000000
2014-09-19,-2.8610942196,0.2461929219,0.2987155586,0.0152283125,0.1376397190,0.2188218683,0.3159339720,0.0136605697,1.0000000000
2014-09-22,-3.0173781988,0.2447700264,0.2975731712,0.0209198942,0.0074123339,0.2199407534,0.4353307191,0.0188231282,1.0000000000
2014-12-10,-2.3878668743,0.0625897517,0.0625897517,0.7496409932,0.0000000000,0.0000000000,0.1799868598,0.0077823953,1.0000000000
2014-12-31,-2.4663264601,0.0000000000,0.0000000000,1.0000000000,0.0000000000,0.0000000000,0.0000000000,0.0000000000,1.0000000000
2015-03-05,-1.6991376125,0.1939468485,0.2245766207,0.2242126060,0.0287737257,0.3494435555,0.0827122538,0.0902812383,1.0000000000
2015-05-05,-1.9736486619,0.2488491671,0.2830234485,0.0046033314,0.0321636910,0.4868348756,0.0924569660,0.1009176874,1.0000000000
2015-05-28,-1.9620449493,0.2003841550,0.2423598582,0.1984633801,0.0038393099,0.4899062672,0.0335374070,0.0318937776,1.0000000000
2015-07-06,-0.8691241343,0.0000000000,0.0419757033,0.1984633801,0.0052151483,0.6654669487,0.0455557265,0.0433230932,1.0000000000
2015-07-13,-1.0321588115,0.2003841550,0.2423598582,0.1984633801,0.0038393099,0.4899062672,0.0335374070,0.0318937776,1.0000000000
2015-07-22,-1.4072658853,0.1746294955,0.2049017470,0.3014820180,0.0027456306,0.4503243986,0.0207676493,0.0197785565,1.0000000000
2015-07-27,-1.4306624910,0.1558573741,0.2003506301,0.3765705035,0.0040397404,0.3501921165,0.0352882222,0.0335587873,1.0000000000
2015-08-13,-0.9085928295,0.0000000000,0.0444932560,0.3765705035,0.0055279342,0.4791988527,0.0482879962,0.0459214575,1.0000000000
2015-08-17,-1.0020332833,0.1558573741,0.2003506301,0.3765705035,0.0040397404,0.3501921165,0.0352882222,0.0335587873,1.0000000000
2015-08-19,-0.7933098969,0.0000000000,0.0444932560,0.3765705035,0.0055279342,0.4791988527,0.0482879962,0.0459214575,1.0000000000
2015-08-20,-0.7456777732,0.0000000000,0.0476466013,0.3352117466,0.0288694651,0.5882721870,0.0000000000,0.0000000000,1.0000000000
2015-09-04,-0.0186547556,0.0000000000,0.0381999596,0.4670158263,0.0231456677,0.4716385464,0.0000000000,0.0000000000,1.0000000000
2015-09-10,-0.1741929587,0.0000000000,0.0000000000,1.0000000000,0.0000000000,0.0000000000,0.0000000000,0.0000000000,1.0000000000
2015-10-19,0.2592628121,0.0000000000,0.0768879828,0.3796172925,0.1841281163,0.3593666084,0.0000000000,0.0000000000,1.0000000000
2015-10-29,0.1320526455,0.0000000000,0.0422229314,0.5016097367,0.1184340305,0.3377333014,0.0000000000,0.0000000000,1.0000000000
2015-11-10,-0.9773330348,0.0000000000,0.0726973419,0.5039976911,0.0225824743,0.4007224928,0.0000000000,0.0000000000,1.0000000000
2015-11-12,-0.9607554992,0.0000000000,0.0000000000,1.0000000000,0.0000000000,0.0000000000,0.0000000000,0.0000000000,1.0000000000
2016-02-09,3.0072091295,-0.1488272904,0.1735411634,0.4046908385,0.0000000000,0.4217679981,0.0000000000,0.0000000000,1.0000000000
2016-03-08,2.0642764938,-0.0970598489,0.2756318556,0.6117606044,0.0000000000,0.1126075400,0.0000000000,0.0000000000,1.0000000000
2016-04-15,0.9601792379,0.0000000000,0.3726917045,0.6117606044,0.0000000000,0.0155476911,0.0000000000,0.0000000000,1.0000000000
2016-04-18,1.0199511860,-0.0970598489,0.2756318556,0.6117606044,0.0000000000,0.1126075400,0.0000000000,0.0000000000,1.0000000000
2016-04-29,1.3590350266,-0.0831423299,0.0878111850,0.6674306806,0.2264706633,0.0182874711,0.0000000000,0.0000000000,1.0000000000
2016-05-27,0.9676920478,0.0000000000,0.1709535149,0.6674306806,0.1495404373,0.0120753672,0.0000000000,0.0000000000,1.0000000000
2016-06-07,0.8877759901,0.0000000000,0.2376739958,0.3865403347,0.2079037293,0.1678819402,0.0000000000,0.0000000000,1.0000000000
2016-06-10,1.0493893480,-0.1533649163,0.0843090795,0.3865403347,0.2927529948,0.2363975911,0.0000000000,0.0000000000,1.0000000000
2016-06-24,0.9694565561,0.0000000000,0.2376739958,0.3865403347,0.2079037293,0.1678819402,0.0000000000,0.0000000000,1.0000000000
2016-06-27,1.5176022539,-0.1533649163,0.0843090795,0.3865403347,0.2927529948,0.2363975911,0.0000000000,0.0000000000,1.0000000000
2016-07-19,0.9596249458,0.0000000000,0.2376739958,0.3865403347,0.2079037293,0.1678819402,0.0000000000,0.0000000000,1.0000000000
2016-07-25,0.9074743436,0.0000000000,0.5121847031,0.2908532386,0.0200207563,0.1641536501,0.0061980642,0.0065895877,1.0000000000
2016-08-01,1.0088144245,-0.1772866904,0.3348980127,0.2908532386,0.0380415551,0.3119093020,0.0117769778,0.0125209138,1.0000000000
2016-08-08,0.9099461742,0.0000000000,0.5121847031,0.2908532386,0.0200207563,0.1641536501,0.0061980642,0.0065895877,1.0000000000
2016-10-14,0.0607198338,0.0000000000,0.2256898801,0.1702823411,0.0000000000,0.5741635961,0.0135939105,0.0162702722,1.0000000000
2016-11-17,-0.6623183669,0.0000000000,0.0000000000,1.0000000000,0.0000000000,0.0000000000,0.0000000000,0.0000000000,1.0000000000
2016-11-30,-1.5243925059,0.1979041414,0.3441508020,0.2083834343,0.0000000000,0.4268600350,0.0095300177,0.0110757110,1.0000000000
2016-12-06,-1.5933235167,0.1486481940,0.2337128689,0.4054072242,0.0000000000,0.3482439257,0.0058340081,0.0068019732,1.0000000000
2017-01-06,-1.9039271527,0.1667569052,0.3166771903,0.3329723792,0.0134943625,0.3287164050,0.0047493744,0.0033902887,1.0000000000
2017-03-22,-0.9932248912,0.0000000000,0.1499202851,0.3329723792,0.0199172977,0.4851761254,0.0070099424,0.0050039703,1.0000000000
2017-03-24,-1.0101726436,0.1667569052,0.3166771903,0.3329723792,0.0134943625,0.3287164050,0.0047493744,0.0033902887,1.0000000000
2017-03-28,-0.9708908556,0.0000000000,0.1499202851,0.3329723792,0.0199172977,0.4851761254,0.0070099424,0.0050039703,1.0000000000
2017-03-29,-1.0264009010,0.1667569052,0.3166771903,0.3329723792,0.0134943625,0.3287164050,0.0047493744,0.0033902887,1.0000000000
2017-03-30,-0.9754116355,0.0000000000,0.1499202851,0.3329723792,0.0199172977,0.4851761254,0.0070099424,0.0050039703,1.0000000000
2017-03-31,-1.0711272523,0.2500000000,0.4311818728,0.0000000000,0.0167213270,0.5420106647,0.0058851125,0.0042010229,1.0000000000
2017-04-03,-0.9911953390,0.0000000000,0.1811818728,0.0000000000,0.0240704805,0.7802285760,0.0084716654,0.0060474052,1.0000000000
2017-04-07,-1.0197229352,0.2500000000,0.4311818728,0.0000000000,0.0167213270,0.5420106647,0.0058851125,0.0042010229,1.0000000000
2017-04-10,-0.9898948758,0.0000000000,0.1811818728,0.0000000000,0.0240704805,0.7802285760,0.0084716654,0.0060474052,1.0000000000
2017-05-05,-1.0931708456,0.2500000000,0.4311818728,0.0000000000,0.0167213270,0.5420106647,0.0058851125,0.0042010229,1.0000000000
2017-05-18,-0.6011058565,0.0000000000,0.1811818728,0.0000000000,0.0240704805,0.7802285760,0.0084716654,0.0060474052,1.0000000000
2017-05-26,-0.9335918306,0.0000000000,0.3464101435,0.0000000000,0.0368896968,0.5883690190,0.0147750419,0.0135560989,1.0000000000
2017-06-20,-1.2071146401,0.2500000000,0.5964101435,0.0000000000,0.0227792817,0.3633161769,0.0091235459,0.0083708521,1.0000000000
2017-08-11,-0.8692454095,0.0000000000,0.3464101435,0.0000000000,0.0368896968,0.5883690190,0.0147750419,0.0135560989,1.0000000000
2017-08-16,-1.0956707404,0.2500000000,0.5964101435,0.0000000000,0.0227792817,0.3633161769,0.0091235459,0.0083708521,1.0000000000
2017-08-17,-0.9270910245,0.0000000000,0.3464101435,0.0000000000,0.0368896968,0.5883690190,0.0147750419,0.0135560989,1.0000000000
2017-09-15,-0.8307296697,0.0000000000,0.2142275103,0.1082012377,0.0000000000,0.4226296016,0.0300376893,0.2249039611,1.0000000000
2017-09-19,-1.2094260939,0.2229496906,0.4371772009,0.1082012377,0.0000000000,0.2835665309,0.0201540150,0.1509010154,1.0000000000
2017-09-26,-0.8738929907,0.0000000000,0.2142275103,0.1082012377,0.0000000000,0.4226296016,0.0300376893,0.2249039611,1.0000000000
2017-09-27,-1.1640123264,0.2229496906,0.4371772009,0.1082012377,0.0000000000,0.2835665309,0.0201540150,0.1509010154,1.0000000000
2017-11-17,-2.2964746695,0.1308764953,0.2876954808,0.4764940189,0.0000000000,0.2358105003,0.0000000000,0.0000000000,1.0000000000
2017-12-12,-2.5481691367,0.1166120643,0.1941250477,0.5335517427,0.0725374906,0.1698549471,0.0000000000,0.0299307720,1.0000000000
2018-02-09,-0.6232698178,0.0000000000,0.0775129833,0.5335517427,0.1035989141,0.2425888724,0.0000000000,0.0427474875,1.0000000000
2018-02-26,-1.1658546073,0.1166120643,0.1941250477,0.5335517427,0.0725374906,0.1698549471,0.0000000000,0.0299307720,1.0000000000
2018-03-02,-0.9971855127,0.0000000000,0.0775129833,0.5335517427,0.1035989141,0.2425888724,0.0000000000,0.0427474875,1.0000000000
2018-03-06,-1.0658896650,0.1166120643,0.1941250477,0.5335517427,0.0725374906,0.1698549471,0.0000000000,0.0299307720,1.0000000000
2018-03-09,-1.2461954471,0.1205654838,0.1553614810,0.5177380650,0.0000000000,0.3269004540,0.0000000000,0.0000000000,1.0000000000
2018-03-22,-0.9337871293,0.0000000000,0.0347959973,0.5177380650,0.0000000000,0.4474659378,0.0000000000,0.0000000000,1.0000000000
2018-05-16,-1.1828698555,0.1205654838,0.1553614810,0.5177380650,0.0000000000,0.3269004540,0.0000000000,0.0000000000,1.0000000000
2018-05-25,-0.7656222079,0.0000000000,0.0347959973,0.5177380650,0.0000000000,0.4474659378,0.0000000000,0.0000000000,1.0000000000
2018-06-07,-1.1307766758,0.1205654838,0.1553614810,0.5177380650,0.0000000000,0.3269004540,0.0000000000,0.0000000000,1.0000000000
2018-06-11,-0.7981799317,0.0000000000,0.0347959973,0.5177380650,0.0000000000,0.4474659378,0.0000000000,0.0000000000,1.0000000000
2018-06-13,-1.0794447538,0.1205654838,0.1553614810,0.5177380650,0.0000000000,0.3269004540,0.0000000000,0.0000000000,1.0000000000
2018-06-14,-0.8341176945,0.0000000000,0.0347959973,0.5177380650,0.0000000000,0.4474659378,0.0000000000,0.0000000000,1.0000000000
2018-06-18,-1.1070881666,0.1205654838,0.1553614810,0.5177380650,0.0000000000,0.3269004540,0.0000000000,0.0000000000,1.0000000000
2018-06-20,-0.5611120308,0.0000000000,0.0347959973,0.5177380650,0.0000000000,0.4474659378,0.0000000000,0.0000000000,1.0000000000
2018-07-24,-1.0641237171,0.1205654838,0.1553614810,0.5177380650,0.0000000000,0.3269004540,0.0000000000,0.0000000000,1.0000000000
2018-07-30,-1.0852041399,0.1822393112,0.2904254260,0.2710427552,0.1585342990,0.2799975198,0.0000000000,0.0000000000,1.0000000000
2018-07-31,-0.9267182380,0.0000000000,0.1081861148,0.2710427552,0.2244159072,0.3963552228,0.0000000000,0.0000000000,1.0000000000
2018-08-01,-0.7261081230,0.0000000000,0.1194736980,0.0742351685,0.2478303094,0.5584608240,0.0000000000,0.0000000000,1.0000000000
2018-08-14,-1.0346674681,0.2314412079,0.3509149058,0.0742351685,0.1766920521,0.3981578735,0.0000000000,0.0000000000,1.0000000000
2018-08-16,-0.9202923928,0.0000000000,0.1194736980,0.0742351685,0.2478303094,0.5584608240,0.0000000000,0.0000000000,1.0000000000
2018-08-17,-1.1351013702,0.2314412079,0.3509149058,0.0742351685,0.1766920521,0.3981578735,0.0000000000,0.0000000000,1.0000000000
2018-08-20,-0.6580710228,0.0000000000,0.1194736980,0.0742351685,0.2478303094,0.5584608240,0.0000000000,0.0000000000,1.0000000000
2018-08-24,-1.1332433448,0.2314412079,0.3509149058,0.0742351685,0.1766920521,0.3981578735,0.0000000000,0.0000000000,1.0000000000
2018-08-27,-0.9375923654,0.0000000000,0.1194736980,0.0742351685,0.2478303094,0.5584608240,0.0000000000,0.0000000000,1.0000000000
2018-08-28,-1.2602545182,0.2314412079,0.3509149058,0.0742351685,0.1766920521,0.3981578735,0.0000000000,0.0000000000,1.0000000000
2018-09-07,-0.6186034569,0.0000000000,0.1194736980,0.0742351685,0.2478303094,0.5584608240,0.0000000000,0.0000000000,1.0000000000
2018-09-24,-1.7704698671,0.2314412079,0.3509149058,0.0742351685,0.1766920521,0.3981578735,0.0000000000,0.0000000000,1.0000000000
2018-10-08,-1.2186693829,0.2007760193,0.3031221328,0.1968959227,0.0874492847,0.4125326597,0.0000000000,0.0000000000,1.0000000000
2018-10-09,-0.6018014143,0.0000000000,0.1023461135,0.1968959227,0.1225659914,0.5781919724,0.0000000000,0.0000000000,1.0000000000
2018-10-12,2.7663744444,-0.1220960322,0.0000000000,0.4646826673,0.0463013795,0.4890159532,0.0000000000,0.0000000000,1.0000000000
2018-11-07,1.5632851327,-0.0914735173,0.1272987224,0.6341059310,0.0206983440,0.2178970026,0.0000000000,0.0000000000,1.0000000000
2019-02-01,1.6044764412,-0.1405434174,0.1955866355,0.4378263304,0.0318017290,0.3347853052,0.0000000000,0.0000000000,1.0000000000
2019-02-14,0.7394614223,0.0000000000,0.3361300529,0.4378263304,0.0196094710,0.2064341457,0.0000000000,0.0000000000,1.0000000000
2019-02-18,1.0349212826,-0.1405434174,0.1955866355,0.4378263304,0.0318017290,0.3347853052,0.0000000000,0.0000000000,1.0000000000
2019-02-19,0.8321003031,0.0000000000,0.3361300529,0.4378263304,0.0196094710,0.2064341457,0.0000000000,0.0000000000,1.0000000000
2019-04-02,-1.3157520293,0.1405434174,0.4766734703,0.4378263304,0.0074172131,0.0780829862,0.0000000000,0.0000000000,1.0000000000
2019-04-26,-1.3849022408,0.0898450561,0.3085982361,0.6406197757,0.0120030154,0.0387789728,0.0000000000,0.0000000000,1.0000000000
2019-05-07,-0.7679291832,0.0000000000,0.2187531800,0.6406197757,0.0332391196,0.1073879247,0.0000000000,0.0000000000,1.0000000000
2019-06-13,0.1900582692,0.0000000000,0.4717837781,0.3974105243,0.0220165423,0.1087891553,0.0000000000,0.0000000000,1.0000000000
2019-07-19,0.7737102406,0.0000000000,0.6041040078,0.2284034886,0.0281914768,0.1393010268,0.0000000000,0.0000000000,1.0000000000
2019-08-05,1.0139848766,-0.1928991278,0.4112048799,0.2284034886,0.0606592660,0.2997323655,0.0000000000,0.0000000000,1.0000000000
2019-09-09,0.9427087792,0.0000000000,0.6041040078,0.2284034886,0.0281914768,0.1393010268,0.0000000000,0.0000000000,1.0000000000
2019-09-24,1.0816296286,-0.1928991278,0.4112048799,0.2284034886,0.0606592660,0.2997323655,0.0000000000,0.0000000000,1.0000000000
2019-09-26,0.9756122219,0.0000000000,0.6041040078,0.2284034886,0.0281914768,0.1393010268,0.0000000000,0.0000000000,1.0000000000
2019-09-27,1.0539482496,-0.1928991278,0.4112048799,0.2284034886,0.0606592660,0.2997323655,0.0000000000,0.0000000000,1.0000000000
2019-10-01,0.7985769389,0.0000000000,0.6041040078,0.2284034886,0.0281914768,0.1393010268,0.0000000000,0.0000000000,1.0000000000
2019-10-03,1.2616079278,-0.1928991278,0.4112048799,0.2284034886,0.0606592660,0.2997323655,0.0000000000,0.0000000000,1.0000000000
2019-10-11,0.8509388721,0.0000000000,0.4732482596,0.3573090662,0.0608626048,0.1085800694,0.0000000000,0.0000000000,1.0000000000
2020-01-06,0.0329189140,0.0000000000,0.4705203405,0.4012629317,0.0029547897,0.1213458962,0.0016708623,0.0022451795,1.0000000000
2020-02-04,1.2726682857,-0.1496842671,0.3208360735,0.4012629317,0.0064043047,0.2630089371,0.0036214799,0.0048662731,1.0000000000
2020-02-05,0.6471704687,0.0000000000,0.4705203405,0.4012629317,0.0029547897,0.1213458962,0.0016708623,0.0022451795,1.0000000000
2020-02-25,1.1376414148,-0.1496842671,0.3208360735,0.4012629317,0.0064043047,0.2630089371,0.0036214799,0.0048662731,1.0000000000
2020-03-03,0.7046281079,0.0000000000,0.4705203405,0.4012629317,0.0029547897,0.1213458962,0.0016708623,0.0022451795,1.0000000000
2020-03-04,1.3924173995,-0.1496842671,0.3208360735,0.4012629317,0.0064043047,0.2630089371,0.0036214799,0.0048662731,1.0000000000
2020-03-05,0.9391138720,0.0000000000,0.4705203405,0.4012629317,0.0029547897,0.1213458962,0.0016708623,0.0022451795,1.0000000000
2020-03-06,1.3551888024,-0.1496842671,0.3208360735,0.4012629317,0.0064043047,0.2630089371,0.0036214799,0.0048662731,1.0000000000
2020-03-30,2.9180192015,-0.1242213801,0.2325921278,0.5031144796,0.0000000000,0.2642933927,0.0000000000,0.0000000000,1.0000000000
2020-04-08,2.3862154423,-0.1670354768,0.2328276531,0.3318580928,0.0000000000,0.4353142541,0.0000000000,0.0000000000,1.0000000000
2020-04-22,2.1290075767,-0.1450988912,0.2687138919,0.4196044351,0.0000000000,0.3116816729,0.0000000000,0.0000000000,1.0000000000
2020-06-03,0.7954716311,0.0000000000,0.4138127832,0.4196044351,0.0000000000,0.1665827817,0.0000000000,0.0000000000,1.0000000000
2020-06-22,0.5912138299,0.0000000000,0.2206937165,0.6709657317,0.0000000000,0.1083405517,0.0000000000,0.0000000000,1.0000000000
2020-07-21,-0.5063616148,0.0000000000,0.2170941801,0.3190749079,0.0000000000,0.1776225110,0.0000000000,0.2862084011,1.0000000000
2020-09-14,0.2086217802,0.0000000000,0.2254399610,0.2725620909,0.2389307540,0.2285716130,0.0000000000,0.0344955810,1.0000000000
2020-10-14,-1.0293919998,0.1818594773,0.4072994383,0.2725620909,0.1523729858,0.1457666649,0.0000000000,0.0219988201,1.0000000000
2020-10-15,-0.8975080082,0.0000000000,0.2254399610,0.2725620909,0.2389307540,0.2285716130,0.0000000000,0.0344955810,1.0000000000
2020-11-05,-0.8580734177,0.0000000000,0.0000000000,1.0000000000,0.0000000000,0.0000000000,0.0000000000,0.0000000000,1.0000000000
2020-11-20,-1.6146299322,0.2500000000,0.5753372639,0.0000000000,0.2170363080,0.2076264281,0.0000000000,0.0000000000,1.0000000000
2020-12-07,-2.0944748465,0.1530700492,0.2955591959,0.3877198033,0.1748728601,0.0785965951,0.0000000000,0.0632515456,1.0000000000
2021-01-14,-2.4633718028,0.0000000000,0.0000000000,1.0000000000,0.0000000000,0.0000000000,0.0000000000,0.0000000000,1.0000000000
2021-03-03,-1.9754911383,0.0944729525,0.2294400804,0.6221081901,0.0188430078,0.1296087217,0.0000000000,0.0000000000,1.0000000000
2021-04-14,-1.4572681828,0.0715592163,0.0967718723,0.7137631346,0.0181174673,0.1713475257,0.0000000000,0.0000000000,1.0000000000
2021-05-11,-0.9018525276,0.0000000000,0.0252126560,0.7137631346,0.0249602711,0.2360639383,0.0000000000,0.0000000000,1.0000000000
2021-05-25,-0.8034814441,0.0000000000,0.0508652603,0.5853397880,0.1418061440,0.2219888076,0.0000000000,0.0000000000,1.0000000000
2021-06-17,-1.0888087758,0.1036650530,0.1545303133,0.5853397880,0.1013978278,0.1587320708,0.0000000000,0.0000000000,1.0000000000
2021-07-15,-0.9556275164,0.0000000000,0.0508652603,0.5853397880,0.1418061440,0.2219888076,0.0000000000,0.0000000000,1.0000000000
2021-07-22,-1.1112906218,0.1036650530,0.1545303133,0.5853397880,0.1013978278,0.1587320708,0.0000000000,0.0000000000,1.0000000000
2021-07-28,-0.8019102153,0.0000000000,0.0508652603,0.5853397880,0.1418061440,0.2219888076,0.0000000000,0.0000000000,1.0000000000
2021-08-09,-1.1646937094,0.1036650530,0.1545303133,0.5853397880,0.1013978278,0.1587320708,0.0000000000,0.0000000000,1.0000000000
2021-08-17,-1.0709670223,0.1672614324,0.2014825820,0.3309542703,0.1922976353,0.2752655123,0.0000000000,0.0000000000,1.0000000000
2021-08-18,-0.9123734899,0.0000000000,0.0400359659,0.0998614543,0.3054521035,0.5546504763,0.0000000000,0.0000000000,1.0000000000
2021-08-26,-1.0534251805,0.2250346364,0.2650706023,0.0998614543,0.2255345394,0.4095334040,0.0000000000,0.0000000000,1.0000000000
2021-08-27,-0.9163101259,0.0000000000,0.0400359659,0.0998614543,0.3054521035,0.5546504763,0.0000000000,0.0000000000,1.0000000000
2021-09-02,-1.0076302157,0.2250346364,0.2650706023,0.0998614543,0.2255345394,0.4095334040,0.0000000000,0.0000000000,1.0000000000
2021-09-06,-0.9294585216,0.0000000000,0.0400359659,0.0998614543,0.3054521035,0.5546504763,0.0000000000,0.0000000000,1.0000000000
2021-09-07,-1.0391731921,0.2250346364,0.2650706023,0.0998614543,0.2255345394,0.4095334040,0.0000000000,0.0000000000,1.0000000000
2021-10-05,-0.8475320491,0.0000000000,0.0400359659,0.0998614543,0.3054521035,0.5546504763,0.0000000000,0.0000000000,1.0000000000
2021-10-08,-1.1157119173,0.2250346364,0.2650706023,0.0998614543,0.2255345394,0.4095334040,0.0000000000,0.0000000000,1.0000000000
2021-10-14,-0.8482732066,0.0000000000,0.0400359659,0.0998614543,0.3054521035,0.5546504763,0.0000000000,0.0000000000,1.0000000000
2021-10-18,-1.2088749756,0.2250346364,0.2650706023,0.0998614543,0.2255345394,0.4095334040,0.0000000000,0.0000000000,1.0000000000
2021-11-09,-1.0099981322,0.0000000000,0.0000000000,1.0000000000,0.0000000000,0.0000000000,0.0000000000,0.0000000000,1.0000000000
2022-07-20,0.3737427120,0.0000000000,0.3018846526,0.6935878347,0.0000000000,0.0045275127,0.0000000000,0.0000000000,1.0000000000
2022-09-30,1.0680703984,-0.0766030413,0.2252816113,0.6935878347,0.0000000000,0.0811305540,0.0000000000,0.0000000000,1.0000000000
2022-10-18,0.8597116259,0.0000000000,0.3018846526,0.6935878347,0.0000000000,0.0045275127,0.0000000000,0.0000000000,1.0000000000
2022-10-28,1.0486378901,-0.0766030413,0.2252816113,0.6935878347,0.0000000000,0.0811305540,0.0000000000,0.0000000000,1.0000000000
2022-10-31,0.9163796550,0.0000000000,0.3018846526,0.6935878347,0.0000000000,0.0045275127,0.0000000000,0.0000000000,1.0000000000
2022-11-07,1.1404308986,-0.0766030413,0.2252816113,0.6935878347,0.0000000000,0.0811305540,0.0000000000,0.0000000000,1.0000000000
2022-11-08,0.9487254383,0.0000000000,0.3018846526,0.6935878347,0.0000000000,0.0045275127,0.0000000000,0.0000000000,1.0000000000
2022-11-09,1.2186080290,-0.0766030413,0.2252816113,0.6935878347,0.0000000000,0.0811305540,0.0000000000,0.0000000000,1.0000000000
2022-11-16,0.9717525735,0.0000000000,0.3018846526,0.6935878347,0.0000000000,0.0045275127,0.0000000000,0.0000000000,1.0000000000
2022-11-17,1.0769061560,-0.0766030413,0.2252816113,0.6935878347,0.0000000000,0.0811305540,0.0000000000,0.0000000000,1.0000000000
2022-11-21,0.9790119739,0.0000000000,0.3018846526,0.6935878347,0.0000000000,0.0045275127,0.0000000000,0.0000000000,1.0000000000
2022-11-22,1.0028854846,-0.0766030413,0.2252816113,0.6935878347,0.0000000000,0.0811305540,0.0000000000,0.0000000000,1.0000000000
2022-11-23,0.8984519125,0.0000000000,0.3018846526,0.6935878347,0.0000000000,0.0045275127,0.0000000000,0.0000000000,1.0000000000
2022-11-29,1.0439875303,-0.0766030413,0.2252816113,0.6935878347,0.0000000000,0.0811305540,0.0000000000,0.0000000000,1.0000000000
2022-11-30,0.9950768279,0.0000000000,0.3018846526,0.6935878347,0.0000000000,0.0045275127,0.0000000000,0.0000000000,1.0000000000
2022-12-19,1.1840770481,-0.0766030413,0.2252816113,0.6935878347,0.0000000000,0.0811305540,0.0000000000,0.0000000000,1.0000000000
2023-01-04,1.7568053498,-0.0903651131,0.2657544392,0.6385395475,0.0000000000,0.0957060133,0.0000000000,0.0000000000,1.0000000000
2023-01-05,1.8023518300,-0.1539011530,0.4577236075,0.3843953879,0.0000000000,0.1578810047,0.0000000000,0.0000000000,1.0000000000
2023-01-30,0.9550245941,0.0000000000,0.6116247605,0.3843953879,0.0000000000,0.0039798516,0.0000000000,0.0000000000,1.0000000000
2023-01-31,1.1632773052,-0.1539011530,0.4577236075,0.3843953879,0.0000000000,0.1578810047,0.0000000000,0.0000000000,1.0000000000
2023-02-03,0.4511055654,0.0000000000,0.6116247605,0.3843953879,0.0000000000,0.0039798516,0.0000000000,0.0000000000,1.0000000000
2023-03-13,1.3026669251,-0.1539011530,0.4577236075,0.3843953879,0.0000000000,0.1578810047,0.0000000000,0.0000000000,1.0000000000
2023-03-27,1.7265896349,-0.2138183997,0.5780247364,0.1447264014,0.0000000000,0.2772488622,0.0000000000,0.0000000000,1.0000000000
2023-03-29,1.7478412475,-0.2500000000,0.6758360568,0.0000000000,0.0000000000,0.3241639432,0.0000000000,0.0000000000,1.0000000000
2023-05-19,0.7080837954,0.0000000000,0.9258360568,0.0000000000,0.0000000000,0.0741639432,0.0000000000,0.0000000000,1.0000000000
2023-05-24,1.1087935993,-0.2500000000,0.6758360568,0.0000000000,0.0000000000,0.3241639432,0.0000000000,0.0000000000,1.0000000000
2023-05-26,0.8668074725,0.0000000000,0.9258360568,0.0000000000,0.0000000000,0.0741639432,0.0000000000,0.0000000000,1.0000000000
2023-05-31,1.0017312295,-0.2500000000,0.6758360568,0.0000000000,0.0000000000,0.3241639432,0.0000000000,0.0000000000,1.0000000000
2023-06-05,0.6552197220,0.0000000000,0.9258360568,0.0000000000,0.0000000000,0.0741639432,0.0000000000,0.0000000000,1.0000000000
2023-09-21,0.3581127965,0.0000000000,0.6666660458,0.0000000000,0.0519070958,0.2814268584,0.0000000000,0.0000000000,1.0000000000
2023-10-03,-1.3205246547,0.2500000000,0.9166660458,0.0000000000,0.0129768465,0.0703571077,0.0000000000,0.0000000000,1.0000000000
2023-10-10,-0.9227823634,0.0000000000,0.6666660458,0.0000000000,0.0519070958,0.2814268584,0.0000000000,0.0000000000,1.0000000000
2023-10-19,1.3113333752,-0.2500000000,0.4166660458,0.0000000000,0.0908373451,0.4924966091,0.0000000000,0.0000000000,1.0000000000
2023-11-08,0.8126090885,0.0000000000,0.6666660458,0.0000000000,0.0519070958,0.2814268584,0.0000000000,0.0000000000,1.0000000000
2023-11-29,1.4033036957,-0.2500000000,0.4166660458,0.0000000000,0.0908373451,0.4924966091,0.0000000000,0.0000000000,1.0000000000
2023-12-12,0.5556006940,0.0000000000,0.6666660458,0.0000000000,0.0519070958,0.2814268584,0.0000000000,0.0000000000,1.0000000000
2023-12-14,1.1248374934,-0.2500000000,0.4166660458,0.0000000000,0.0908373451,0.4924966091,0.0000000000,0.0000000000,1.0000000000
2023-12-18,0.9903203257,0.0000000000,0.6666660458,0.0000000000,0.0519070958,0.2814268584,0.0000000000,0.0000000000,1.0000000000
2023-12-19,1.0526677574,-0.2500000000,0.4166660458,0.0000000000,0.0908373451,0.4924966091,0.0000000000,0.0000000000,1.0000000000
2024-01-02,0.8675764002,0.0000000000,0.6666660458,0.0000000000,0.0519070958,0.2814268584,0.0000000000,0.0000000000,1.0000000000
2024-01-03,1.2500105479,-0.2500000000,0.4166660458,0.0000000000,0.0908373451,0.4924966091,0.0000000000,0.0000000000,1.0000000000
2024-01-11,0.9947880935,0.0000000000,0.6666660458,0.0000000000,0.0519070958,0.2814268584,0.0000000000,0.0000000000,1.0000000000
2024-01-15,1.2935305181,-0.2500000000,0.4166660458,0.0000000000,0.0908373451,0.4924966091,0.0000000000,0.0000000000,1.0000000000
2024-01-17,0.9727346686,0.0000000000,0.6666660458,0.0000000000,0.0519070958,0.2814268584,0.0000000000,0.0000000000,1.0000000000
2024-01-18,1.0628182555,-0.2500000000,0.4166660458,0.0000000000,0.0908373451,0.4924966091,0.0000000000,0.0000000000,1.0000000000
2024-01-19,0.9996123510,0.0000000000,0.6666660458,0.0000000000,0.0519070958,0.2814268584,0.0000000000,0.0000000000,1.0000000000
2024-01-23,1.0245309883,-0.2500000000,0.4166660458,0.0000000000,0.0908373451,0.4924966091,0.0000000000,0.0000000000,1.0000000000
2024-01-24,0.9855130705,0.0000000000,0.6666660458,0.0000000000,0.0519070958,0.2814268584,0.0000000000,0.0000000000,1.0000000000
2024-01-31,1.0170666238,-0.2500000000,0.4166660458,0.0000000000,0.0908373451,0.4924966091,0.0000000000,0.0000000000,1.0000000000
2024-02-07,0.7707120524,0.0000000000,0.6666660458,0.0000000000,0.0519070958,0.2814268584,0.0000000000,0.0000000000,1.0000000000
2024-03-11,1.0635576018,-0.2500000000,0.4166660458,0.0000000000,0.0908373451,0.4924966091,0.0000000000,0.0000000000,1.0000000000
2024-03-12,0.9581570311,0.0000000000,0.6666660458,0.0000000000,0.0519070958,0.2814268584,0.0000000000,0.0000000000,1.0000000000
2024-03-28,1.4890253666,-0.2500000000,0.4166660458,0.0000000000,0.0908373451,0.4924966091,0.0000000000,0.0000000000,1.0000000000
2024-06-10,0.9105928105,0.0000000000,0.6666660458,0.0000000000,0.0519070958,0.2814268584,0.0000000000,0.0000000000,1.0000000000
2024-06-12,1.0799010582,-0.2500000000,0.4166660458,0.0000000000,0.0908373451,0.4924966091,0.0000000000,0.0000000000,1.0000000000
2024-06-13,0.9447387609,0.0000000000,0.6666660458,0.0000000000,0.0519070958,0.2814268584,0.0000000000,0.0000000000,1.0000000000
2024-06-17,1.0124428018,-0.2500000000,0.4166660458,0.0000000000,0.0908373451,0.4924966091,0.0000000000,0.0000000000,1.0000000000
2024-06-18,0.8285762400,0.0000000000,0.6666660458,0.0000000000,0.0519070958,0.2814268584,0.0000000000,0.0000000000,1.0000000000
2024-06-21,1.2526225390,-0.2500000000,0.4166660458,0.0000000000,0.0908373451,0.4924966091,0.0000000000,0.0000000000,1.0000000000
2024-06-24,0.9414643155,0.0000000000,0.6666660458,0.0000000000,0.0519070958,0.2814268584,0.0000000000,0.0000000000,1.0000000000
2024-06-25,1.1910434700,-0.2500000000,0.4166660458,0.0000000000,0.0908373451,0.4924966091,0.0000000000,0.0000000000,1.0000000000
2024-06-27,0.7138993158,0.0000000000,0.6666660458,0.0000000000,0.0519070958,0.2814268584,0.0000000000,0.0000000000,1.0000000000
2024-06-28,1.0070540085,-0.2500000000,0.4166660458,0.0000000000,0.0908373451,0.4924966091,0.0000000000,0.0000000000,1.0000000000
2024-07-01,0.9862937647,0.0000000000,0.6666660458,0.0000000000,0.0519070958,0.2814268584,0.0000000000,0.0000000000,1.0000000000
2024-07-05,1.0526113769,-0.2500000000,0.4166660458,0.0000000000,0.0908373451,0.4924966091,0.0000000000,0.0000000000,1.0000000000
2024-07-09,0.9497328095,0.0000000000,0.6666660458,0.0000000000,0.0519070958,0.2814268584,0.0000000000,0.0000000000,1.0000000000
2024-07-12,1.2624578251,-0.2500000000,0.4166660458,0.0000000000,0.0908373451,0.4924966091,0.0000000000,0.0000000000,1.0000000000
2024-08-15,2.0847251399,-0.1993330531,0.1313085972,0.2026677876,0.3574501039,0.3085735113,0.0000000000,0.0000000000,1.0000000000
2024-10-01,0.4138120238,0.0000000000,0.3306416503,0.2026677876,0.2504694821,0.2162210800,0.0000000000,0.0000000000,1.0000000000
2024-10-18,1.1563462965,-0.1993330531,0.1313085972,0.2026677876,0.3574501039,0.3085735113,0.0000000000,0.0000000000,1.0000000000
2024-10-21,0.9836925497,0.0000000000,0.3306416503,0.2026677876,0.2504694821,0.2162210800,0.0000000000,0.0000000000,1.0000000000
2024-10-23,1.0800865987,-0.1993330531,0.1313085972,0.2026677876,0.3574501039,0.3085735113,0.0000000000,0.0000000000,1.0000000000
2024-10-24,0.9452057727,0.0000000000,0.3306416503,0.2026677876,0.2504694821,0.2162210800,0.0000000000,0.0000000000,1.0000000000
2024-10-25,1.0873190877,-0.1993330531,0.1313085972,0.2026677876,0.3574501039,0.3085735113,0.0000000000,0.0000000000,1.0000000000
2024-10-29,0.8785855775,0.0000000000,0.3306416503,0.2026677876,0.2504694821,0.2162210800,0.0000000000,0.0000000000,1.0000000000
2024-10-30,1.2020384430,-0.1993330531,0.1313085972,0.2026677876,0.3574501039,0.3085735113,0.0000000000,0.0000000000,1.0000000000
2024-11-06,0.7959809181,0.0000000000,0.3306416503,0.2026677876,0.2504694821,0.2162210800,0.0000000000,0.0000000000,1.0000000000
2024-11-07,0.1338903036,0.0000000000,0.8118148984,0.0000000000,0.0393006088,0.1306598420,0.0096296577,0.0085949931,1.0000000000
2025-01-13,1.1443070978,-0.2500000000,0.5618148984,0.0000000000,0.0915106516,0.3042387291,0.0224224579,0.0200132630,1.0000000000
2025-01-14,0.9159174370,0.0000000000,0.8118148984,0.0000000000,0.0393006088,0.1306598420,0.0096296577,0.0085949931,1.0000000000
2025-01-17,1.0136638759,-0.2500000000,0.5618148984,0.0000000000,0.0915106516,0.3042387291,0.0224224579,0.0200132630,1.0000000000
2025-01-20,0.7922986300,0.0000000000,0.8118148984,0.0000000000,0.0393006088,0.1306598420,0.0096296577,0.0085949931,1.0000000000
2025-01-31,1.3186872411,-0.2500000000,0.5618148984,0.0000000000,0.0915106516,0.3042387291,0.0224224579,0.0200132630,1.0000000000
2025-04-25,2.9752921901,-0.1749899968,0.3531087681,0.3000400127,0.0244846500,0.3110124399,0.0059993675,0.0053547618,1.0000000000
2025-04-28,2.7432414116,-0.1321513356,0.2427497020,0.4713946578,0.0000000000,0.2858556402,0.0000000000,0.0000000000,1.0000000000
2025-06-24,1.2673957447,-0.1393149450,0.3420820593,0.4427402201,0.0000000000,0.2151777206,0.0000000000,0.0000000000,1.0000000000
2025-06-25,0.9969667892,0.0000000000,0.4813970043,0.4427402201,0.0000000000,0.0758627756,0.0000000000,0.0000000000,1.0000000000
2025-07-18,0.5088299711,0.0000000000,0.6015028473,0.0000000000,0.0093892213,0.2990323268,0.0539300867,0.0361455179,1.0000000000
2025-10-07,1.0379392441,-0.2500000000,0.3515028473,0.0000000000,0.0152796155,0.4866323666,0.0877635070,0.0588216635,1.0000000000
2025-10-10,0.9651413495,0.0000000000,0.6015028473,0.0000000000,0.0093892213,0.2990323268,0.0539300867,0.0361455179,1.0000000000
2025-10-13,1.3250157270,-0.2500000000,0.3515028473,0.0000000000,0.0152796155,0.4866323666,0.0877635070,0.0588216635,1.0000000000
2025-10-27,1.1225358495,-0.2500000000,0.5321938363,0.0000000000,0.0200583322,0.3801472583,0.0406812891,0.0269192841,1.0000000000
2025-10-28,0.6639636350,0.0000000000,0.7821938363,0.0000000000,0.0093389714,0.1769929992,0.0189408268,0.0125333663,1.0000000000
2025-11-12,1.0037973890,-0.2500000000,0.5321938363,0.0000000000,0.0200583322,0.3801472583,0.0406812891,0.0269192841,1.0000000000
2025-11-17,0.9715494634,0.0000000000,0.7821938363,0.0000000000,0.0093389714,0.1769929992,0.0189408268,0.0125333663,1.0000000000
2025-11-19,1.1013964606,-0.2500000000,0.5321938363,0.0000000000,0.0200583322,0.3801472583,0.0406812891,0.0269192841,1.0000000000
2025-12-09,1.1239095577,-0.2123829852,0.4249175700,0.1504680594,0.0390598518,0.3368848025,0.0297433516,0.0189263647,1.0000000000
2026-01-06,1.3961431756,-0.1972048143,0.1610344518,0.2111807429,0.0076857178,0.2500894902,0.3662854997,0.0037240975,1.0000000000
2026-03-02,2.5931093528,-0.0902072818,0.0628391350,0.6391708730,0.0023555124,0.1822342460,0.1122588754,0.0011413583,1.0000000000
2026-03-03,2.6460677596,-0.0422052526,0.0185833108,0.8311789894,0.0000000000,0.1502376998,0.0000000000,0.0000000000,1.0000000000
2026-03-24,0.9000879570,0.0000000000,0.0607885635,0.8311789894,0.0000000000,0.1080324471,0.0000000000,0.0000000000,1.0000000000
2026-03-25,1.0149104728,-0.0422052526,0.0185833108,0.8311789894,0.0000000000,0.1502376998,0.0000000000,0.0000000000,1.0000000000
2026-03-26,0.9744294277,0.0000000000,0.0607885635,0.8311789894,0.0000000000,0.1080324471,0.0000000000,0.0000000000,1.0000000000
2026-03-30,1.1854174113,-0.1146446455,0.0123791668,0.5414214179,0.0000000000,0.3098262757,0.0000000000,0.1363731397,1.0000000000
2026-04-16,0.8980272301,0.0000000000,0.1270238124,0.5414214179,0.0000000000,0.2302207846,0.0000000000,0.1013339851,1.0000000000
2026-04-29,0.2535816413,0.0000000000,0.0757986156,0.5833794437,0.0194099836,0.2609431705,0.0000000000,0.0604687865,1.0000000000
2026-05-29,-0.4967846935,0.0000000000,0.1455268699,0.4010735617,0.0219779904,0.4012135339,0.0000000000,0.0302080442,1.0000000000
2026-06-18,-0.9778187786,0.0000000000,0.0851090420,0.4964313464,0.2046201685,0.2025680861,0.0045682176,0.0067031394,1.0000000000
2026-06-19,-1.1561560741,0.1258921634,0.2110012054,0.4964313464,0.1430608806,0.1416261603,0.0031938848,0.0046865225,1.0000000000
2026-07-21,-1.2105134319,0.1551159077,0.2731919658,0.3795363693,0.1849235248,0.1515389585,0.0043809005,0.0064282811,1.0000000000
2026-07-29,-0.9794339341,0.0000000000,0.1180760581,0.3795363693,0.2675233545,0.2192268971,0.0063377183,0.0092996027,1.0000000000
2026-08-01,-1.0863821416,0.1551159077,0.2731919658,0.3795363693,0.1849235248,0.1515389585,0.0043809005,0.0064282811,1.0000000000
2026-08-06,-0.8211472697,0.0000000000,0.1180760581,0.3795363693,0.2675233545,0.2192268971,0.0063377183,0.0092996027,1.0000000000
2026-08-17,-0.8125883057,0.0000000000,0.1738744934,0.5418944765,0.1819399776,0.1022910525,0.0000000000,0.0000000000,1.0000000000
