series_id,reference_month,release_date,initial_value,source,vintage_id,snapshot_sha256
CPIAUCSL,1999-12,2000-01-14,168.80,https://alfred.stlouisfed.org/graph/alfredgraph.csv?id=CPIAUCSL&cosd=1999-12-01&vintage_date=2000-01-14,2000-01-14,64b7061cace9bd85c77fa96cea88232c061dd96a089d785ef613d4d5c4783ac6
CPIAUCSL,2000-01,2000-02-18,169.10,https://alfred.stlouisfed.org/graph/alfredgraph.csv?id=CPIAUCSL&cosd=1999-12-01&vintage_date=2000-02-18,2000-02-18,8e68353db8e4182c60bf26c05ab71e6c8564bb7c25b5c91d0e686182141a0d85
CPIAUCSL,2000-02,2000-03-17,170.00,https://alfred.stlouisfed.org/graph/alfredgraph.csv?id=CPIAUCSL&cosd=1999-12-01&vintage_date=2000-03-17,2000-03-17,eee8883893790b68c2a30b14bdbfbd8a72b96fc45c55f4db3ad065be588c26a7
CPIAUCSL,2000-03,2000-04-14,171.20,https://alfred.stlouisfed.org/graph/alfredgraph.csv?id=CPIAUCSL&cosd=1999-12-01&vintage_date=2000-04-14,2000-04-14,1b05b744c4ddeea87f253d8fdb873dece801d079001c15c62cf48787f3ee5af8
CPIAUCSL,2000-04,2000-05-16,171.20,https://alfred.stlouisfed.org/graph/alfredgraph.csv?id=CPIAUCSL&cosd=1999-12-01&vintage_date=2000-05-16,2000-05-16,1ce7466dff880320401ee8aab4f4a5b57a207409f26224b58d0b53141bb95648
CPIAUCSL,2000-05,2000-06-14,171.30,https://alfred.stlouisfed.org/graph/alfredgraph.csv?id=CPIAUCSL&cosd=1999-12-01&vintage_date=2000-06-14,2000-06-14,56f76adb9b63e97b81220b77b42a4fc6715876419ed616673fe2025c6b9fd499
CPIAUCSL,2000-06,2000-07-18,172.30,https://alfred.stlouisfed.org/graph/alfredgraph.csv?id=CPIAUCSL&cosd=1999-12-01&vintage_date=2000-07-18,2000-07-18,f900635c9fcd9c3186b88ad0c6a68a7113d93c998cbcb7f376ac94261ef9c40a
CPIAUCSL,2000-07,2000-08-16,172.70,https://alfred.stlouisfed.org/graph/alfredgraph.csv?id=CPIAUCSL&cosd=1999-12-01&vintage_date=2000-08-16,2000-08-16,36bdc31857fc21e826da2d1bbe123bb33725e3e488947ecd35728452d040bee3
CPIAUCSL,2000-08,2000-09-15,172.60,https://alfred.stlouisfed.org/graph/alfredgraph.csv?id=CPIAUCSL&cosd=1999-12-01&vintage_date=2000-09-15,2000-09-15,86e84ea8657b2c4137ee4a89325b95db80e09a027ff8185095b3299f0b4cf220
CPIAUCSL,2000-09,2000-10-18,173.60,https://alfred.stlouisfed.org/graph/alfredgraph.csv?id=CPIAUCSL&cosd=1999-12-01&vintage_date=2000-10-18,2000-10-18,262fc03b984d37435f863e5cca8108e4b3789de3e861706e00c449d29cedd9d0
CPIAUCSL,2000-10,2000-11-16,173.90,https://alfred.stlouisfed.org/graph/alfredgraph.csv?id=CPIAUCSL&cosd=1999-12-01&vintage_date=2000-11-16,2000-11-16,2a25119dcc6744a9f8a8e3e80b01de1d942f08c28a7edf825f5f17306e078e5e
CPIAUCSL,2000-11,2000-12-15,174.20,https://alfred.stlouisfed.org/graph/alfredgraph.csv?id=CPIAUCSL&cosd=1999-12-01&vintage_date=2000-12-15,2000-12-15,0e84bcc95eef18599ee5d890bc6251d5c0a9421c75b5124bccd2df63b62b5332
CPIAUCSL,2000-12,2001-01-17,174.50,https://alfred.stlouisfed.org/graph/alfredgraph.csv?id=CPIAUCSL&cosd=1999-12-01&vintage_date=2001-01-17,2001-01-17,47d6c4361fae9af79f656cd6854f9f551fe8a947b5658c674b51f6fbcba7b7ea
CPIAUCSL,2001-01,2001-02-21,175.70,https://alfred.stlouisfed.org/graph/alfredgraph.csv?id=CPIAUCSL&cosd=1999-12-01&vintage_date=2001-02-21,2001-02-21,ffb7fdbcfa55b6afc876171df898c83d66d2d30cb66595eaff556328b9be2045
CPIAUCSL,2001-02,2001-03-21,176.20,https://alfred.stlouisfed.org/graph/alfredgraph.csv?id=CPIAUCSL&cosd=1999-12-01&vintage_date=2001-03-21,2001-03-21,42005d30bb75158128238a87369a94b1cb482673062f2faa8e78463b0e7670e9
CPIAUCSL,2001-03,2001-04-17,176.30,https://alfred.stlouisfed.org/graph/alfredgraph.csv?id=CPIAUCSL&cosd=1999-12-01&vintage_date=2001-04-17,2001-04-17,19affcc3f3ff05545d4077a678b642fda9db67a66a276a4203d023bdb72c81fe
CPIAUCSL,2001-04,2001-05-16,176.80,https://alfred.stlouisfed.org/graph/alfredgraph.csv?id=CPIAUCSL&cosd=1999-12-01&vintage_date=2001-05-16,2001-05-16,8734435762f8f02c1b108c95a2453e6528eb8ffa5bad919203805c5db6707d1f
CPIAUCSL,2001-05,2001-06-15,177.50,https://alfred.stlouisfed.org/graph/alfredgraph.csv?id=CPIAUCSL&cosd=1999-12-01&vintage_date=2001-06-15,2001-06-15,3034795c524395f553225a137a68380ca4eec74f7518c20ed7e8f0e0ea47055f
CPIAUCSL,2001-06,2001-07-18,177.90,https://alfred.stlouisfed.org/graph/alfredgraph.csv?id=CPIAUCSL&cosd=1999-12-01&vintage_date=2001-07-18,2001-07-18,874e57176a3fa468afb618020aaab1a31fb61e2432eed129266ec9c9cd41dce9
CPIAUCSL,2001-07,2001-08-16,177.40,https://alfred.stlouisfed.org/graph/alfredgraph.csv?id=CPIAUCSL&cosd=1999-12-01&vintage_date=2001-08-16,2001-08-16,cf9d30d955747be3feef4dd13290208db3896dae3d4c4e9575456b8387f4ee2e
CPIAUCSL,2001-08,2001-09-18,177.50,https://alfred.stlouisfed.org/graph/alfredgraph.csv?id=CPIAUCSL&cosd=1999-12-01&vintage_date=2001-09-18,2001-09-18,11b886821d360097671c534f4af397724113575409c457daa4146638aa687070
CPIAUCSL,2001-09,2001-10-19,178.20,https://alfred.stlouisfed.org/graph/alfredgraph.csv?id=CPIAUCSL&cosd=1999-12-01&vintage_date=2001-10-19,2001-10-19,0178510b7f6ef505c1b502f6710e6053ea735526027e14b4c25c52133232ed4b
CPIAUCSL,2001-10,2001-11-16,177.60,https://alfred.stlouisfed.org/graph/alfredgraph.csv?id=CPIAUCSL&cosd=1999-12-01&vintage_date=2001-11-16,2001-11-16,7932fe6e83d415d00b42112f0d34b88156855f5581f71ef1139674dc362f8625
CPIAUCSL,2001-11,2001-12-14,177.60,https://alfred.stlouisfed.org/graph/alfredgraph.csv?id=CPIAUCSL&cosd=1999-12-01&vintage_date=2001-12-14,2001-12-14,c8dba5671570b2fb6fef18d287ab9a1d2a13c5787c79582425a47435998a050d
CPIAUCSL,2001-12,2002-01-16,177.30,https://alfred.stlouisfed.org/graph/alfredgraph.csv?id=CPIAUCSL&cosd=1999-12-01&vintage_date=2002-01-16,2002-01-16,f00a1b12fdd6d8ff0f3ec9a85fe96d53f956bff0a6f45438bd5edea70af12fec
CPIAUCSL,2002-01,2002-02-20,177.60,https://alfred.stlouisfed.org/graph/alfredgraph.csv?id=CPIAUCSL&cosd=1999-12-01&vintage_date=2002-02-20,2002-02-20,d4c4241bf0f0741b567be86b0312fb6f1b185f79a3af30c044bb8e9e169b428d
CPIAUCSL,2002-02,2002-03-21,178.00,https://alfred.stlouisfed.org/graph/alfredgraph.csv?id=CPIAUCSL&cosd=1999-12-01&vintage_date=2002-03-21,2002-03-21,bff600d81e465762c73cd3e2d0d0330aa2b2ab86e202abd1af288df395a1d5a6
CPIAUCSL,2002-03,2002-04-16,178.60,https://alfred.stlouisfed.org/graph/alfredgraph.csv?id=CPIAUCSL&cosd=1999-12-01&vintage_date=2002-04-16,2002-04-16,8559873a360d62c010e2d038f36bb4f4a470ab4e610c41760fbce53fcf819f7c
CPIAUCSL,2002-04,2002-05-15,179.50,https://alfred.stlouisfed.org/graph/alfredgraph.csv?id=CPIAUCSL&cosd=1999-12-01&vintage_date=2002-05-15,2002-05-15,8ba669cd42962012ee3496780cb16a534b2680ae71c8bc0d7ed2d2cad8d65621
CPIAUCSL,2002-05,2002-06-18,179.50,https://alfred.stlouisfed.org/graph/alfredgraph.csv?id=CPIAUCSL&cosd=1999-12-01&vintage_date=2002-06-18,2002-06-18,259ee3ad1bc5d9cac7d07145beb797c18d8bbd3d5880f9e301caf943ab8a51cc
CPIAUCSL,2002-06,2002-07-19,179.70,https://alfred.stlouisfed.org/graph/alfredgraph.csv?id=CPIAUCSL&cosd=1999-12-01&vintage_date=2002-07-19,2002-07-19,a28a89ea278092cf9212fe44df108aa768485ca033f4c8f3e81ee0f1516ad42a
CPIAUCSL,2002-07,2002-08-16,179.90,https://alfred.stlouisfed.org/graph/alfredgraph.csv?id=CPIAUCSL&cosd=1999-12-01&vintage_date=2002-08-16,2002-08-16,63e5aadac98a910ff744a3581198a4e37709815a238d9aea935672081061d8af
CPIAUCSL,2002-08,2002-09-18,180.50,https://alfred.stlouisfed.org/graph/alfredgraph.csv?id=CPIAUCSL&cosd=1999-12-01&vintage_date=2002-09-18,2002-09-18,2ff409297e18589858216852f68defab838f33767b20d1bf5bbdfcfdfe3b2e8c
CPIAUCSL,2002-09,2002-10-18,180.80,https://alfred.stlouisfed.org/graph/alfredgraph.csv?id=CPIAUCSL&cosd=1999-12-01&vintage_date=2002-10-18,2002-10-18,9cff260c85497d28386b7507ee2d043fcedaef09465e265ddf61940dc0a8bea2
CPIAUCSL,2002-10,2002-11-19,181.30,https://alfred.stlouisfed.org/graph/alfredgraph.csv?id=CPIAUCSL&cosd=1999-12-01&vintage_date=2002-11-19,2002-11-19,aa1cd4331c6833e008c4a3aca3598b81d58e2c9dcfbd87ed2d8e9f55db84e402
CPIAUCSL,2002-11,2002-12-17,181.50,https://alfred.stlouisfed.org/graph/alfredgraph.csv?id=CPIAUCSL&cosd=1999-12-01&vintage_date=2002-12-17,2002-12-17,a0741baa789f3ab8744b204b3f7b981c4673f4eeb63aba478532a38fb9c16fa7
CPIAUCSL,2002-12,2003-01-16,181.60,https://alfred.stlouisfed.org/graph/alfredgraph.csv?id=CPIAUCSL&cosd=1999-12-01&vintage_date=2003-01-16,2003-01-16,4372fa84b6e46f1bab9d4a062a4a48fff73def0ef19cd14975170747fd728293
CPIAUCSL,2003-01,2003-02-21,182.20,https://alfred.stlouisfed.org/graph/alfredgraph.csv?id=CPIAUCSL&cosd=1999-12-01&vintage_date=2003-02-21,2003-02-21,7b136f1159e1dcfa22e1466cae96136f56b7d8ba2021735b3d93e9b0433d6ae7
CPIAUCSL,2003-02,2003-03-21,183.30,https://alfred.stlouisfed.org/graph/alfredgraph.csv?id=CPIAUCSL&cosd=1999-12-01&vintage_date=2003-03-21,2003-03-21,b4067304ad07d46720f075c461756ba107732a7660d3b8afbfc43407964982b3
CPIAUCSL,2003-03,2003-04-16,183.90,https://alfred.stlouisfed.org/graph/alfredgraph.csv?id=CPIAUCSL&cosd=1999-12-01&vintage_date=2003-04-16,2003-04-16,1f56dcaa13d0897bdeb9c9ec8aa5f20ed913929dc7bce3f467846618ede1664d
CPIAUCSL,2003-04,2003-05-16,183.30,https://alfred.stlouisfed.org/graph/alfredgraph.csv?id=CPIAUCSL&cosd=1999-12-01&vintage_date=2003-05-16,2003-05-16,d26f74eb00feb9332a770484e2ce7e0a8aca890014ff27f19e5ccfaf2f7f6286
CPIAUCSL,2003-05,2003-06-17,183.30,https://alfred.stlouisfed.org/graph/alfredgraph.csv?id=CPIAUCSL&cosd=1999-12-01&vintage_date=2003-06-17,2003-06-17,cb138c187d577dad834224276cec99fed619a3adf81a0c2ff0bd2f799b2cb266
CPIAUCSL,2003-06,2003-07-16,183.60,https://alfred.stlouisfed.org/graph/alfredgraph.csv?id=CPIAUCSL&cosd=1999-12-01&vintage_date=2003-07-16,2003-07-16,fb68dbc13bb7b5e76e57259733964d53c6c5efbde18e18573fa21588adad5b7e
CPIAUCSL,2003-07,2003-08-15,183.90,https://alfred.stlouisfed.org/graph/alfredgraph.csv?id=CPIAUCSL&cosd=1999-12-01&vintage_date=2003-08-15,2003-08-15,1587d14da26f83aed8f0f7861d63f837fa081518fad11058afff83d5dafcbce1
CPIAUCSL,2003-08,2003-09-16,184.50,https://alfred.stlouisfed.org/graph/alfredgraph.csv?id=CPIAUCSL&cosd=1999-12-01&vintage_date=2003-09-16,2003-09-16,3a8a6a1a2c52c2a1a76752250b1bae59817a7038ba7034e9344e88b27a714126
CPIAUCSL,2003-09,2003-10-16,185.00,https://alfred.stlouisfed.org/graph/alfredgraph.csv?id=CPIAUCSL&cosd=1999-12-01&vintage_date=2003-10-16,2003-10-16,627701f279de0157056d35b271a8616dfeecca9c65fccdbc1a99fce9e31dbb2f
CPIAUCSL,2003-10,2003-11-18,185.00,https://alfred.stlouisfed.org/graph/alfredgraph.csv?id=CPIAUCSL&cosd=1999-12-01&vintage_date=2003-11-18,2003-11-18,eef7532de30a4c4b3d7aa907e36535b7ee5f51378b51ec3273448edd4457ef9f
CPIAUCSL,2003-11,2003-12-16,184.60,https://alfred.stlouisfed.org/graph/alfredgraph.csv?id=CPIAUCSL&cosd=1999-12-01&vintage_date=2003-12-16,2003-12-16,5110e3fd557dfdcde5bf540a69ffbbe792e77be8070f9fa851b4e7445b462788
CPIAUCSL,2003-12,2004-01-15,185.00,https://alfred.stlouisfed.org/graph/alfredgraph.csv?id=CPIAUCSL&cosd=1999-12-01&vintage_date=2004-01-15,2004-01-15,83879ffe8af84434fe229cd170de86ecf53ab5027baa11cde99b2dae2ae48523
CPIAUCSL,2004-01,2004-02-20,185.80,https://alfred.stlouisfed.org/graph/alfredgraph.csv?id=CPIAUCSL&cosd=1999-12-01&vintage_date=2004-02-20,2004-02-20,f1876b23b32d7e04158149c666d018e78be4710024d4a2bd3de59e249d4bcdeb
CPIAUCSL,2004-02,2004-03-17,186.30,https://alfred.stlouisfed.org/graph/alfredgraph.csv?id=CPIAUCSL&cosd=1999-12-01&vintage_date=2004-03-17,2004-03-17,12d6297551b36cac5ff8a3dd2ff8deff0aa4fc06fdfb61260526084db65db4cf
CPIAUCSL,2004-03,2004-04-14,187.20,https://alfred.stlouisfed.org/graph/alfredgraph.csv?id=CPIAUCSL&cosd=1999-12-01&vintage_date=2004-04-14,2004-04-14,315867c992366c41046d90cc74a8adb575bff4127c8731e3d026622c427a11e2
CPIAUCSL,2004-04,2004-05-14,187.60,https://alfred.stlouisfed.org/graph/alfredgraph.csv?id=CPIAUCSL&cosd=1999-12-01&vintage_date=2004-05-14,2004-05-14,95b0de90133b7cdf54bd5d0533cb8f9fc244fee79fd67bbe75d79ef267d51898
CPIAUCSL,2004-05,2004-06-15,188.80,https://alfred.stlouisfed.org/graph/alfredgraph.csv?id=CPIAUCSL&cosd=1999-12-01&vintage_date=2004-06-15,2004-06-15,2dbf98b2af9dce4ebb32a63f743e4ff4918347ad13b7821183c2d93ec042db02
CPIAUCSL,2004-06,2004-07-16,189.40,https://alfred.stlouisfed.org/graph/alfredgraph.csv?id=CPIAUCSL&cosd=1999-12-01&vintage_date=2004-07-16,2004-07-16,25991b420595ebf4ba1427f5298b416d35f2718c4e18f8552602e32e7718159c
CPIAUCSL,2004-07,2004-08-17,189.30,https://alfred.stlouisfed.org/graph/alfredgraph.csv?id=CPIAUCSL&cosd=1999-12-01&vintage_date=2004-08-17,2004-08-17,87322eaf31bc540c60766d938312077b6f897b08ceb423ea08a70c27cc3ade14
CPIAUCSL,2004-08,2004-09-16,189.40,https://alfred.stlouisfed.org/graph/alfredgraph.csv?id=CPIAUCSL&cosd=1999-12-01&vintage_date=2004-09-16,2004-09-16,7afac32fcdc6bb6aeb6e6177eda9090de0cfe2e1284d4dc3c8976e6ce065a309
CPIAUCSL,2004-09,2004-10-19,189.70,https://alfred.stlouisfed.org/graph/alfredgraph.csv?id=CPIAUCSL&cosd=1999-12-01&vintage_date=2004-10-19,2004-10-19,8550d40d6d561530bdfd11b7f6356cc2585c968139b46452937a21bef75641f7
CPIAUCSL,2004-10,2004-11-17,190.90,https://alfred.stlouisfed.org/graph/alfredgraph.csv?id=CPIAUCSL&cosd=1999-12-01&vintage_date=2004-11-17,2004-11-17,5a383132990cc673a9489c065a097e651dca9e32e1b4079ca07023897a7ea1df
CPIAUCSL,2004-11,2004-12-17,191.20,https://alfred.stlouisfed.org/graph/alfredgraph.csv?id=CPIAUCSL&cosd=1999-12-01&vintage_date=2004-12-17,2004-12-17,1b19ab3804fe91f0d52ef2a07da58eb20a8042e2dfec40ced757e2c89df5ca66
CPIAUCSL,2004-12,2005-01-19,191.10,https://alfred.stlouisfed.org/graph/alfredgraph.csv?id=CPIAUCSL&cosd=1999-12-01&vintage_date=2005-01-19,2005-01-19,a414d3daf1d439847c9235cbedaae2228438baa26133fe29db5e6c28581721fd
CPIAUCSL,2005-01,2005-02-23,191.30,https://alfred.stlouisfed.org/graph/alfredgraph.csv?id=CPIAUCSL&cosd=1999-12-01&vintage_date=2005-02-23,2005-02-23,0601bbdbc877d83bc408a267a5a70830917d6c4b78a56757839cc9e497071d31
CPIAUCSL,2005-02,2005-03-23,192.00,https://alfred.stlouisfed.org/graph/alfredgraph.csv?id=CPIAUCSL&cosd=1999-12-01&vintage_date=2005-03-23,2005-03-23,c357f72da00621174b9ba0bf46a55d221672e659643ce7e9c4025f1b0546660e
CPIAUCSL,2005-03,2005-04-20,193.20,https://alfred.stlouisfed.org/graph/alfredgraph.csv?id=CPIAUCSL&cosd=1999-12-01&vintage_date=2005-04-20,2005-04-20,b94c881f8d2b225994a94ca07c4632d3696413d8e8de42171db0c650bc0d9725
CPIAUCSL,2005-04,2005-05-18,194.20,https://alfred.stlouisfed.org/graph/alfredgraph.csv?id=CPIAUCSL&cosd=1999-12-01&vintage_date=2005-05-18,2005-05-18,82992386c6bd56c8bb016a8bfc85b6ff53fd27431095b4e19e8affe72f0a6b7d
CPIAUCSL,2005-05,2005-06-15,194.10,https://alfred.stlouisfed.org/graph/alfredgraph.csv?id=CPIAUCSL&cosd=1999-12-01&vintage_date=2005-06-15,2005-06-15,edd19b0c441aa9ae341fd4002cce4c8c2d7e780fbf0205c4f77bf1dff8e98e16
CPIAUCSL,2005-06,2005-07-14,194.10,https://alfred.stlouisfed.org/graph/alfredgraph.csv?id=CPIAUCSL&cosd=1999-12-01&vintage_date=2005-07-14,2005-07-14,6465947fec00f0d1f5d8290dff9c4485d37e16584a386ae149a4e37502ccd31f
CPIAUCSL,2005-07,2005-08-16,195.10,https://alfred.stlouisfed.org/graph/alfredgraph.csv?id=CPIAUCSL&cosd=1999-12-01&vintage_date=2005-08-16,2005-08-16,467faa6c388e62d6ee65dee695b17ae6d50f4c9177f86f3fc6e0dd21555b3afc
CPIAUCSL,2005-08,2005-09-15,196.10,https://alfred.stlouisfed.org/graph/alfredgraph.csv?id=CPIAUCSL&cosd=1999-12-01&vintage_date=2005-09-15,2005-09-15,bfd6af91fc9518c8ff60803dd361ef95c46cf09d3a7683ffcd785467db9b6184
CPIAUCSL,2005-09,2005-10-14,198.50,https://alfred.stlouisfed.org/graph/alfredgraph.csv?id=CPIAUCSL&cosd=1999-12-01&vintage_date=2005-10-14,2005-10-14,762f51866c278221e67ae492c07c356e0e8d9a968b133955c0b146d3219dbc02
CPIAUCSL,2005-10,2005-11-16,198.90,https://alfred.stlouisfed.org/graph/alfredgraph.csv?id=CPIAUCSL&cosd=1999-12-01&vintage_date=2005-11-16,2005-11-16,79d91a02ea457ee5db24bf46445b42d888ceb499dd6e1a4b5d9bb345e6d3d3a1
CPIAUCSL,2005-11,2005-12-15,197.80,https://alfred.stlouisfed.org/graph/alfredgraph.csv?id=CPIAUCSL&cosd=1999-12-01&vintage_date=2005-12-15,2005-12-15,7687ed06642e8351a0b62ed2cafc4af79035274b9124fd5eb4088dadbcb209b1
CPIAUCSL,2005-12,2006-01-18,197.70,https://alfred.stlouisfed.org/graph/alfredgraph.csv?id=CPIAUCSL&cosd=1999-12-01&vintage_date=2006-01-18,2006-01-18,c155ad7a2955210a1ab41e5f090dc4e2c6889089e5185dd5641dc3ac2daf33f5
CPIAUCSL,2006-01,2006-02-22,199.00,https://alfred.stlouisfed.org/graph/alfredgraph.csv?id=CPIAUCSL&cosd=1999-12-01&vintage_date=2006-02-22,2006-02-22,8ef7f223357b7cb93053a94270de6c42e7ffdec8049af9e23aa3f49c03fed671
CPIAUCSL,2006-02,2006-03-16,199.10,https://alfred.stlouisfed.org/graph/alfredgraph.csv?id=CPIAUCSL&cosd=1999-12-01&vintage_date=2006-03-16,2006-03-16,d50c70459635b9c3f1824a67b429a2e7a18c5c87e2313bd6fe35685078b22a18
CPIAUCSL,2006-03,2006-04-19,199.80,https://alfred.stlouisfed.org/graph/alfredgraph.csv?id=CPIAUCSL&cosd=1999-12-01&vintage_date=2006-04-19,2006-04-19,d79a0412596a66941490b4187437c71a9781b818cf9440f61e57a4587171ec76
CPIAUCSL,2006-04,2006-05-17,201.00,https://alfred.stlouisfed.org/graph/alfredgraph.csv?id=CPIAUCSL&cosd=1999-12-01&vintage_date=2006-05-17,2006-05-17,ce89cacc6e8c72a53233d08534348cccf6b8864a5adaa1dc3b026c9495256e7f
CPIAUCSL,2006-05,2006-06-14,201.90,https://alfred.stlouisfed.org/graph/alfredgraph.csv?id=CPIAUCSL&cosd=1999-12-01&vintage_date=2006-06-14,2006-06-14,403d329a626911036f0fadfa553e5f1834bf9b36b508dfa5cadef8a35bfacc24
CPIAUCSL,2006-06,2006-07-19,202.30,https://alfred.stlouisfed.org/graph/alfredgraph.csv?id=CPIAUCSL&cosd=1999-12-01&vintage_date=2006-07-19,2006-07-19,6b46821ba731809656b78c01f653755ed1d11711a6c1894bed20d734b5c54715
CPIAUCSL,2006-07,2006-08-16,203.20,https://alfred.stlouisfed.org/graph/alfredgraph.csv?id=CPIAUCSL&cosd=1999-12-01&vintage_date=2006-08-16,2006-08-16,26494ce922b246cf69e869f1b8fe4c06826d6ea561ab1cb1b8fd9e19ac719abf
CPIAUCSL,2006-08,2006-09-15,203.70,https://alfred.stlouisfed.org/graph/alfredgraph.csv?id=CPIAUCSL&cosd=1999-12-01&vintage_date=2006-09-15,2006-09-15,25b07c952be7ca37a72d64c084ba1a8895868fa20db9c67b19db2b0d169a3584
CPIAUCSL,2006-09,2006-10-18,202.70,https://alfred.stlouisfed.org/graph/alfredgraph.csv?id=CPIAUCSL&cosd=1999-12-01&vintage_date=2006-10-18,2006-10-18,6a6ed8db92dbbdcfde1da020adc0c23c30c57ff8184ec226f94eaa80e7066f38
CPIAUCSL,2006-10,2006-11-16,201.70,https://alfred.stlouisfed.org/graph/alfredgraph.csv?id=CPIAUCSL&cosd=1999-12-01&vintage_date=2006-11-16,2006-11-16,05d8246c9535bef2b864ae60da996019fddcbb94ceed99fa23a8713f8cdd0659
CPIAUCSL,2006-11,2006-12-15,201.70,https://alfred.stlouisfed.org/graph/alfredgraph.csv?id=CPIAUCSL&cosd=1999-12-01&vintage_date=2006-12-15,2006-12-15,f09813acfc65ff5eb25a7c8722d52a0b39e6f747bf8b79c8a7daef1b9ec5d8f9
CPIAUCSL,2006-12,2007-01-18,202.80,https://alfred.stlouisfed.org/graph/alfredgraph.csv?id=CPIAUCSL&cosd=1999-12-01&vintage_date=2007-01-18,2007-01-18,4e802ba92c3442d22d9dfc86994dee8e885b8783c1a18425d461e2c3181d230d
CPIAUCSL,2007-01,2007-02-21,203.153,https://alfred.stlouisfed.org/graph/alfredgraph.csv?id=CPIAUCSL&cosd=1999-12-01&vintage_date=2007-02-21,2007-02-21,3297e7c978f8858e184f10bee419cdc1c9189c7449730c29067c708f790f5357
CPIAUCSL,2007-02,2007-03-16,203.906,https://alfred.stlouisfed.org/graph/alfredgraph.csv?id=CPIAUCSL&cosd=1999-12-01&vintage_date=2007-03-16,2007-03-16,cbe49086a1ca8aa7ce361cee893a87afa78fc41e5ae3ee770881cc5a7c3d4228
CPIAUCSL,2007-03,2007-04-17,205.146,https://alfred.stlouisfed.org/graph/alfredgraph.csv?id=CPIAUCSL&cosd=1999-12-01&vintage_date=2007-04-17,2007-04-17,7b3c479c29abc141a8b5202f5bddfafc1dabedbe97c6f171c4d158bcfe33bd04
CPIAUCSL,2007-04,2007-05-15,205.999,https://alfred.stlouisfed.org/graph/alfredgraph.csv?id=CPIAUCSL&cosd=1999-12-01&vintage_date=2007-05-15,2007-05-15,ac44fa311e8f19cf21a19c980a4986488213a85501168959cc99c357103f49fa
CPIAUCSL,2007-05,2007-06-15,207.387,https://alfred.stlouisfed.org/graph/alfredgraph.csv?id=CPIAUCSL&cosd=1999-12-01&vintage_date=2007-06-15,2007-06-15,d4c546bfef0599843be1e587ef2a84183e9dcea9fa291e2ef95a5e0d4750b783
CPIAUCSL,2007-06,2007-07-18,207.784,https://alfred.stlouisfed.org/graph/alfredgraph.csv?id=CPIAUCSL&cosd=1999-12-01&vintage_date=2007-07-18,2007-07-18,5d612f390d740276a84bf59940e1e2eea6e3c67deb0173f13571ecfd9baf9beb
CPIAUCSL,2007-07,2007-08-15,208.028,https://alfred.stlouisfed.org/graph/alfredgraph.csv?id=CPIAUCSL&cosd=1999-12-01&vintage_date=2007-08-15,2007-08-15,5bea47d70be0da2171dbdb13a5a10a5de34ab26b9c9b2313fe077d5e3110c62f
CPIAUCSL,2007-08,2007-09-19,207.738,https://alfred.stlouisfed.org/graph/alfredgraph.csv?id=CPIAUCSL&cosd=1999-12-01&vintage_date=2007-09-19,2007-09-19,a742197fed1d1352bf482fa591d9d337db963845ed014093bf6a0aa937ef2593
CPIAUCSL,2007-09,2007-10-17,208.292,https://alfred.stlouisfed.org/graph/alfredgraph.csv?id=CPIAUCSL&cosd=1999-12-01&vintage_date=2007-10-17,2007-10-17,6105d207eff5c1f0c91b634a61351e2781ad047fdd6598d08ca2b1a407ce6ee5
CPIAUCSL,2007-10,2007-11-15,208.903,https://alfred.stlouisfed.org/graph/alfredgraph.csv?id=CPIAUCSL&cosd=1999-12-01&vintage_date=2007-11-15,2007-11-15,6654ccf6097bc165769aa638f473fffcc25cd445fd3addcde6b0297b18706d4f
CPIAUCSL,2007-11,2007-12-14,210.565,https://alfred.stlouisfed.org/graph/alfredgraph.csv?id=CPIAUCSL&cosd=1999-12-01&vintage_date=2007-12-14,2007-12-14,551c4f3063422fb064c0482b65b83f450b524090afe76626fdc7b7e9bb13166f
CPIAUCSL,2007-12,2008-01-16,211.160,https://alfred.stlouisfed.org/graph/alfredgraph.csv?id=CPIAUCSL&cosd=1999-12-01&vintage_date=2008-01-16,2008-01-16,e242b7fb97d6d75fb31d2d7dc01c6b30ba4fe0ce1b16524ba3831a565e0806be
CPIAUCSL,2008-01,2008-02-20,212.516,https://alfred.stlouisfed.org/graph/alfredgraph.csv?id=CPIAUCSL&cosd=1999-12-01&vintage_date=2008-02-20,2008-02-20,7aed3c64fc06cbf4b389b408557b673843efb4140563beb0011f1402f57abca6
CPIAUCSL,2008-02,2008-03-14,212.571,https://alfred.stlouisfed.org/graph/alfredgraph.csv?id=CPIAUCSL&cosd=1999-12-01&vintage_date=2008-03-14,2008-03-14,2e92a87097690e69ec98ee4ce7861b8c09d1f1643d5cf1668d5ec17eac5ff805
CPIAUCSL,2008-03,2008-04-16,213.301,https://alfred.stlouisfed.org/graph/alfredgraph.csv?id=CPIAUCSL&cosd=1999-12-01&vintage_date=2008-04-16,2008-04-16,5ff0f2b3a8d36f336b57ce4b4f2f6cc899d1e9ef7e0f6f2dbd8c95f6b3ad88e8
CPIAUCSL,2008-04,2008-05-14,213.743,https://alfred.stlouisfed.org/graph/alfredgraph.csv?id=CPIAUCSL&cosd=1999-12-01&vintage_date=2008-05-14,2008-05-14,b2d411ea5f50d377f78b22cb6b01e107410b02d5d3db379785c4de841814aa45
CPIAUCSL,2008-05,2008-06-13,215.132,https://alfred.stlouisfed.org/graph/alfredgraph.csv?id=CPIAUCSL&cosd=1999-12-01&vintage_date=2008-06-13,2008-06-13,a6c277cf188147bcbaf88dce62ae10319632784a9b3d9832a7d77173e29b19f9
CPIAUCSL,2008-06,2008-07-16,217.403,https://alfred.stlouisfed.org/graph/alfredgraph.csv?id=CPIAUCSL&cosd=1999-12-01&vintage_date=2008-07-16,2008-07-16,357980b1a5c98210bb15e975526365d7d509038b8abcd81dfd23698f63be99a1
CPIAUCSL,2008-07,2008-08-14,219.181,https://alfred.stlouisfed.org/graph/alfredgraph.csv?id=CPIAUCSL&cosd=1999-12-01&vintage_date=2008-08-14,2008-08-14,7b5133671ba1f448fae360bddff8a5afed4099337f81f60a10126ef0a68984dc
CPIAUCSL,2008-08,2008-09-16,218.880,https://alfred.stlouisfed.org/graph/alfredgraph.csv?id=CPIAUCSL&cosd=1999-12-01&vintage_date=2008-09-16,2008-09-16,76c1480a23a61b911a30c5fbda7b5ecaed06e961782f52898d42309f4729def1
CPIAUCSL,2008-09,2008-10-16,218.813,https://alfred.stlouisfed.org/graph/alfredgraph.csv?id=CPIAUCSL&cosd=1999-12-01&vintage_date=2008-10-16,2008-10-16,3073e0c4877f827d807c293e7c75289cfa0976c773fc772b1ec3bbb86e06a970
CPIAUCSL,2008-10,2008-11-19,216.710,https://alfred.stlouisfed.org/graph/alfredgraph.csv?id=CPIAUCSL&cosd=1999-12-01&vintage_date=2008-11-19,2008-11-19,96840240a06585f332f58f40c970e4b2bd2ea9fe791a178435c23dfa4f007932
CPIAUCSL,2008-11,2008-12-16,213.060,https://alfred.stlouisfed.org/graph/alfredgraph.csv?id=CPIAUCSL&cosd=1999-12-01&vintage_date=2008-12-16,2008-12-16,aad5617ee61c821cb26a635526586fb1e47553f412284b29c59413f064317be4
CPIAUCSL,2008-12,2009-01-16,211.490,https://alfred.stlouisfed.org/graph/alfredgraph.csv?id=CPIAUCSL&cosd=1999-12-01&vintage_date=2009-01-16,2009-01-16,67de92081f8626c73839350026b2f3afd3c158ffd88bb01ee32bcab722db0f49
CPIAUCSL,2009-01,2009-02-20,212.174,https://alfred.stlouisfed.org/graph/alfredgraph.csv?id=CPIAUCSL&cosd=1999-12-01&vintage_date=2009-02-20,2009-02-20,f0cd9ef861c2ed08d3dcbbb7953b0c3cb85fda6eadbcb1c68cfb9df4c4ed32c0
CPIAUCSL,2009-02,2009-03-18,213.007,https://alfred.stlouisfed.org/graph/alfredgraph.csv?id=CPIAUCSL&cosd=1999-12-01&vintage_date=2009-03-18,2009-03-18,0c6946481290f2506929cb127337b9879bf7288c7db5780efeea0bbb7f60b19b
CPIAUCSL,2009-03,2009-04-15,212.714,https://alfred.stlouisfed.org/graph/alfredgraph.csv?id=CPIAUCSL&cosd=1999-12-01&vintage_date=2009-04-15,2009-04-15,20d6e85f81c7b78b752a1c220a315c014ed425045a68c75d0b74670e1cd94cef
CPIAUCSL,2009-04,2009-05-15,212.671,https://alfred.stlouisfed.org/graph/alfredgraph.csv?id=CPIAUCSL&cosd=1999-12-01&vintage_date=2009-05-15,2009-05-15,fe9a9cab483dd87c09c6558d573210d6491f8d26b6bb259869adc2a1a768681c
CPIAUCSL,2009-05,2009-06-17,212.876,https://alfred.stlouisfed.org/graph/alfredgraph.csv?id=CPIAUCSL&cosd=1999-12-01&vintage_date=2009-06-17,2009-06-17,070a1005adb84f8eb5089fc621a02e45b78023c9127de61f8f7fd9445a92d1fc
CPIAUCSL,2009-06,2009-07-15,214.459,https://alfred.stlouisfed.org/graph/alfredgraph.csv?id=CPIAUCSL&cosd=1999-12-01&vintage_date=2009-07-15,2009-07-15,97ebb0ad8f1b09d347a58bbd269f9a4c154e70179afede827b168e9c8932a728
CPIAUCSL,2009-07,2009-08-14,214.469,https://alfred.stlouisfed.org/graph/alfredgraph.csv?id=CPIAUCSL&cosd=1999-12-01&vintage_date=2009-08-14,2009-08-14,bfcbd3aa95d376f3fbd149458fa8f2fd5bb18f75af580ec72d0d6a33de9ef29c
CPIAUCSL,2009-08,2009-09-16,215.428,https://alfred.stlouisfed.org/graph/alfredgraph.csv?id=CPIAUCSL&cosd=1999-12-01&vintage_date=2009-09-16,2009-09-16,a1763115303130c359cb299ce4230e3639e9998916a3ae99c7d5bebf19ad1fa3
CPIAUCSL,2009-09,2009-10-15,215.791,https://alfred.stlouisfed.org/graph/alfredgraph.csv?id=CPIAUCSL&cosd=1999-12-01&vintage_date=2009-10-15,2009-10-15,631286db78d8c8843ede2972ab815af4993eeb380d710e2cf32ec55e37a0a11e
CPIAUCSL,2009-10,2009-11-18,216.385,https://alfred.stlouisfed.org/graph/alfredgraph.csv?id=CPIAUCSL&cosd=1999-12-01&vintage_date=2009-11-18,2009-11-18,5c15f1d0914d458c767526b1fbd101c54e9c3c61ae33116279984fba3ea670de
CPIAUCSL,2009-11,2009-12-16,217.250,https://alfred.stlouisfed.org/graph/alfredgraph.csv?id=CPIAUCSL&cosd=1999-12-01&vintage_date=2009-12-16,2009-12-16,b74e6fc264c1010f2d9634f075a76b26a8fddced1ae99f3930d197925ada7253
CPIAUCSL,2009-12,2010-01-15,217.541,https://alfred.stlouisfed.org/graph/alfredgraph.csv?id=CPIAUCSL&cosd=1999-12-01&vintage_date=2010-01-15,2010-01-15,f350ebcf56420b2dbadb1d9593668db1c62ac4fa7badd185c26f3de673aaed2a
CPIAUCSL,2010-01,2010-02-19,217.587,https://alfred.stlouisfed.org/graph/alfredgraph.csv?id=CPIAUCSL&cosd=1999-12-01&vintage_date=2010-02-19,2010-02-19,5cfe40c1c9469e07495f016a6cd5de1bc0b41eb3db63692a8aae07ee46e2cca7
CPIAUCSL,2010-02,2010-03-18,217.591,https://alfred.stlouisfed.org/graph/alfredgraph.csv?id=CPIAUCSL&cosd=1999-12-01&vintage_date=2010-03-18,2010-03-18,9d58498b2ed1846ed0ac4f1146b2ff9282ff0af6629f0b6307334f554851b6ba
CPIAUCSL,2010-03,2010-04-14,217.729,https://alfred.stlouisfed.org/graph/alfredgraph.csv?id=CPIAUCSL&cosd=1999-12-01&vintage_date=2010-04-14,2010-04-14,7edf5c7c6776ef3f2f5a3fb1b039a5f1b0944b97883f990ef951db2d2e09ad59
CPIAUCSL,2010-04,2010-05-19,217.579,https://alfred.stlouisfed.org/graph/alfredgraph.csv?id=CPIAUCSL&cosd=1999-12-01&vintage_date=2010-05-19,2010-05-19,0d05e8d5366f78cfde4e049cd76d1f37b895f83b6bc3b1ee894ea34ba7c53f9a
CPIAUCSL,2010-05,2010-06-17,217.224,https://alfred.stlouisfed.org/graph/alfredgraph.csv?id=CPIAUCSL&cosd=1999-12-01&vintage_date=2010-06-17,2010-06-17,9307a107329f97e646c06a04bafd689f175014192b1293f092558fc52efb3e3e
CPIAUCSL,2010-06,2010-07-16,216.929,https://alfred.stlouisfed.org/graph/alfredgraph.csv?id=CPIAUCSL&cosd=1999-12-01&vintage_date=2010-07-16,2010-07-16,ce4788f8b1b3c7d8df99ee34b06dacb382bec86c5c4d5927e5a14a709a0d7867
CPIAUCSL,2010-07,2010-08-13,217.597,https://alfred.stlouisfed.org/graph/alfredgraph.csv?id=CPIAUCSL&cosd=1999-12-01&vintage_date=2010-08-13,2010-08-13,d1c3ce04536e2d409326ce6f8ec8eec7bed1741b12c5c30ec44a0d1601876b6a
CPIAUCSL,2010-08,2010-09-17,218.150,https://alfred.stlouisfed.org/graph/alfredgraph.csv?id=CPIAUCSL&cosd=1999-12-01&vintage_date=2010-09-17,2010-09-17,b994a3aa7ce761837b332e6ac7d409e131aff67687d6c3c9e49f776a1f7a4bbd
CPIAUCSL,2010-09,2010-10-15,218.372,https://alfred.stlouisfed.org/graph/alfredgraph.csv?id=CPIAUCSL&cosd=1999-12-01&vintage_date=2010-10-15,2010-10-15,4b5c36cc3c55e2b60230dcd2bbd3f774586c495199f0bf2b4fec972a2d5cddef
CPIAUCSL,2010-10,2010-11-17,218.879,https://alfred.stlouisfed.org/graph/alfredgraph.csv?id=CPIAUCSL&cosd=1999-12-01&vintage_date=2010-11-17,2010-11-17,c7b983b756c8f90dc8ae849dd26fe05acc1f0ce2f3f805db4c0a09cb21a6f08d
CPIAUCSL,2010-11,2010-12-15,219.146,https://alfred.stlouisfed.org/graph/alfredgraph.csv?id=CPIAUCSL&cosd=1999-12-01&vintage_date=2010-12-15,2010-12-15,9685edc8f27141299c348df1bc3f3b24375797fef907ca6558f462338ecfb40b
CPIAUCSL,2010-12,2011-01-14,220.252,https://alfred.stlouisfed.org/graph/alfredgraph.csv?id=CPIAUCSL&cosd=1999-12-01&vintage_date=2011-01-14,2011-01-14,584f5da61e0bb462f58640434639f31248c9db018337e007295e5c2f7654ba04
CPIAUCSL,2011-01,2011-02-17,221.062,https://alfred.stlouisfed.org/graph/alfredgraph.csv?id=CPIAUCSL&cosd=1999-12-01&vintage_date=2011-02-17,2011-02-17,73dbefe93b50f0eb2195df4d6690c7f7ea548714f94097974cd20650914318b8
CPIAUCSL,2011-02,2011-03-17,222.270,https://alfred.stlouisfed.org/graph/alfredgraph.csv?id=CPIAUCSL&cosd=1999-12-01&vintage_date=2011-03-17,2011-03-17,60e1187a8b2095664477aff24b6f508ef895da5d7df283b4a1a1c00c9460e166
CPIAUCSL,2011-03,2011-04-15,223.490,https://alfred.stlouisfed.org/graph/alfredgraph.csv?id=CPIAUCSL&cosd=1999-12-01&vintage_date=2011-04-15,2011-04-15,c3c06dce9884ed22327e62df7652121946ab48240de544fb73fd47d4fe217e6c
CPIAUCSL,2011-04,2011-05-13,224.433,https://alfred.stlouisfed.org/graph/alfredgraph.csv?id=CPIAUCSL&cosd=1999-12-01&vintage_date=2011-05-13,2011-05-13,473a3fe39a2c507ca15f2ff980ad02f49f8aa6076f65986dc424dbe8e5c32410
CPIAUCSL,2011-05,2011-06-15,224.804,https://alfred.stlouisfed.org/graph/alfredgraph.csv?id=CPIAUCSL&cosd=1999-12-01&vintage_date=2011-06-15,2011-06-15,b3363ddbc7d212b97a9b0986876aee33db8a434e80bc48fd3ff66717848f592d
CPIAUCSL,2011-06,2011-07-15,224.304,https://alfred.stlouisfed.org/graph/alfredgraph.csv?id=CPIAUCSL&cosd=1999-12-01&vintage_date=2011-07-15,2011-07-15,7926b37243de2462e878e02b4f1632692faf872b3614e1cbe36ba58cabcf0534
CPIAUCSL,2011-07,2011-08-18,225.425,https://alfred.stlouisfed.org/graph/alfredgraph.csv?id=CPIAUCSL&cosd=1999-12-01&vintage_date=2011-08-18,2011-08-18,83bab128519bae895b563bd20c95f3fdc39cb5666e614517452ae29cbcc58411
CPIAUCSL,2011-08,2011-09-15,226.268,https://alfred.stlouisfed.org/graph/alfredgraph.csv?id=CPIAUCSL&cosd=1999-12-01&vintage_date=2011-09-15,2011-09-15,1e1192a9cf8d45c103ed896744615861cae320916d5229817e9b92ff2ac1a8ad
CPIAUCSL,2011-09,2011-10-19,226.955,https://alfred.stlouisfed.org/graph/alfredgraph.csv?id=CPIAUCSL&cosd=1999-12-01&vintage_date=2011-10-19,2011-10-19,8bc5aa76a23106743d9c869ee8e7f3bf1242885817f26f17f3d9affaa2a59e88
CPIAUCSL,2011-10,2011-11-16,226.763,https://alfred.stlouisfed.org/graph/alfredgraph.csv?id=CPIAUCSL&cosd=1999-12-01&vintage_date=2011-11-16,2011-11-16,a87ad0c3b6bad110c69509e26286c195e780c84767beaf271b8e145a290cf8dc
CPIAUCSL,2011-11,2011-12-16,226.720,https://alfred.stlouisfed.org/graph/alfredgraph.csv?id=CPIAUCSL&cosd=1999-12-01&vintage_date=2011-12-16,2011-12-16,882a54d41f9bc2c77f5f2b9a4677d6f1b33d042d2ccfff1aef3af9f92e2d3bbe
CPIAUCSL,2011-12,2012-01-19,226.747,https://alfred.stlouisfed.org/graph/alfredgraph.csv?id=CPIAUCSL&cosd=1999-12-01&vintage_date=2012-01-19,2012-01-19,416de6854cf9b31042f847dfceaa82e9194a0d985498f17a0f8b0c661690dfeb
CPIAUCSL,2012-01,2012-02-17,227.505,https://alfred.stlouisfed.org/graph/alfredgraph.csv?id=CPIAUCSL&cosd=1999-12-01&vintage_date=2012-02-17,2012-02-17,a60d7555d5e214129ff31891e0b5f3a39137d2cf1697a1e6e90a8706551f5da2
CPIAUCSL,2012-02,2012-03-16,228.433,https://alfred.stlouisfed.org/graph/alfredgraph.csv?id=CPIAUCSL&cosd=1999-12-01&vintage_date=2012-03-16,2012-03-16,a9340d6a76508c7a16aecc31e409828360d87d37a20735dc1a15e5235f3d5f26
CPIAUCSL,2012-03,2012-04-13,229.098,https://alfred.stlouisfed.org/graph/alfredgraph.csv?id=CPIAUCSL&cosd=1999-12-01&vintage_date=2012-04-13,2012-04-13,5b0305a5d7a76ca2ef016f854f024ddff0bd57d37108c38551a485b1d2c4b3d8
CPIAUCSL,2012-04,2012-05-15,229.177,https://alfred.stlouisfed.org/graph/alfredgraph.csv?id=CPIAUCSL&cosd=1999-12-01&vintage_date=2012-05-15,2012-05-15,8865f768641462e1eb679bc24032d9e0a9789de9236ffee81097de46e72f824e
CPIAUCSL,2012-05,2012-06-14,228.527,https://alfred.stlouisfed.org/graph/alfredgraph.csv?id=CPIAUCSL&cosd=1999-12-01&vintage_date=2012-06-14,2012-06-14,95c796715a7c2c023475d954cb1d056f3a46d016a765f50d5ad9e1e6f254af02
CPIAUCSL,2012-06,2012-07-17,228.618,https://alfred.stlouisfed.org/graph/alfredgraph.csv?id=CPIAUCSL&cosd=1999-12-01&vintage_date=2012-07-17,2012-07-17,75ab43a5e19afdf5561dc239ba81f967f06253e814039fe07479ed414f7aa12c
CPIAUCSL,2012-07,2012-08-15,228.723,https://alfred.stlouisfed.org/graph/alfredgraph.csv?id=CPIAUCSL&cosd=1999-12-01&vintage_date=2012-08-15,2012-08-15,496b9df9df4ef1dfb40296705a4c333895d25392e44633716d99a6e2ca00d5db
CPIAUCSL,2012-08,2012-09-14,230.102,https://alfred.stlouisfed.org/graph/alfredgraph.csv?id=CPIAUCSL&cosd=1999-12-01&vintage_date=2012-09-14,2012-09-14,95cb74000acccca8a535a9e37bfa7ea03ecc995f0632eb6000a027e1b194128c
CPIAUCSL,2012-09,2012-10-16,231.414,https://alfred.stlouisfed.org/graph/alfredgraph.csv?id=CPIAUCSL&cosd=1999-12-01&vintage_date=2012-10-16,2012-10-16,dac71b05b90eb57116aefa18f9f78d82bd9664da21a13cd21c06142781bf0620
CPIAUCSL,2012-10,2012-11-15,231.751,https://alfred.stlouisfed.org/graph/alfredgraph.csv?id=CPIAUCSL&cosd=1999-12-01&vintage_date=2012-11-15,2012-11-15,5af5347a1db0b961faca076ccdabb1e0108ab2f5883acfb58edc0363e2d23c4f
CPIAUCSL,2012-11,2012-12-14,231.025,https://alfred.stlouisfed.org/graph/alfredgraph.csv?id=CPIAUCSL&cosd=1999-12-01&vintage_date=2012-12-14,2012-12-14,a493fe587b251f48226bcf92dc7770bd32662939f4803797d097b627279cafad
CPIAUCSL,2012-12,2013-01-16,230.979,https://alfred.stlouisfed.org/graph/alfredgraph.csv?id=CPIAUCSL&cosd=1999-12-01&vintage_date=2013-01-16,2013-01-16,34dc2ddfa0ae8f466748a1a20c77aaf438a2ca82f28ec481ada78613349f5aaf
CPIAUCSL,2013-01,2013-02-21,231.198,https://alfred.stlouisfed.org/graph/alfredgraph.csv?id=CPIAUCSL&cosd=1999-12-01&vintage_date=2013-02-21,2013-02-21,c093c2526d23688c00588c589652f3e078f9af93957cf90db20d88e3516961f8
CPIAUCSL,2013-02,2013-03-15,232.770,https://alfred.stlouisfed.org/graph/alfredgraph.csv?id=CPIAUCSL&cosd=1999-12-01&vintage_date=2013-03-15,2013-03-15,80646bfbed05d90d0b8f1871156f98a684f2779b51e8cca761350ec23623e802
CPIAUCSL,2013-03,2013-04-16,232.340,https://alfred.stlouisfed.org/graph/alfredgraph.csv?id=CPIAUCSL&cosd=1999-12-01&vintage_date=2013-04-16,2013-04-16,738330aea354140284f49019c682fa402ad2a6f0a46a2e06841e07b9bbd9930b
CPIAUCSL,2013-04,2013-05-16,231.485,https://alfred.stlouisfed.org/graph/alfredgraph.csv?id=CPIAUCSL&cosd=1999-12-01&vintage_date=2013-05-16,2013-05-16,75cd57f053cea79c5908311537c157dcd4139018ae6a691ed264d696ae61d74b
CPIAUCSL,2013-05,2013-06-18,231.831,https://alfred.stlouisfed.org/graph/alfredgraph.csv?id=CPIAUCSL&cosd=1999-12-01&vintage_date=2013-06-18,2013-06-18,dd5ea183edc3e6aa6c3129071660ca15121e3b956bf776b96b0559805528e25d
CPIAUCSL,2013-06,2013-07-16,232.944,https://alfred.stlouisfed.org/graph/alfredgraph.csv?id=CPIAUCSL&cosd=1999-12-01&vintage_date=2013-07-16,2013-07-16,adb5d10030a887b8bf04bab29810f7bfd4319005a870e63894be8deba8990e6a
CPIAUCSL,2013-07,2013-08-15,233.318,https://alfred.stlouisfed.org/graph/alfredgraph.csv?id=CPIAUCSL&cosd=1999-12-01&vintage_date=2013-08-15,2013-08-15,23a6c8df08cd056308104bd001481b33914452839e05ec4200dc84c007162a49
CPIAUCSL,2013-08,2013-09-17,233.526,https://alfred.stlouisfed.org/graph/alfredgraph.csv?id=CPIAUCSL&cosd=1999-12-01&vintage_date=2013-09-17,2013-09-17,d884691eb2ed43bff77162df1eb10e93d4724c4c5f068a2185788a9f6964fcb1
CPIAUCSL,2013-09,2013-10-30,233.947,https://alfred.stlouisfed.org/graph/alfredgraph.csv?id=CPIAUCSL&cosd=1999-12-01&vintage_date=2013-10-30,2013-10-30,30f7f609c0c796908fd23782580b6051c404828f2ed2b099f86fadcb20677ffb
CPIAUCSL,2013-10,2013-11-20,233.808,https://alfred.stlouisfed.org/graph/alfredgraph.csv?id=CPIAUCSL&cosd=1999-12-01&vintage_date=2013-11-20,2013-11-20,f54eb139d7afdb0f3c739be71774d0b9bf5a3d3266fc1033ce8952cfc221eec2
CPIAUCSL,2013-11,2013-12-17,233.887,https://alfred.stlouisfed.org/graph/alfredgraph.csv?id=CPIAUCSL&cosd=1999-12-01&vintage_date=2013-12-17,2013-12-17,bb35cb31787fbc5f299cafa7c63f64b6938c53631fed6a391a84e22ddaac6767
CPIAUCSL,2013-12,2014-01-16,234.582,https://alfred.stlouisfed.org/graph/alfredgraph.csv?id=CPIAUCSL&cosd=1999-12-01&vintage_date=2014-01-16,2014-01-16,72601d0c5699b32cbc629aa410415f9a577099ae225c84daf590e63a5d771210
CPIAUCSL,2014-01,2014-02-20,234.933,https://alfred.stlouisfed.org/graph/alfredgraph.csv?id=CPIAUCSL&cosd=1999-12-01&vintage_date=2014-02-20,2014-02-20,de09e833479f7ba53f4cc51def97399be74e1b868317e9d7f0f1ea0550742411
CPIAUCSL,2014-02,2014-03-18,235.169,https://alfred.stlouisfed.org/graph/alfredgraph.csv?id=CPIAUCSL&cosd=1999-12-01&vintage_date=2014-03-18,2014-03-18,df7c262491c2801fd0555e209f149c77e959b89b9277f8ff2289689fc06431c6
CPIAUCSL,2014-03,2014-04-15,235.640,https://alfred.stlouisfed.org/graph/alfredgraph.csv?id=CPIAUCSL&cosd=1999-12-01&vintage_date=2014-04-15,2014-04-15,f55bc4a26b00f2bde77e9ecc6a4c4561388199761cd9b50faa8a38d5cf23ca57
CPIAUCSL,2014-04,2014-05-15,236.254,https://alfred.stlouisfed.org/graph/alfredgraph.csv?id=CPIAUCSL&cosd=1999-12-01&vintage_date=2014-05-15,2014-05-15,37428aa0ae3f5a7915119e04260bc3596a5dcde525275bfb4d9584babd52c992
CPIAUCSL,2014-05,2014-06-17,237.083,https://alfred.stlouisfed.org/graph/alfredgraph.csv?id=CPIAUCSL&cosd=1999-12-01&vintage_date=2014-06-17,2014-06-17,8ef9a311b9122f99fd8eda9f33f4b0f7beb11348df731633626c999b2f9fea2f
CPIAUCSL,2014-06,2014-07-22,237.693,https://alfred.stlouisfed.org/graph/alfredgraph.csv?id=CPIAUCSL&cosd=1999-12-01&vintage_date=2014-07-22,2014-07-22,b8094fa00aaee85ec40578783634afa4b511b7ebcd164c5bcb68f255ca8b7013
CPIAUCSL,2014-07,2014-08-19,237.909,https://alfred.stlouisfed.org/graph/alfredgraph.csv?id=CPIAUCSL&cosd=1999-12-01&vintage_date=2014-08-19,2014-08-19,dca073d4c4d7dbff821feb30e7fa60537aeca5eb3468ca40b565b908e582861a
CPIAUCSL,2014-08,2014-09-17,237.428,https://alfred.stlouisfed.org/graph/alfredgraph.csv?id=CPIAUCSL&cosd=1999-12-01&vintage_date=2014-09-17,2014-09-17,916954779e852a687912e1f99f23b13ce161e11a15a707eabbda63f4277abd04
CPIAUCSL,2014-09,2014-10-22,237.633,https://alfred.stlouisfed.org/graph/alfredgraph.csv?id=CPIAUCSL&cosd=1999-12-01&vintage_date=2014-10-22,2014-10-22,08fef949a45673192aa8ae01f49e87be717ce5372470b6817c52140b311abbc0
CPIAUCSL,2014-10,2014-11-20,237.642,https://alfred.stlouisfed.org/graph/alfredgraph.csv?id=CPIAUCSL&cosd=1999-12-01&vintage_date=2014-11-20,2014-11-20,3a3579b401df98c0c34bc74789cbd33e2e43ea512b7d8ade9374d79d325a67c0
CPIAUCSL,2014-11,2014-12-17,237.032,https://alfred.stlouisfed.org/graph/alfredgraph.csv?id=CPIAUCSL&cosd=1999-12-01&vintage_date=2014-12-17,2014-12-17,61818853571fdb5bab63a9e4d892f755485d6a9938f654b95988c19643047c60
CPIAUCSL,2014-12,2015-01-16,236.149,https://alfred.stlouisfed.org/graph/alfredgraph.csv?id=CPIAUCSL&cosd=1999-12-01&vintage_date=2015-01-16,2015-01-16,12551177d8bfef8377a444d357515a105c7e84b70ece556666d4f62966b532be
CPIAUCSL,2015-01,2015-02-26,234.677,https://alfred.stlouisfed.org/graph/alfredgraph.csv?id=CPIAUCSL&cosd=1999-12-01&vintage_date=2015-02-26,2015-02-26,934ae2d4bc6df9e98e598a9cfbaec63ac18f72c188d9352de6b9a759c0a012f9
CPIAUCSL,2015-02,2015-03-24,235.186,https://alfred.stlouisfed.org/graph/alfredgraph.csv?id=CPIAUCSL&cosd=1999-12-01&vintage_date=2015-03-24,2015-03-24,d8e660f76bbc97b98f97878fa17883acd334d14f2616a41ad89e2ed2125f811d
CPIAUCSL,2015-03,2015-04-17,235.740,https://alfred.stlouisfed.org/graph/alfredgraph.csv?id=CPIAUCSL&cosd=1999-12-01&vintage_date=2015-04-17,2015-04-17,4014eddddd267ae66e602a65cee8d0484dc34983ba410a78899c1c163ea23ba7
CPIAUCSL,2015-04,2015-05-22,235.982,https://alfred.stlouisfed.org/graph/alfredgraph.csv?id=CPIAUCSL&cosd=1999-12-01&vintage_date=2015-05-22,2015-05-22,978c1ef41de5015b4f6922d1a4186249331d1ee701c329d1fa88dad053aa5897
CPIAUCSL,2015-05,2015-06-18,237.031,https://alfred.stlouisfed.org/graph/alfredgraph.csv?id=CPIAUCSL&cosd=1999-12-01&vintage_date=2015-06-18,2015-06-18,14328c312c23401a80190ff090d7515242f0d8aec5b06c3ddf1db93078aae4c6
CPIAUCSL,2015-06,2015-07-17,237.786,https://alfred.stlouisfed.org/graph/alfredgraph.csv?id=CPIAUCSL&cosd=1999-12-01&vintage_date=2015-07-17,2015-07-17,36a5c9d2ab6d422f616b82c1fa7f0744ca181752a01d1c92ca1bc92085fcb8db
CPIAUCSL,2015-07,2015-08-19,238.099,https://alfred.stlouisfed.org/graph/alfredgraph.csv?id=CPIAUCSL&cosd=1999-12-01&vintage_date=2015-08-19,2015-08-19,20055a17eabc17df47ba143d774492e2327456be4c062cabef53b9efc5433531
CPIAUCSL,2015-08,2015-09-16,237.931,https://alfred.stlouisfed.org/graph/alfredgraph.csv?id=CPIAUCSL&cosd=1999-12-01&vintage_date=2015-09-16,2015-09-16,f611aba6a04e2b335a8baf38170b12798af1c917fe1bbeaef2143e09a52803d8
CPIAUCSL,2015-09,2015-10-15,237.566,https://alfred.stlouisfed.org/graph/alfredgraph.csv?id=CPIAUCSL&cosd=1999-12-01&vintage_date=2015-10-15,2015-10-15,e097b70b533c905b04e27160513469d8efebb2d68020601860f42fbe81b96817
CPIAUCSL,2015-10,2015-11-17,238.042,https://alfred.stlouisfed.org/graph/alfredgraph.csv?id=CPIAUCSL&cosd=1999-12-01&vintage_date=2015-11-17,2015-11-17,d3f2c5f5c21a2632e1286fd13fe24c46cc5a2d0ce61b24b014cfb235a4546de3
CPIAUCSL,2015-11,2015-12-15,238.111,https://alfred.stlouisfed.org/graph/alfredgraph.csv?id=CPIAUCSL&cosd=1999-12-01&vintage_date=2015-12-15,2015-12-15,6382971e5b6c4aee29c1bddef46d42493c228c62c4c75639d5bc6950378e47e1
CPIAUCSL,2015-12,2016-01-20,237.847,https://alfred.stlouisfed.org/graph/alfredgraph.csv?id=CPIAUCSL&cosd=1999-12-01&vintage_date=2016-01-20,2016-01-20,eede4209d7952029d433c94a1bc46f4f5182b2ea16f0081276bbf4f7f85665ef
CPIAUCSL,2016-01,2016-02-19,238.107,https://alfred.stlouisfed.org/graph/alfredgraph.csv?id=CPIAUCSL&cosd=1999-12-01&vintage_date=2016-02-19,2016-02-19,e8fa11ca7a6c9d5afcfef9e24408aa584031db454afca6cc119b693f94a04932
CPIAUCSL,2016-02,2016-03-16,237.707,https://alfred.stlouisfed.org/graph/alfredgraph.csv?id=CPIAUCSL&cosd=1999-12-01&vintage_date=2016-03-16,2016-03-16,e29372ff9c564ebefb445bdc995fa5ba4258acfadabefd47036bf22bf5f732ff
CPIAUCSL,2016-03,2016-04-14,237.920,https://alfred.stlouisfed.org/graph/alfredgraph.csv?id=CPIAUCSL&cosd=1999-12-01&vintage_date=2016-04-14,2016-04-14,fd1deabb98856902b6b22a8d3ebde348c5349bbd690029632c8a6f2ec412639e
CPIAUCSL,2016-04,2016-05-17,238.890,https://alfred.stlouisfed.org/graph/alfredgraph.csv?id=CPIAUCSL&cosd=1999-12-01&vintage_date=2016-05-17,2016-05-17,1e5913bd87b941302bf34ad41de77c1388f558a4adfcbafff3496579441101d0
CPIAUCSL,2016-05,2016-06-16,239.410,https://alfred.stlouisfed.org/graph/alfredgraph.csv?id=CPIAUCSL&cosd=1999-12-01&vintage_date=2016-06-16,2016-06-16,cf2bf7dd9c27dbf92d3b56a12b83f1f8479b457139804bd2679f65170e1abb96
CPIAUCSL,2016-06,2016-07-15,239.927,https://alfred.stlouisfed.org/graph/alfredgraph.csv?id=CPIAUCSL&cosd=1999-12-01&vintage_date=2016-07-15,2016-07-15,48e67a185e94aa4686c17aa375103eab46a50d485581f3f9c3e2aa3d6c101256
CPIAUCSL,2016-07,2016-08-16,239.828,https://alfred.stlouisfed.org/graph/alfredgraph.csv?id=CPIAUCSL&cosd=1999-12-01&vintage_date=2016-08-16,2016-08-16,e358016b7a013797a66f2ead6a04bb8aeeab32891efe354bdce07d5a1f6120a5
CPIAUCSL,2016-08,2016-09-16,240.305,https://alfred.stlouisfed.org/graph/alfredgraph.csv?id=CPIAUCSL&cosd=1999-12-01&vintage_date=2016-09-16,2016-09-16,24de331c489772ca192f155cc4f3560b40f10053c0050c9ba7db77d4ba01bf79
CPIAUCSL,2016-09,2016-10-18,241.002,https://alfred.stlouisfed.org/graph/alfredgraph.csv?id=CPIAUCSL&cosd=1999-12-01&vintage_date=2016-10-18,2016-10-18,2baf3fceccf46fe80544bf31cf86cca733117fa956945fd9ade9c4f1272148e5
CPIAUCSL,2016-10,2016-11-17,241.863,https://alfred.stlouisfed.org/graph/alfredgraph.csv?id=CPIAUCSL&cosd=1999-12-01&vintage_date=2016-11-17,2016-11-17,f6f2f2f4ff99682908d1401858232231db278ee6915ad68179fde63dba2e3352
CPIAUCSL,2016-11,2016-12-15,242.348,https://alfred.stlouisfed.org/graph/alfredgraph.csv?id=CPIAUCSL&cosd=1999-12-01&vintage_date=2016-12-15,2016-12-15,2b7582915ce1d333526e35693329170b0fde95aefc625c4ddac26ded2e760e4d
CPIAUCSL,2016-12,2017-01-18,243.032,https://alfred.stlouisfed.org/graph/alfredgraph.csv?id=CPIAUCSL&cosd=1999-12-01&vintage_date=2017-01-18,2017-01-18,be9f94692e45cb5e07bb1148837ec9165c509d0054163f1e99b7d78ca767073b
CPIAUCSL,2017-01,2017-02-15,244.158,https://alfred.stlouisfed.org/graph/alfredgraph.csv?id=CPIAUCSL&cosd=1999-12-01&vintage_date=2017-02-15,2017-02-15,65b93a4b29a18be0746314a723e5e2e7422164048388d6a62de2298b32ad0dfb
CPIAUCSL,2017-02,2017-03-15,244.456,https://alfred.stlouisfed.org/graph/alfredgraph.csv?id=CPIAUCSL&cosd=1999-12-01&vintage_date=2017-03-15,2017-03-15,66f099f61b05b4f4ae25606a6fae6efc22ccc1fef0418ceb635877eb9ccd0ac8
CPIAUCSL,2017-03,2017-04-14,243.752,https://alfred.stlouisfed.org/graph/alfredgraph.csv?id=CPIAUCSL&cosd=1999-12-01&vintage_date=2017-04-14,2017-04-14,ae0146e7ca9ebedcb2e1e3c7e729c024e2aa6b109cc8512ada2e8f259bc30b8a
CPIAUCSL,2017-04,2017-05-12,244.158,https://alfred.stlouisfed.org/graph/alfredgraph.csv?id=CPIAUCSL&cosd=1999-12-01&vintage_date=2017-05-12,2017-05-12,3c7897383d04ed67b3e79ecc9776c1efe00c652d575ef3e2687c53c1759efe33
CPIAUCSL,2017-05,2017-06-14,243.846,https://alfred.stlouisfed.org/graph/alfredgraph.csv?id=CPIAUCSL&cosd=1999-12-01&vintage_date=2017-06-14,2017-06-14,4bb3b1cf687f0f4629924a931ef30416f64fe6d94ffe61a051799dd4c26993ff
CPIAUCSL,2017-06,2017-07-14,243.790,https://alfred.stlouisfed.org/graph/alfredgraph.csv?id=CPIAUCSL&cosd=1999-12-01&vintage_date=2017-07-14,2017-07-14,facaff568acf826848b1995f9c87742d36e9220dfcfe2601ffc2e8fa2e05d0e7
CPIAUCSL,2017-07,2017-08-11,244.048,https://alfred.stlouisfed.org/graph/alfredgraph.csv?id=CPIAUCSL&cosd=1999-12-01&vintage_date=2017-08-11,2017-08-11,5c06d2b0f49916c7ba0ec89732b644a1ac8f98bff689538bcce9791f03c5c429
CPIAUCSL,2017-08,2017-09-14,245.030,https://alfred.stlouisfed.org/graph/alfredgraph.csv?id=CPIAUCSL&cosd=1999-12-01&vintage_date=2017-09-14,2017-09-14,066d3e05c3c320badf9489833d40bbef5836247ee4162d5815d06233670bc770
CPIAUCSL,2017-09,2017-10-13,246.373,https://alfred.stlouisfed.org/graph/alfredgraph.csv?id=CPIAUCSL&cosd=1999-12-01&vintage_date=2017-10-13,2017-10-13,535c5ae627aec98e5f9d68659bb967d832ab86460d7b3abc633b03f099bbf5ec
CPIAUCSL,2017-10,2017-11-15,246.639,https://alfred.stlouisfed.org/graph/alfredgraph.csv?id=CPIAUCSL&cosd=1999-12-01&vintage_date=2017-11-15,2017-11-15,f0f3f6083a609d8737b817c8767402bed1e0ce3d22a946e5a1828ee88bbe7fad
CPIAUCSL,2017-11,2017-12-13,247.592,https://alfred.stlouisfed.org/graph/alfredgraph.csv?id=CPIAUCSL&cosd=1999-12-01&vintage_date=2017-12-13,2017-12-13,0ed024d03aa20c2debbd4065b4137e5c0db2aa282c9dc72408da1aa051cded97
CPIAUCSL,2017-12,2018-01-12,247.963,https://alfred.stlouisfed.org/graph/alfredgraph.csv?id=CPIAUCSL&cosd=1999-12-01&vintage_date=2018-01-12,2018-01-12,afb33d7f9b14a575016f33bf46ef111bd63df66a1d0164c279cd8d85d1228f7e
CPIAUCSL,2018-01,2018-02-14,249.245,https://alfred.stlouisfed.org/graph/alfredgraph.csv?id=CPIAUCSL&cosd=1999-12-01&vintage_date=2018-02-14,2018-02-14,2ab9f4396fc48f02c196974010dce70c142931c6e27cfc2e1ff6e66ccd3fdb6d
CPIAUCSL,2018-02,2018-03-13,249.619,https://alfred.stlouisfed.org/graph/alfredgraph.csv?id=CPIAUCSL&cosd=1999-12-01&vintage_date=2018-03-13,2018-03-13,e4346a583c4e0f912ae21aef5c4fae289530a3d563f87aa07a49606e4c8e8380
CPIAUCSL,2018-03,2018-04-11,249.462,https://alfred.stlouisfed.org/graph/alfredgraph.csv?id=CPIAUCSL&cosd=1999-12-01&vintage_date=2018-04-11,2018-04-11,568f9db096d0405e7a33a05c74a89545fb113de347dd38303b163b2c0bd5b15d
CPIAUCSL,2018-04,2018-05-10,250.013,https://alfred.stlouisfed.org/graph/alfredgraph.csv?id=CPIAUCSL&cosd=1999-12-01&vintage_date=2018-05-10,2018-05-10,b42524c7312a5d05b44139c3e269f8539faa1f97c7d8e36b4886e25a3b19c6d2
CPIAUCSL,2018-05,2018-06-12,250.535,https://alfred.stlouisfed.org/graph/alfredgraph.csv?id=CPIAUCSL&cosd=1999-12-01&vintage_date=2018-06-12,2018-06-12,a05bdb74dda0ae02a9e0765efeaadaacdc05dd3f675b7b940bd3b329a1beb91b
CPIAUCSL,2018-06,2018-07-12,250.857,https://alfred.stlouisfed.org/graph/alfredgraph.csv?id=CPIAUCSL&cosd=1999-12-01&vintage_date=2018-07-12,2018-07-12,59547ff5e6813ecdac6e41a02c1d1764ecef4f382c7c0038b61bfda3c9d4020c
CPIAUCSL,2018-07,2018-08-10,251.286,https://alfred.stlouisfed.org/graph/alfredgraph.csv?id=CPIAUCSL&cosd=1999-12-01&vintage_date=2018-08-10,2018-08-10,80e01ad26d3674d5b00f172687a96807e5dbc5ed8e672c8d8e1feba0f5db02ca
CPIAUCSL,2018-08,2018-09-13,251.846,https://alfred.stlouisfed.org/graph/alfredgraph.csv?id=CPIAUCSL&cosd=1999-12-01&vintage_date=2018-09-13,2018-09-13,0a979a657e5484b3d2d46d7379f89a2673ecfc0382c54aa66df7b8e717fffa2d
CPIAUCSL,2018-09,2018-10-11,251.994,https://alfred.stlouisfed.org/graph/alfredgraph.csv?id=CPIAUCSL&cosd=1999-12-01&vintage_date=2018-10-11,2018-10-11,930b3df6c1a9b421487efb0ce2ad412b8c28cb7c11a5f7dc0be2cd6525e3f505
CPIAUCSL,2018-10,2018-11-14,252.827,https://alfred.stlouisfed.org/graph/alfredgraph.csv?id=CPIAUCSL&cosd=1999-12-01&vintage_date=2018-11-14,2018-11-14,64eb350dabf4631d89fc191a3a6021d9c18caec4336cb522fbfddc123fa22ebc
CPIAUCSL,2018-11,2018-12-12,252.876,https://alfred.stlouisfed.org/graph/alfredgraph.csv?id=CPIAUCSL&cosd=1999-12-01&vintage_date=2018-12-12,2018-12-12,e37dac8661edbe87f4885bd0a1fb12fcae8ad4db99a6e9b2c70eea2f8a1f7894
CPIAUCSL,2018-12,2019-01-11,252.733,https://alfred.stlouisfed.org/graph/alfredgraph.csv?id=CPIAUCSL&cosd=1999-12-01&vintage_date=2019-01-11,2019-01-11,b0578ca082b62bb268db5a7f22f810947548b1664eb3d356764541b3e4096daf
CPIAUCSL,2019-01,2019-02-13,252.673,https://alfred.stlouisfed.org/graph/alfredgraph.csv?id=CPIAUCSL&cosd=1999-12-01&vintage_date=2019-02-13,2019-02-13,9b0add11cacc56623c2d2669a991ea2d716894c5166c08b024505c56bfb796d3
CPIAUCSL,2019-02,2019-03-12,253.113,https://alfred.stlouisfed.org/graph/alfredgraph.csv?id=CPIAUCSL&cosd=1999-12-01&vintage_date=2019-03-12,2019-03-12,0119742ab2f6a2de44464ca42ebc9f8262191e7b0d53dd79ba11f050c93becb6
CPIAUCSL,2019-03,2019-04-10,254.148,https://alfred.stlouisfed.org/graph/alfredgraph.csv?id=CPIAUCSL&cosd=1999-12-01&vintage_date=2019-04-10,2019-04-10,e2af9cdc81988f63c4504f1deb5a4d4096fa22f5affbc538e9d9c35372b96057
CPIAUCSL,2019-04,2019-05-10,254.958,https://alfred.stlouisfed.org/graph/alfredgraph.csv?id=CPIAUCSL&cosd=1999-12-01&vintage_date=2019-05-10,2019-05-10,24e7ba95aa78b63cdd4c16c9ba8d9fb873760aee168b2c94b17f181580ddf9f5
CPIAUCSL,2019-05,2019-06-12,255.155,https://alfred.stlouisfed.org/graph/alfredgraph.csv?id=CPIAUCSL&cosd=1999-12-01&vintage_date=2019-06-12,2019-06-12,69ef81fee41cc38ef865e96377d20201831dda1c0045ba6475a44f21d6db448a
CPIAUCSL,2019-06,2019-07-11,255.305,https://alfred.stlouisfed.org/graph/alfredgraph.csv?id=CPIAUCSL&cosd=1999-12-01&vintage_date=2019-07-11,2019-07-11,07b53201485b6fea67d9e19345592868010a44726124829288b061fcb537ff33
CPIAUCSL,2019-07,2019-08-13,256.161,https://alfred.stlouisfed.org/graph/alfredgraph.csv?id=CPIAUCSL&cosd=1999-12-01&vintage_date=2019-08-13,2019-08-13,82ffb671f424cd6b0e375a9bca26811bb68cbdfa6b1baaf9860a1d372abc1878
CPIAUCSL,2019-08,2019-09-12,256.300,https://alfred.stlouisfed.org/graph/alfredgraph.csv?id=CPIAUCSL&cosd=1999-12-01&vintage_date=2019-09-12,2019-09-12,15cddd1d0d6213c6f724ff5b0ac69a11b5d53d1cbb8a681be124282a6adab592
CPIAUCSL,2019-09,2019-10-10,256.358,https://alfred.stlouisfed.org/graph/alfredgraph.csv?id=CPIAUCSL&cosd=1999-12-01&vintage_date=2019-10-10,2019-10-10,3b8b1abb23cc8b4ed7297b79d3d799fd716e921e7a3bdcbd1414f48583ec8e2b
CPIAUCSL,2019-10,2019-11-13,257.271,https://alfred.stlouisfed.org/graph/alfredgraph.csv?id=CPIAUCSL&cosd=1999-12-01&vintage_date=2019-11-13,2019-11-13,4b840eb42bc205f5e0270a241c3b3c2a36a2d23bdf1644cd614af26e4f20e522
CPIAUCSL,2019-11,2019-12-11,257.936,https://alfred.stlouisfed.org/graph/alfredgraph.csv?id=CPIAUCSL&cosd=1999-12-01&vintage_date=2019-12-11,2019-12-11,ff42a93ffb3ebacd70e09fbcd31f925b017407deaf6a8434c4b78133264e5fa6
CPIAUCSL,2019-12,2020-01-14,258.501,https://alfred.stlouisfed.org/graph/alfredgraph.csv?id=CPIAUCSL&cosd=1999-12-01&vintage_date=2020-01-14,2020-01-14,f2be49641e4e00e36d2b7cd6df2b5c280d3e1bb2404d9d7430fa2f271b0d8cd6
CPIAUCSL,2020-01,2020-02-13,258.820,https://alfred.stlouisfed.org/graph/alfredgraph.csv?id=CPIAUCSL&cosd=1999-12-01&vintage_date=2020-02-13,2020-02-13,cc4551f996195828b132ad740318ba69e9f3ef6491e43e0f9c18597b58d62773
CPIAUCSL,2020-02,2020-03-11,259.050,https://alfred.stlouisfed.org/graph/alfredgraph.csv?id=CPIAUCSL&cosd=1999-12-01&vintage_date=2020-03-11,2020-03-11,2ddec72fa8e51074ed8c27da8578d87ccebd3ddd41cc8d95f8c7c98f25eb1f71
CPIAUCSL,2020-03,2020-04-10,257.953,https://alfred.stlouisfed.org/graph/alfredgraph.csv?id=CPIAUCSL&cosd=1999-12-01&vintage_date=2020-04-10,2020-04-10,e96a340cce94d2e7fa897c381c8288068e0865cebc9322fc021bad274f7055d3
CPIAUCSL,2020-04,2020-05-12,255.902,https://alfred.stlouisfed.org/graph/alfredgraph.csv?id=CPIAUCSL&cosd=1999-12-01&vintage_date=2020-05-12,2020-05-12,d9d5092e5d8759652975ff428c6f01c072ab0f5e6b34144d5fc767081be767ac
CPIAUCSL,2020-05,2020-06-10,255.768,https://alfred.stlouisfed.org/graph/alfredgraph.csv?id=CPIAUCSL&cosd=1999-12-01&vintage_date=2020-06-10,2020-06-10,ddf745fe7a02127287b1374abefbe06a7e5734a8c5c01957fdf54513240206cc
CPIAUCSL,2020-06,2020-07-14,257.214,https://alfred.stlouisfed.org/graph/alfredgraph.csv?id=CPIAUCSL&cosd=1999-12-01&vintage_date=2020-07-14,2020-07-14,60aaec5b01cd0c942a5967a0ddcfd65c4e3993c3d32ba0bb91dad4ba95e331d8
CPIAUCSL,2020-07,2020-08-12,258.723,https://alfred.stlouisfed.org/graph/alfredgraph.csv?id=CPIAUCSL&cosd=1999-12-01&vintage_date=2020-08-12,2020-08-12,fe32fbb638e80b66abb821c844487277b0f43284f5bbd7233ec36d5c989ebf34
CPIAUCSL,2020-08,2020-09-11,259.681,https://alfred.stlouisfed.org/graph/alfredgraph.csv?id=CPIAUCSL&cosd=1999-12-01&vintage_date=2020-09-11,2020-09-11,791ccfc49460ffed7a3bf748c473f0380bf6f70ccddb78c27ed715aa892539c5
CPIAUCSL,2020-09,2020-10-13,260.209,https://alfred.stlouisfed.org/graph/alfredgraph.csv?id=CPIAUCSL&cosd=1999-12-01&vintage_date=2020-10-13,2020-10-13,aaaa27bb93dc36ded1c64858151e3e95eb749e7eae0541b9028f77e902729a0f
CPIAUCSL,2020-10,2020-11-12,260.325,https://alfred.stlouisfed.org/graph/alfredgraph.csv?id=CPIAUCSL&cosd=1999-12-01&vintage_date=2020-11-12,2020-11-12,aed32895e649947f937a42fe5feff75d03e0d59785d1c2b42d16825a59256194
CPIAUCSL,2020-11,2020-12-10,260.817,https://alfred.stlouisfed.org/graph/alfredgraph.csv?id=CPIAUCSL&cosd=1999-12-01&vintage_date=2020-12-10,2020-12-10,c056c3fae89a47c0bf5085eeb0e0e7f27fc2cc3ceeb55d566f7f82fbd2c765f8
CPIAUCSL,2020-12,2021-01-13,261.775,https://alfred.stlouisfed.org/graph/alfredgraph.csv?id=CPIAUCSL&cosd=1999-12-01&vintage_date=2021-01-13,2021-01-13,2ff79b10c118fd7a445073f562644e7fc7c2775b468a25b7d9e4bdb7345086f1
CPIAUCSL,2021-01,2021-02-10,262.231,https://alfred.stlouisfed.org/graph/alfredgraph.csv?id=CPIAUCSL&cosd=1999-12-01&vintage_date=2021-02-10,2021-02-10,177f211eab01e0b863eb5f1ccd3cc385fcfdc40370f4580e999cbc586729e9c7
CPIAUCSL,2021-02,2021-03-10,263.161,https://alfred.stlouisfed.org/graph/alfredgraph.csv?id=CPIAUCSL&cosd=1999-12-01&vintage_date=2021-03-10,2021-03-10,ee516e0660b229c14102aa34bd53c50212c646de7304a1e3ba61a813ee97c21b
CPIAUCSL,2021-03,2021-04-13,264.793,https://alfred.stlouisfed.org/graph/alfredgraph.csv?id=CPIAUCSL&cosd=1999-12-01&vintage_date=2021-04-13,2021-04-13,31c85e91666756891a1e60d7b6702939872fcce2408699701e38a99645a15b24
CPIAUCSL,2021-04,2021-05-12,266.832,https://alfred.stlouisfed.org/graph/alfredgraph.csv?id=CPIAUCSL&cosd=1999-12-01&vintage_date=2021-05-12,2021-05-12,20527806d87d9cbb2865e447d5eed19e51e9d6f807e6e17818a6ebbb9b555293
CPIAUCSL,2021-05,2021-06-10,268.551,https://alfred.stlouisfed.org/graph/alfredgraph.csv?id=CPIAUCSL&cosd=1999-12-01&vintage_date=2021-06-10,2021-06-10,85b0512a4e986b16685087d1f6aa9d6a8ab3d477b397bffa82c524ae5a49346f
CPIAUCSL,2021-06,2021-07-13,270.981,https://alfred.stlouisfed.org/graph/alfredgraph.csv?id=CPIAUCSL&cosd=1999-12-01&vintage_date=2021-07-13,2021-07-13,c57d715083b3cc5346c6afa62db97da1c6de141d9ded72941391b042a1fc8274
CPIAUCSL,2021-07,2021-08-11,272.265,https://alfred.stlouisfed.org/graph/alfredgraph.csv?id=CPIAUCSL&cosd=1999-12-01&vintage_date=2021-08-11,2021-08-11,6611842fa129e1f70b66965f322a886c5129f54435358a79d3cacce50d70c457
CPIAUCSL,2021-08,2021-09-14,273.012,https://alfred.stlouisfed.org/graph/alfredgraph.csv?id=CPIAUCSL&cosd=1999-12-01&vintage_date=2021-09-14,2021-09-14,bb367d05a0a6f6ca0cbe4253c831e3b11273f90cb7521f053ca652e95506c15e
CPIAUCSL,2021-09,2021-10-13,274.138,https://alfred.stlouisfed.org/graph/alfredgraph.csv?id=CPIAUCSL&cosd=1999-12-01&vintage_date=2021-10-13,2021-10-13,5b174c9be222ae6a7dd0f62bfd09d139a5ec09649008b7edec89761940c432ed
CPIAUCSL,2021-10,2021-11-10,276.724,https://alfred.stlouisfed.org/graph/alfredgraph.csv?id=CPIAUCSL&cosd=1999-12-01&vintage_date=2021-11-10,2021-11-10,c257ea1950aa3a9dba2aa5a4991b980076a4b5750904d7a17319cee0c6bfa519
CPIAUCSL,2021-11,2021-12-10,278.880,https://alfred.stlouisfed.org/graph/alfredgraph.csv?id=CPIAUCSL&cosd=1999-12-01&vintage_date=2021-12-10,2021-12-10,31eb587e5385c8a2cd14d7ad2197afaf563afb21d0cae2a14f2fa23a58f43cc9
CPIAUCSL,2021-12,2022-01-12,280.192,https://alfred.stlouisfed.org/graph/alfredgraph.csv?id=CPIAUCSL&cosd=1999-12-01&vintage_date=2022-01-12,2022-01-12,6fc2d5ad6aec64cc11636605e86c0e572538b5300d52f0c237b0a335b6c99616
CPIAUCSL,2022-01,2022-02-10,281.933,https://alfred.stlouisfed.org/graph/alfredgraph.csv?id=CPIAUCSL&cosd=1999-12-01&vintage_date=2022-02-10,2022-02-10,936e5681cac15e7d5f605b33f3c4ef5d2418bdd0a0742db4301003567cc97ec0
CPIAUCSL,2022-02,2022-03-10,284.182,https://alfred.stlouisfed.org/graph/alfredgraph.csv?id=CPIAUCSL&cosd=1999-12-01&vintage_date=2022-03-10,2022-03-10,a793c5a30a6ec3252387f8cd84878002fb4e4eaf115371dfb160fb052894fc97
CPIAUCSL,2022-03,2022-04-12,287.708,https://alfred.stlouisfed.org/graph/alfredgraph.csv?id=CPIAUCSL&cosd=1999-12-01&vintage_date=2022-04-12,2022-04-12,dda6cc8bf9c6ffbfe0b154804292458b09f1de166afde3fe9dc782d6d7a9a77f
CPIAUCSL,2022-04,2022-05-11,288.663,https://alfred.stlouisfed.org/graph/alfredgraph.csv?id=CPIAUCSL&cosd=1999-12-01&vintage_date=2022-05-11,2022-05-11,3582db5de57361b728a71bb656c2dd52d299a360677914385edfcdbe980e9d9b
CPIAUCSL,2022-05,2022-06-10,291.474,https://alfred.stlouisfed.org/graph/alfredgraph.csv?id=CPIAUCSL&cosd=1999-12-01&vintage_date=2022-06-10,2022-06-10,578cd2d8f552419380fb86e702c75939dc838c29f8c37aac41ae45f7e1f7ecc0
CPIAUCSL,2022-06,2022-07-13,295.328,https://alfred.stlouisfed.org/graph/alfredgraph.csv?id=CPIAUCSL&cosd=1999-12-01&vintage_date=2022-07-13,2022-07-13,0ff28e4a27b09493e4d49f09412503ac6cdb9305e2017baf4c1f40da46acc53b
CPIAUCSL,2022-07,2022-08-10,295.271,https://alfred.stlouisfed.org/graph/alfredgraph.csv?id=CPIAUCSL&cosd=1999-12-01&vintage_date=2022-08-10,2022-08-10,372020337631010dc98eda98d991e9da972478c2417d9ed44bfecb58475aa826
CPIAUCSL,2022-08,2022-09-13,295.620,https://alfred.stlouisfed.org/graph/alfredgraph.csv?id=CPIAUCSL&cosd=1999-12-01&vintage_date=2022-09-13,2022-09-13,f460ac4f1661d55a36f3f50d13ee50457dc7cff9b5dcf0c6b580a91962aa2bd6
CPIAUCSL,2022-09,2022-10-13,296.761,https://alfred.stlouisfed.org/graph/alfredgraph.csv?id=CPIAUCSL&cosd=1999-12-01&vintage_date=2022-10-13,2022-10-13,0a708b2cb41cd3501c5eb5ddcfda77962deb3df340f67b8e9b5308b0b48eaa86
CPIAUCSL,2022-10,2022-11-10,298.062,https://alfred.stlouisfed.org/graph/alfredgraph.csv?id=CPIAUCSL&cosd=1999-12-01&vintage_date=2022-11-10,2022-11-10,81239c18af2ebff3b2f5446bb3825854247d118a4e1dcee7bea9ccab8132f8a7
CPIAUCSL,2022-11,2022-12-13,298.349,https://alfred.stlouisfed.org/graph/alfredgraph.csv?id=CPIAUCSL&cosd=1999-12-01&vintage_date=2022-12-13,2022-12-13,94206c3461e870db40995604ae77392bc22b0f863f457f4cd0a99ccd0452ffc2
CPIAUCSL,2022-12,2023-01-12,298.112,https://alfred.stlouisfed.org/graph/alfredgraph.csv?id=CPIAUCSL&cosd=1999-12-01&vintage_date=2023-01-12,2023-01-12,abbb081759a775027d1b3947bb5346e8e3dd40647ce68a505ced62381377d790
CPIAUCSL,2023-01,2023-02-14,300.536,https://alfred.stlouisfed.org/graph/alfredgraph.csv?id=CPIAUCSL&cosd=1999-12-01&vintage_date=2023-02-14,2023-02-14,ca740b6d4af885ce9c7274e2f05634187c9f3cfe2b995e45a5808687f037e8a2
CPIAUCSL,2023-02,2023-03-14,301.648,https://alfred.stlouisfed.org/graph/alfredgraph.csv?id=CPIAUCSL&cosd=1999-12-01&vintage_date=2023-03-14,2023-03-14,27b31b90ddc055e7a1a9f184a524b274041ccb8e091df6b4f6df70b3dd92b0ff
CPIAUCSL,2023-03,2023-04-12,301.808,https://alfred.stlouisfed.org/graph/alfredgraph.csv?id=CPIAUCSL&cosd=1999-12-01&vintage_date=2023-04-12,2023-04-12,b023d6f1521d3dee3e59d0c4455969d52b11f95e4e0ca55b04bfbb28f37ba494
CPIAUCSL,2023-04,2023-05-10,302.918,https://alfred.stlouisfed.org/graph/alfredgraph.csv?id=CPIAUCSL&cosd=1999-12-01&vintage_date=2023-05-10,2023-05-10,c2d43e58f8eeca676522a674873a60a1c802643ef18a1f11779df9b0acb0d59d
CPIAUCSL,2023-05,2023-06-13,303.294,https://alfred.stlouisfed.org/graph/alfredgraph.csv?id=CPIAUCSL&cosd=1999-12-01&vintage_date=2023-06-13,2023-06-13,36d2341bd400b6d84d120cbaceff49bd448635d8108b8b1b9df91ae056bda977
CPIAUCSL,2023-06,2023-07-12,303.841,https://alfred.stlouisfed.org/graph/alfredgraph.csv?id=CPIAUCSL&cosd=1999-12-01&vintage_date=2023-07-12,2023-07-12,8b95e40c5b7a812738ad0117a12539594fbae5371afda0b67fa5909d22a856c3
CPIAUCSL,2023-07,2023-08-10,304.348,https://alfred.stlouisfed.org/graph/alfredgraph.csv?id=CPIAUCSL&cosd=1999-12-01&vintage_date=2023-08-10,2023-08-10,3d7d27cac64799d62ef143d3f5e79ff38cb07bf591bdf87896b20391918bf30c
CPIAUCSL,2023-08,2023-09-13,306.269,https://alfred.stlouisfed.org/graph/alfredgraph.csv?id=CPIAUCSL&cosd=1999-12-01&vintage_date=2023-09-13,2023-09-13,6ca716aa4a2ee8ee10c4d8505772fa401b9edf955568db201fdfa6a71f2c4c2d
CPIAUCSL,2023-09,2023-10-12,307.481,https://alfred.stlouisfed.org/graph/alfredgraph.csv?id=CPIAUCSL&cosd=1999-12-01&vintage_date=2023-10-12,2023-10-12,1c19718f3857c29b3a7cf7a9c3ca02238ca8b6ccd52ec53cad5148c5147562c8
CPIAUCSL,2023-10,2023-11-14,307.619,https://alfred.stlouisfed.org/graph/alfredgraph.csv?id=CPIAUCSL&cosd=1999-12-01&vintage_date=2023-11-14,2023-11-14,80a54b5d1ef3ba6b3993d726e358cb0f981728fa5cc93710d9ad92e665cb429c
CPIAUCSL,2023-11,2023-12-12,307.917,https://alfred.stlouisfed.org/graph/alfredgraph.csv?id=CPIAUCSL&cosd=1999-12-01&vintage_date=2023-12-12,2023-12-12,19b24a8ed6c7f2176590f6144d38ad292e3816f8ed5d4a06ad043aefa7a23ae5
CPIAUCSL,2023-12,2024-01-11,308.850,https://alfred.stlouisfed.org/graph/alfredgraph.csv?id=CPIAUCSL&cosd=1999-12-01&vintage_date=2024-01-11,2024-01-11,7fc152268ac06ecd1adcb00638673d299d8a269a9944486585b41b8c415f89e8
CPIAUCSL,2024-01,2024-02-13,309.685,https://alfred.stlouisfed.org/graph/alfredgraph.csv?id=CPIAUCSL&cosd=1999-12-01&vintage_date=2024-02-13,2024-02-13,592b4cd1df135b31f7e756951ed6a7ed6b4bd1f316e193e48d555f771ce4aea5
CPIAUCSL,2024-02,2024-03-12,311.054,https://alfred.stlouisfed.org/graph/alfredgraph.csv?id=CPIAUCSL&cosd=1999-12-01&vintage_date=2024-03-12,2024-03-12,a30cbb8edf5190d81d5ccec9b8997f9cf58652bcec82ebd0d102b70dff4e4115
CPIAUCSL,2024-03,2024-04-10,312.230,https://alfred.stlouisfed.org/graph/alfredgraph.csv?id=CPIAUCSL&cosd=1999-12-01&vintage_date=2024-04-10,2024-04-10,f72020d94d89a238373104537f510f7fb8f417c3f5b57a0e1f87661ae5104a04
CPIAUCSL,2024-04,2024-05-15,313.207,https://alfred.stlouisfed.org/graph/alfredgraph.csv?id=CPIAUCSL&cosd=1999-12-01&vintage_date=2024-05-15,2024-05-15,7c1f334876d061f93f740482a74523eeb5204ff38060ddda658aa61d40b2ba84
CPIAUCSL,2024-05,2024-06-12,313.225,https://alfred.stlouisfed.org/graph/alfredgraph.csv?id=CPIAUCSL&cosd=1999-12-01&vintage_date=2024-06-12,2024-06-12,b5803b0c06f2a9a202a3b774d3f7f96260883d51d5fe0e1a3f4dc2f0ac605daa
CPIAUCSL,2024-06,2024-07-11,313.049,https://alfred.stlouisfed.org/graph/alfredgraph.csv?id=CPIAUCSL&cosd=1999-12-01&vintage_date=2024-07-11,2024-07-11,b751bb42bb75e38ff1eea2b117104a3e6f4ca985b9c5e6e0d36c593708fb8b60
CPIAUCSL,2024-07,2024-08-14,313.534,https://alfred.stlouisfed.org/graph/alfredgraph.csv?id=CPIAUCSL&cosd=1999-12-01&vintage_date=2024-08-14,2024-08-14,8c27fb98a6820d94f700aa3ebefc30e0655c5df2a9454bb0469dd0310f763114
CPIAUCSL,2024-08,2024-09-11,314.121,https://alfred.stlouisfed.org/graph/alfredgraph.csv?id=CPIAUCSL&cosd=1999-12-01&vintage_date=2024-09-11,2024-09-11,cff80594fc5e553e52a4e2f12b744af20c32e379579f0dbfb11101f3e508ab72
CPIAUCSL,2024-09,2024-10-10,314.686,https://alfred.stlouisfed.org/graph/alfredgraph.csv?id=CPIAUCSL&cosd=1999-12-01&vintage_date=2024-10-10,2024-10-10,6b7d2dceca2a8ac0658c518172dd95b2003d474312d613f53716343bf00da4ad
CPIAUCSL,2024-10,2024-11-13,315.454,https://alfred.stlouisfed.org/graph/alfredgraph.csv?id=CPIAUCSL&cosd=1999-12-01&vintage_date=2024-11-13,2024-11-13,91c34a074195b12ae6dd2d7386a1a47a91df37419e99b0df1a1f02004ec90504
CPIAUCSL,2024-11,2024-12-11,316.441,https://alfred.stlouisfed.org/graph/alfredgraph.csv?id=CPIAUCSL&cosd=1999-12-01&vintage_date=2024-12-11,2024-12-11,1b77a450978aa7dbbaad558d9c5cfcdd76c176bcd7faaf29fd97eeaacc66ec62
CPIAUCSL,2024-12,2025-01-15,317.685,https://alfred.stlouisfed.org/graph/alfredgraph.csv?id=CPIAUCSL&cosd=1999-12-01&vintage_date=2025-01-15,2025-01-15,5a504789ed43e52c223d9b40f05c91a16cebf4a06be520b7c84d25fa8c755fb8
CPIAUCSL,2025-01,2025-02-12,319.086,https://alfred.stlouisfed.org/graph/alfredgraph.csv?id=CPIAUCSL&cosd=1999-12-01&vintage_date=2025-02-12,2025-02-12,0d45906385a2b6157dcf54318cc5500705daf0776956b0fb72ec47b628ac5620
CPIAUCSL,2025-02,2025-03-12,319.775,https://alfred.stlouisfed.org/graph/alfredgraph.csv?id=CPIAUCSL&cosd=1999-12-01&vintage_date=2025-03-12,2025-03-12,2bc8044095481d703f0f4ebdb8b5643a2fcd2f6968be66ffe9467eec16597748
CPIAUCSL,2025-03,2025-04-10,319.615,https://alfred.stlouisfed.org/graph/alfredgraph.csv?id=CPIAUCSL&cosd=1999-12-01&vintage_date=2025-04-10,2025-04-10,e4ad71269880dc9b0b745a904c9a2e72e47075257264eb1a965c037822ae21e9
CPIAUCSL,2025-04,2025-05-13,320.321,https://alfred.stlouisfed.org/graph/alfredgraph.csv?id=CPIAUCSL&cosd=1999-12-01&vintage_date=2025-05-13,2025-05-13,9334d0f59835d38384addce99b82c231fe5c39b5b32b273af63eab9ef008a272
CPIAUCSL,2025-05,2025-06-11,320.580,https://alfred.stlouisfed.org/graph/alfredgraph.csv?id=CPIAUCSL&cosd=1999-12-01&vintage_date=2025-06-11,2025-06-11,7b9df443585057e76b1ec2b4525316c007d5b2c102b8a626cdebf5b7160149aa
CPIAUCSL,2025-06,2025-07-15,321.500,https://alfred.stlouisfed.org/graph/alfredgraph.csv?id=CPIAUCSL&cosd=1999-12-01&vintage_date=2025-07-15,2025-07-15,04a07d02ccc562d52c6db8267dc956bee301ec22681c668c8bc509ae5b947c02
CPIAUCSL,2025-07,2025-08-12,322.132,https://alfred.stlouisfed.org/graph/alfredgraph.csv?id=CPIAUCSL&cosd=1999-12-01&vintage_date=2025-08-12,2025-08-12,bbf4dff3eafb884044f91882fd25baa1d88ae7030d1ad2ab8e78fd8b492fc998
CPIAUCSL,2025-08,2025-09-11,323.364,https://alfred.stlouisfed.org/graph/alfredgraph.csv?id=CPIAUCSL&cosd=1999-12-01&vintage_date=2025-09-11,2025-09-11,e0d798448ca1676789dd697b0a62a75dbd45df752eeafec804d8c03a9839140a
CPIAUCSL,2025-09,2025-10-24,324.368,https://alfred.stlouisfed.org/graph/alfredgraph.csv?id=CPIAUCSL&cosd=1999-12-01&vintage_date=2025-10-24,2025-10-24,174232e6e8af6f3dac42a4bdf02ac9e34cb31c8f6832ce48990963292e2bb224
CPIAUCSL,2025-11,2025-12-18,325.031,https://alfred.stlouisfed.org/graph/alfredgraph.csv?id=CPIAUCSL&cosd=1999-12-01&vintage_date=2025-12-18,2025-12-18,85e6d4b8f38ebe09637471a63b40f7da0437b19c8314f7588e949bb4a6020145
CPIAUCSL,2025-12,2026-01-13,326.030,https://alfred.stlouisfed.org/graph/alfredgraph.csv?id=CPIAUCSL&cosd=1999-12-01&vintage_date=2026-01-13,2026-01-13,677fc603d5def39f68cb846f1eb18f48ab3c29bfe9dea7ca98c4888493e31c6f
CPIAUCSL,2026-01,2026-02-13,326.588,https://alfred.stlouisfed.org/graph/alfredgraph.csv?id=CPIAUCSL&cosd=1999-12-01&vintage_date=2026-02-13,2026-02-13,4074381e313c54594a1aeaf82a675bf381058fdf6dac3e0004ef0d07ff9a0aeb
CPIAUCSL,2026-02,2026-03-11,327.460,https://alfred.stlouisfed.org/graph/alfredgraph.csv?id=CPIAUCSL&cosd=1999-12-01&vintage_date=2026-03-11,2026-03-11,125a1bf132bf56339ee26da045f0e0fe4cdc9eeb4e34a0aba372683c5bea1e92
CPIAUCSL,2026-03,2026-04-10,330.293,https://alfred.stlouisfed.org/graph/alfredgraph.csv?id=CPIAUCSL&cosd=1999-12-01&vintage_date=2026-04-10,2026-04-10,03090ab226a6d79b02c6bd41cc28a6e00f3a5f748cdfff006d08b8616ef74274
CPIAUCSL,2026-04,2026-05-12,332.407,https://alfred.stlouisfed.org/graph/alfredgraph.csv?id=CPIAUCSL&cosd=1999-12-01&vintage_date=2026-05-12,2026-05-12,ce125709f183489474e09a866262ec3aad5f86e1536e2797407fc9de09e90d3d
CPIAUCSL,2026-05,2026-06-10,333.979,https://alfred.stlouisfed.org/graph/alfredgraph.csv?id=CPIAUCSL&cosd=1999-12-01&vintage_date=2026-06-10,2026-06-10,04074ea777f2d20e6efe354b01d32ee433409ab699838caa4b2aab3875f54131
CPIAUCSL,2026-06,2026-07-14,332.568,https://alfred.stlouisfed.org/graph/alfredgraph.csv?id=CPIAUCSL&cosd=1999-12-01&vintage_date=2026-07-14,2026-07-14,3da423966fb3c8a7b296af212a720adc723cb4032553f686377cb7d1206113e4
CPIAUCSL,2026-07,2026-08-12,332.813,https://alfred.stlouisfed.org/graph/alfredgraph.csv?id=CPIAUCSL&cosd=1999-12-01&vintage_date=2026-08-12,2026-08-12,9af134d492c7762a85ecd4adc58959683e0146f68379735bbc5c0da09282dfe6
